{"type":"FeatureCollection", "features": [
{"type":"Feature","geometry":{"type":"Polygon","coordinates":[[[-58.276349,-30.883309],[-58.427207,-30.847144],[-58.440247,-30.90254],[-58.466362,-30.945532],[-58.598485,-31.061906],[-58.408254,-31.238115],[-58.472097,-31.266764],[-58.274736,-31.662676],[-58.278983,-31.698534],[-58.086878,-31.734295],[-58.082169,-31.720195],[-58.036985,-31.727222],[-57.980418,-31.582832],[-58.082394,-31.457827],[-57.924361,-31.237158],[-58.273497,-31.037118],[-58.276349,-30.883309]]]},"properties":{"id":"30015","nombre":"Concordia","nombre_completo":"Departamento Concordia","provincia":{"id":"30","nombre":"Entre Ríos","interseccion":0},"fuente":"IGN","categoria":"Departamento","centroide":{"lon":-58.23786969,"lat":-31.290298372}}},
{"type":"Feature","geometry":{"type":"Polygon","coordinates":[[[-57.775461,-36.437637],[-57.986757,-36.277828],[-58.189421,-36.452361],[-58.101463,-36.521294],[-58.226176,-36.627666],[-58.114422,-36.728124],[-58.286543,-36.88103],[-58.019866,-37.075971],[-58.010671,-36.95872],[-57.70711,-36.76301],[-57.776365,-36.634535],[-57.848529,-36.555173],[-57.775461,-36.437637]]]},"properties":{"id":"06308","nombre":"General Guido","nombre_completo":"Partido de General Guido","provincia":{"id":"06","nombre":"Buenos Aires","interseccion":0},"fuente":"IGN","categoria":"Partido","centroide":{"lon":-57.995736595,"lat":-36.666034542}}},
{"type":"Feature","geometry":{"type":"Polygon","coordinates":[[[-57.08975,-36.829523],[-57.175823,-36.784425],[-57.304915,-37.003893],[-57.493385,-37.017144],[-57.486938,-37.104952],[-57.674815,-37.202944],[-57.21112,-37.533013],[-56.99197,-37.237095],[-56.819485,-37.025201],[-56.946978,-36.995091],[-57.08975,-36.829523]]]},"properties":{"id":"06315","nombre":"General Juan Madariaga","nombre_completo":"Partido de General Juan Madariaga","provincia":{"id":"06","nombre":"Buenos Aires","interseccion":0},"fuente":"IGN","categoria":"Partido","centroide":{"lon":-57.230660595,"lat":-37.153515719}}},
{"type":"Feature","geometry":{"type":"Polygon","coordinates":[[[-63.95628,-28.87133],[-64.109868,-28.833573],[-64.138749,-28.794371],[-64.194029,-28.759608],[-64.266086,-29.037323],[-64.513644,-29.034437],[-64.588736,-29.541817],[-64.275482,-29.498674],[-63.980802,-29.551029],[-63.957798,-29.623503],[-63.873856,-29.630787],[-63.841912,-29.580767],[-63.78377,-29.584167],[-63.756152,-29.621554],[-63.748408,-29.653277],[-63.465352,-29.664484],[-63.459617,-29.756934],[-63.270471,-29.779182],[-63.329398,-29.537482],[-63.678221,-29.412697],[-63.670601,-29.181853],[-63.794508,-29.217592],[-63.718758,-29.059204],[-63.919445,-28.937661],[-63.95628,-28.87133]]]},"properties":{"id":"86126","nombre":"Ojo de Agua","nombre_completo":"Departamento Ojo de Agua","provincia":{"id":"86","nombre":"Santiago del Estero","interseccion":0},"fuente":"IGN","categoria":"Departamento","centroide":{"lon":-64.014496788,"lat":-29.30437662}}},
{"type":"Feature","geometry":{"type":"Polygon","coordinates":[[[-64.620992,-28.165944],[-64.832009,-28.152719],[-64.948262,-28.273075],[-65.109555,-28.24081],[-65.097089,-28.470938],[-65.125891,-28.611468],[-65.184617,-28.60057],[-65.170609,-28.618386],[-64.901128,-28.841312],[-64.837596,-29.228569],[-64.785969,-29.405497],[-64.824628,-29.574305],[-64.588736,-29.541817],[-64.511834,-29.024096],[-64.512528,-28.524291],[-64.600486,-28.467636],[-64.448644,-28.383514],[-64.491941,-28.376022],[-64.481627,-28.331162],[-64.551091,-28.318785],[-64.512373,-28.316551],[-64.484102,-28.189785],[-64.620992,-28.165944]]]},"properties":{"id":"86063","nombre":"Choya","nombre_completo":"Departamento Choya","provincia":{"id":"86","nombre":"Santiago del Estero","interseccion":0},"fuente":"IGN","categoria":"Departamento","centroide":{"lon":-64.763892439,"lat":-28.7541678}}},
{"type":"Feature","geometry":{"type":"Polygon","coordinates":[[[-65.105896,-34.65324],[-65.251982,-34.652965],[-65.252487,-34.667778],[-65.567979,-34.668866],[-65.669827,-34.712299],[-65.97524,-34.712533],[-65.976425,-34.778612],[-66.099437,-34.772371],[-66.444764,-34.82397],[-66.529121,-34.812615],[-66.647346,-34.743403],[-66.606685,-34.774076],[-66.602525,-34.802116],[-66.544524,-34.88212],[-66.497841,-35.107648],[-66.496831,-35.172857],[-66.589446,-35.794422],[-66.622241,-35.848357],[-66.618112,-35.903025],[-66.628867,-35.928595],[-66.618706,-35.965267],[-66.637848,-36.000593],[-65.107809,-35.999062],[-65.105896,-34.65324]]]},"properties":{"id":"74042","nombre":"Gobernador Dupuy","nombre_completo":"Departamento Gobernador Dupuy","provincia":{"id":"74","nombre":"San Luis","interseccion":0},"fuente":"IGN","categoria":"Departamento","centroide":{"lon":-65.809487373,"lat":-35.368450623}}},
{"type":"Feature","geometry":{"type":"Polygon","coordinates":[[[-66.004563,-24.765538],[-66.097099,-24.74019],[-66.115883,-24.741516],[-66.09717,-24.793776],[-66.107618,-24.863221],[-66.128687,-24.929725],[-66.260708,-24.857007],[-66.326533,-24.863103],[-66.38481,-24.846698],[-66.411758,-24.812579],[-66.536916,-24.85054],[-66.593334,-24.99694],[-66.623626,-25.050215],[-66.609007,-25.063203],[-66.625702,-25.105998],[-66.578419,-25.101358],[-66.508422,-25.12786],[-66.399904,-25.127751],[-66.37963,-25.18638],[-66.32821,-25.146482],[-66.001562,-25.311373],[-65.867139,-25.241979],[-65.857427,-25.183597],[-65.888612,-25.154159],[-65.832878,-25.119739],[-65.892339,-25.020012],[-65.887355,-24.939189],[-66.004563,-24.765538]]]},"properties":{"id":"66014","nombre":"Cachi","nombre_completo":"Departamento Cachi","provincia":{"id":"66","nombre":"Salta","interseccion":0},"fuente":"IGN","categoria":"Departamento","centroide":{"lon":-66.202620089,"lat":-25.038755786}}},
{"type":"Feature","geometry":{"type":"Polygon","coordinates":[[[-62.049601,-37.971499],[-62.157986,-37.966556],[-62.346075,-38.136294],[-62.489683,-38.008184],[-62.575304,-38.075172],[-62.734431,-37.948674],[-62.814394,-38.010744],[-62.654714,-38.139112],[-62.735947,-38.202478],[-62.654991,-38.267006],[-62.899669,-38.456661],[-62.737221,-38.585843],[-62.648968,-38.516606],[-62.614458,-38.591618],[-62.387813,-38.408546],[-62.239765,-38.360879],[-62.220692,-38.43341],[-62.196342,-38.452023],[-62.08465,-38.362737],[-61.781602,-38.459945],[-61.740866,-38.408559],[-61.769883,-38.196911],[-61.792692,-38.137492],[-61.799747,-38.109579],[-61.930716,-38.008459],[-62.049601,-37.971499]]]},"properties":{"id":"06819","nombre":"Tornquist","nombre_completo":"Partido de Tornquist","provincia":{"id":"06","nombre":"Buenos Aires","interseccion":0},"fuente":"IGN","categoria":"Partido","centroide":{"lon":-62.290565998,"lat":-38.257642163}}},
{"type":"Feature","geometry":{"type":"Polygon","coordinates":[[[-67.176964,-33.073209],[-67.577193,-33.030746],[-67.718049,-33.446097],[-67.705027,-33.773079],[-67.50308,-33.769518],[-67.501198,-34.101327],[-67.151553,-34.110537],[-67.15524,-34.29586],[-66.775924,-34.297738],[-66.78426,-34.232558],[-66.747999,-34.222447],[-66.72946,-34.207391],[-66.666594,-33.957368],[-66.873256,-33.832946],[-66.949449,-33.731333],[-67.065912,-33.549979],[-67.095979,-33.503497],[-67.167223,-33.166178],[-67.184518,-33.127456],[-67.176964,-33.073209]]]},"properties":{"id":"50042","nombre":"La Paz","nombre_completo":"Departamento La Paz","provincia":{"id":"50","nombre":"Mendoza","interseccion":0},"fuente":"IGN","categoria":"Departamento","centroide":{"lon":-67.249723692,"lat":-33.70128532}}},
{"type":"Feature","geometry":{"type":"Polygon","coordinates":[[[-60.74377,-38.016051],[-61.026523,-37.802441],[-61.178034,-37.680843],[-61.682948,-38.0742],[-61.767389,-38.17245],[-61.769883,-38.196911],[-61.740866,-38.408559],[-61.778637,-38.579577],[-61.754178,-38.615251],[-61.728495,-38.657088],[-61.188565,-38.290579],[-61.077814,-38.293347],[-60.836122,-38.403817],[-60.740629,-38.330723],[-60.746873,-38.229951],[-60.718722,-38.224226],[-60.729234,-38.130242],[-60.676254,-38.093133],[-60.759493,-38.028543],[-60.74377,-38.016051]]]},"properties":{"id":"06196","nombre":"Coronel Pringles","nombre_completo":"Partido de Coronel Pringles","provincia":{"id":"06","nombre":"Buenos Aires","interseccion":0},"fuente":"IGN","categoria":"Partido","centroide":{"lon":-61.264417453,"lat":-38.147917269}}},
{"type":"Feature","geometry":{"type":"MultiPolygon","coordinates":[[[[-62.648968,-38.516606],[-62.737337,-38.585753],[-62.899669,-38.456661],[-63.38424,-38.829224],[-63.383269,-39.328492],[-63.013383,-39.503276],[-62.69157,-39.53479],[-62.616835,-39.548087],[-62.375086,-39.764014],[-62.370786,-39.775662],[-62.166528,-39.830179],[-62.0455,-39.447421],[-62.288497,-39.298638],[-62.010943,-39.35781],[-62.316916,-39.266054],[-62.237414,-39.251589],[-62.342234,-39.162954],[-62.354917,-38.75567],[-62.472886,-38.663293],[-62.607112,-38.616323],[-62.648968,-38.516606]]],[[[-61.998985,-39.090736],[-62.056797,-39.157665],[-61.86982,-39.244331],[-61.884796,-39.096584],[-61.909294,-39.162647],[-61.998985,-39.090736]]]]},"properties":{"id":"06875","nombre":"Villarino","nombre_completo":"Partido de Villarino","provincia":{"id":"06","nombre":"Buenos Aires","interseccion":0},"fuente":"IGN","categoria":"Partido","centroide":{"lon":-62.724598955,"lat":-39.128565233}}},
{"type":"Feature","geometry":{"type":"Polygon","coordinates":[[[-58.926033,-26.185305],[-58.926067,-26.018183],[-58.925861,-25.778561],[-58.604748,-25.777243],[-58.605099,-25.470652],[-59.053631,-25.174021],[-59.635147,-25.607523],[-59.597208,-26.130961],[-59.535484,-26.141322],[-59.420658,-26.1783],[-59.410298,-26.207102],[-59.397935,-26.258624],[-59.396067,-26.273781],[-59.024081,-26.38122],[-58.97486,-26.388461],[-58.974453,-26.185766],[-58.926033,-26.185305]]]},"properties":{"id":"34056","nombre":"Pirané","nombre_completo":"Departamento Pirané","provincia":{"id":"34","nombre":"Formosa","interseccion":0},"fuente":"IGN","categoria":"Departamento","centroide":{"lon":-59.159256397,"lat":-25.767291354}}},
{"type":"Feature","geometry":{"type":"Polygon","coordinates":[[[-67.151553,-34.110537],[-67.564508,-34.101853],[-67.647781,-34.201074],[-68.170582,-34.211408],[-68.349258,-34.180569],[-68.426408,-34.222665],[-68.513727,-34.210814],[-68.715751,-34.263365],[-68.811378,-34.370627],[-69.005924,-34.320006],[-69.05427,-34.579277],[-69.430972,-34.701672],[-69.904931,-34.337892],[-70.03228,-34.291253],[-70.182516,-34.706823],[-69.684878,-34.96685],[-69.514188,-35.229049],[-68.746042,-35.369369],[-68.489119,-35.58256],[-68.272235,-35.997622],[-67.194892,-35.999254],[-67.285389,-35.834122],[-67.415739,-35.722952],[-67.480783,-35.563322],[-67.647878,-35.391398],[-67.646371,-35.316551],[-67.715314,-35.240209],[-67.713886,-35.175946],[-67.710602,-35.118036],[-67.712105,-35.055092],[-67.713533,-35.003999],[-67.709561,-34.982425],[-67.665143,-34.622294],[-67.63429,-34.56702],[-67.426877,-34.558952],[-66.92139,-34.515427],[-66.84538,-34.492371],[-66.792953,-34.49162],[-66.756512,-34.511657],[-66.757402,-34.434509],[-66.795312,-34.411367],[-66.786874,-34.377675],[-66.799531,-34.335739],[-66.802799,-34.305715],[-66.775924,-34.297738],[-67.15524,-34.29586],[-67.151553,-34.110537]]]},"properties":{"id":"50105","nombre":"San Rafael","nombre_completo":"Departamento San Rafael","provincia":{"id":"50","nombre":"Mendoza","interseccion":0},"fuente":"IGN","categoria":"Departamento","centroide":{"lon":-68.384239784,"lat":-34.945449054}}},
{"type":"Feature","geometry":{"type":"Polygon","coordinates":[[[-63.530424,-24.127867],[-63.622533,-24.11262],[-63.644385,-24.223467],[-64.157975,-24.154824],[-64.180019,-24.263646],[-64.273769,-24.393327],[-64.421652,-24.402206],[-64.5,-24.506369],[-64.560132,-24.577229],[-64.727981,-24.704958],[-64.900865,-25.113908],[-64.93674,-25.175043],[-64.841488,-25.32039],[-64.823363,-25.348828],[-64.77649,-25.369003],[-64.704743,-25.379704],[-64.624151,-25.365077],[-64.570888,-25.314885],[-64.230615,-25.126692],[-64.15981,-25.108885],[-64.150523,-25.147516],[-64.096431,-25.172002],[-64.063123,-25.252055],[-64.057793,-25.276687],[-64.072351,-25.290636],[-64.055608,-25.32271],[-64.062956,-25.36116],[-63.941248,-25.551097],[-63.95921,-25.656348],[-63.949671,-25.669892],[-63.908701,-25.683048],[-63.660465,-25.685373],[-63.47552,-25.70995],[-63.070694,-25.243804],[-63.074614,-24.855589],[-63.233513,-24.856568],[-63.234117,-24.718762],[-62.936936,-24.715993],[-62.946539,-24.27423],[-63.026267,-24.234043],[-63.05305,-24.392224],[-63.160991,-24.221712],[-63.232061,-24.322049],[-63.376989,-24.304161],[-63.344785,-24.156739],[-63.426997,-24.144923],[-63.530424,-24.127867]]]},"properties":{"id":"66007","nombre":"Anta","nombre_completo":"Departamento Anta","provincia":{"id":"66","nombre":"Salta","interseccion":0},"fuente":"IGN","categoria":"Departamento","centroide":{"lon":-63.839726329,"lat":-24.875456354}}},
{"type":"Feature","geometry":{"type":"Polygon","coordinates":[[[-70.624778,-39.062613],[-70.610306,-39.037734],[-70.60282,-38.991622],[-70.660311,-38.923139],[-70.699994,-38.808583],[-70.849029,-38.723661],[-71.425424,-38.921642],[-71.390298,-39.455825],[-71.283848,-39.480529],[-71.231012,-39.46603],[-70.987854,-39.53293],[-70.957896,-39.522636],[-70.799971,-39.465096],[-70.741992,-39.049669],[-70.624778,-39.062613]]]},"properties":{"id":"58007","nombre":"Aluminé","nombre_completo":"Departamento Aluminé","provincia":{"id":"58","nombre":"Neuquén","interseccion":0},"fuente":"IGN","categoria":"Departamento","centroide":{"lon":-71.046317963,"lat":-39.131486354}}},
{"type":"Feature","geometry":{"type":"Polygon","coordinates":[[[-64.753304,-22.733214],[-64.794633,-22.512343],[-64.848544,-22.515669],[-64.84379,-22.599392],[-65.057623,-22.54435],[-65.15069,-22.60435],[-65.284689,-22.541436],[-65.345414,-22.528412],[-65.349185,-22.604747],[-65.271662,-22.64823],[-65.306061,-22.7304],[-65.274232,-22.790107],[-65.218238,-22.95895],[-65.133765,-23.001884],[-65.067974,-23.044948],[-64.940477,-23.031764],[-64.563392,-23.070215],[-64.519795,-22.831148],[-64.538519,-22.71013],[-64.600599,-22.66595],[-64.675731,-22.756896],[-64.743273,-22.797542],[-64.795665,-22.80117],[-64.753304,-22.733214]]]},"properties":{"id":"66070","nombre":"Iruya","nombre_completo":"Departamento Iruya","provincia":{"id":"66","nombre":"Salta","interseccion":0},"fuente":"IGN","categoria":"Departamento","centroide":{"lon":-64.920514125,"lat":-22.815345231}}},
{"type":"Feature","geometry":{"type":"Polygon","coordinates":[[[-71.329373,-40.065494],[-71.520715,-40.038741],[-71.674652,-40.02406],[-71.690467,-40.115203],[-71.83093,-40.107593],[-71.656117,-40.349728],[-71.708741,-40.42252],[-71.655306,-40.450462],[-71.605771,-40.461976],[-71.516596,-40.505824],[-70.864893,-40.597044],[-70.733127,-40.580054],[-70.57287,-40.489921],[-70.781879,-40.096974],[-70.876929,-40.066101],[-71.070068,-40.056756],[-71.329373,-40.065494]]]},"properties":{"id":"58056","nombre":"Lácar","nombre_completo":"Departamento Lácar","provincia":{"id":"58","nombre":"Neuquén","interseccion":0},"fuente":"IGN","categoria":"Departamento","centroide":{"lon":-71.184263963,"lat":-40.314223089}}},
{"type":"Feature","geometry":{"type":"Polygon","coordinates":[[[-65.664943,-28.335847],[-65.723505,-28.238313],[-65.793045,-28.244263],[-65.814534,-28.263025],[-65.761009,-28.38256],[-65.728521,-28.38715],[-65.727969,-28.429034],[-65.683302,-28.449203],[-65.663889,-28.427563],[-65.664943,-28.335847]]]},"properties":{"id":"10063","nombre":"Fray Mamerto Esquiú","nombre_completo":"Departamento Fray Mamerto Esquiú","provincia":{"id":"10","nombre":"Catamarca","interseccion":0},"fuente":"IGN","categoria":"Departamento","centroide":{"lon":-65.731187898,"lat":-28.334338272}}},
{"type":"Feature","geometry":{"type":"Polygon","coordinates":[[[-65.601511,-28.521085],[-65.604028,-28.493383],[-65.567382,-28.434426],[-65.562274,-28.421726],[-65.665792,-28.42202],[-65.684502,-28.449414],[-65.727485,-28.42948],[-65.769781,-28.487297],[-65.794178,-28.670333],[-65.84898,-28.749451],[-65.719812,-28.763087],[-65.689895,-28.788699],[-65.684067,-28.834937],[-65.651573,-28.780242],[-65.625053,-28.603404],[-65.601511,-28.521085]]]},"properties":{"id":"10112","nombre":"Valle Viejo","nombre_completo":"Departamento Valle Viejo","provincia":{"id":"10","nombre":"Catamarca","interseccion":0},"fuente":"IGN","categoria":"Departamento","centroide":{"lon":-65.707932416,"lat":-28.600068484}}},
{"type":"Feature","geometry":{"type":"Polygon","coordinates":[[[-58.303726,-27.36228],[-58.362566,-27.284342],[-58.616488,-27.318632],[-58.668787,-27.359092],[-58.707917,-27.366175],[-58.663376,-27.422672],[-58.636375,-27.474614],[-58.548492,-27.487389],[-58.455436,-27.416787],[-58.413815,-27.408903],[-58.355465,-27.397865],[-58.33744,-27.413374],[-58.324932,-27.359968],[-58.303726,-27.36228]]]},"properties":{"id":"18133","nombre":"San Cosme","nombre_completo":"Departamento San Cosme","provincia":{"id":"18","nombre":"Corrientes","interseccion":0},"fuente":"IGN","categoria":"Departamento","centroide":{"lon":-58.517474225,"lat":-27.382298677}}},
{"type":"Feature","geometry":{"type":"Polygon","coordinates":[[[-58.375089,-34.580539],[-58.389832,-34.57822],[-58.386831,-34.599311],[-58.392898,-34.599655],[-58.39032,-34.634142],[-58.379012,-34.629351],[-58.370931,-34.626665],[-58.355966,-34.617656],[-58.373872,-34.578714],[-58.375089,-34.580539]]]},"properties":{"id":"02007","nombre":"Comuna 1","nombre_completo":"Comuna 1","provincia":{"id":"02","nombre":"Ciudad Autónoma de Buenos Aires","interseccion":0},"fuente":"IGN","categoria":"Comuna","centroide":{"lon":-58.371511742,"lat":-34.606443542}}},
{"type":"Feature","geometry":{"type":"Polygon","coordinates":[[[-58.42383,-34.66228],[-58.355966,-34.617656],[-58.370931,-34.626665],[-58.379012,-34.629351],[-58.39032,-34.634142],[-58.391137,-34.627271],[-58.411746,-34.630373],[-58.411227,-34.638117],[-58.43231,-34.641759],[-58.430395,-34.649891],[-58.434399,-34.65313],[-58.42383,-34.66228]]]},"properties":{"id":"02028","nombre":"Comuna 4","nombre_completo":"Comuna 4","provincia":{"id":"02","nombre":"Ciudad Autónoma de Buenos Aires","interseccion":0},"fuente":"IGN","categoria":"Comuna","centroide":{"lon":-58.387561403,"lat":-34.642112895}}},
{"type":"Feature","geometry":{"type":"Polygon","coordinates":[[[-68.032832,-32.085743],[-68.073254,-32.098972],[-68.122795,-32.09977],[-68.18817,-32.10918],[-68.247932,-32.091545],[-68.301063,-32.13919],[-68.461208,-32.139189],[-68.461209,-32.238052],[-68.503185,-32.339279],[-68.576282,-32.384426],[-68.658012,-32.655867],[-68.697131,-32.800484],[-68.637709,-32.833743],[-68.65114,-32.858402],[-68.60439,-32.838917],[-68.456153,-32.869302],[-68.466721,-32.841828],[-68.444515,-32.802454],[-68.3662,-32.767372],[-67.958553,-32.738206],[-67.956693,-32.988781],[-67.176964,-33.073209],[-67.197989,-33.044171],[-67.166335,-32.758716],[-67.310131,-32.424741],[-67.472911,-32.306686],[-67.522397,-32.221168],[-67.848616,-32.222933],[-67.962798,-32.11914],[-67.989273,-32.097178],[-68.032832,-32.085743]]]},"properties":{"id":"50056","nombre":"Lavalle","nombre_completo":"Departamento Lavalle","provincia":{"id":"50","nombre":"Mendoza","interseccion":0},"fuente":"IGN","categoria":"Departamento","centroide":{"lon":-67.896691264,"lat":-32.575467562}}},
{"type":"Feature","geometry":{"type":"Polygon","coordinates":[[[-70.182516,-34.706823],[-70.307672,-34.751068],[-70.37502,-35.170222],[-70.583686,-35.26716],[-70.431893,-35.318292],[-70.368271,-35.519503],[-70.423798,-35.641065],[-70.311964,-35.813164],[-70.421966,-35.876586],[-70.397378,-36.119489],[-70.394986,-36.194329],[-70.266651,-36.322405],[-70.075919,-36.606619],[-70.02208,-36.665844],[-69.920033,-36.762267],[-69.873573,-36.811398],[-69.752076,-36.886167],[-69.755634,-37.068641],[-69.396988,-37.171903],[-69.268318,-37.144501],[-69.172879,-37.177907],[-69.064131,-37.223647],[-69.038293,-37.255636],[-69.049299,-37.314666],[-68.254253,-37.571931],[-68.250183,-36.172485],[-68.29641,-35.997622],[-68.272235,-35.997622],[-68.489119,-35.58256],[-68.746042,-35.369369],[-69.514188,-35.229049],[-69.684878,-34.96685],[-70.182516,-34.706823]]]},"properties":{"id":"50077","nombre":"Malargüe","nombre_completo":"Departamento Malargüe","provincia":{"id":"50","nombre":"Mendoza","interseccion":0},"fuente":"IGN","categoria":"Departamento","centroide":{"lon":-69.313081046,"lat":-36.158940038}}},
{"type":"Feature","geometry":{"type":"Polygon","coordinates":[[[-66.825668,-39.910592],[-67.8722,-39.810904],[-68.231467,-40.073122],[-68.008524,-40.158163],[-68.085672,-42],[-66.87689,-42.000001],[-66.825668,-39.910592]]]},"properties":{"id":"62049","nombre":"9 de Julio","nombre_completo":"Departamento 9 de Julio","provincia":{"id":"62","nombre":"Río Negro","interseccion":0},"fuente":"IGN","categoria":"Departamento","centroide":{"lon":-67.457491656,"lat":-40.925551471}}},
{"type":"Feature","geometry":{"type":"Polygon","coordinates":[[[-58.874287,-29.551758],[-58.859653,-29.478859],[-59.056438,-29.580484],[-59.261703,-29.78327],[-59.307452,-29.800356],[-59.382051,-29.824443],[-59.545568,-30.016549],[-59.56948,-30.01901],[-59.636584,-30.237456],[-59.693453,-30.313123],[-59.587769,-30.434822],[-59.490212,-30.344331],[-59.323732,-30.354244],[-59.241691,-30.365739],[-59.171678,-30.318092],[-59.136577,-30.286569],[-59.126222,-30.1824],[-59.025436,-29.851475],[-58.875225,-29.726542],[-58.730675,-29.589212],[-58.874287,-29.551758]]]},"properties":{"id":"18049","nombre":"Esquina","nombre_completo":"Departamento Esquina","provincia":{"id":"18","nombre":"Corrientes","interseccion":0},"fuente":"IGN","categoria":"Departamento","centroide":{"lon":-59.241381842,"lat":-29.985327367}}},
{"type":"Feature","geometry":{"type":"Polygon","coordinates":[[[-57.793517,-27.341484],[-58.246744,-27.261516],[-58.360749,-27.28336],[-58.303726,-27.36228],[-58.324932,-27.359968],[-58.33744,-27.413374],[-58.22031,-27.443373],[-57.980827,-27.402863],[-57.875954,-27.43956],[-57.742363,-27.355633],[-57.793517,-27.341484]]]},"properties":{"id":"18077","nombre":"Itatí","nombre_completo":"Departamento Itatí","provincia":{"id":"18","nombre":"Corrientes","interseccion":0},"fuente":"IGN","categoria":"Departamento","centroide":{"lon":-58.071381791,"lat":-27.346055929}}},
{"type":"Feature","geometry":{"type":"Polygon","coordinates":[[[-69.38953,-42],[-69.755269,-41.505187],[-70.269747,-41.415254],[-70.61638,-41.41339],[-70.813149,-41.522904],[-70.929197,-41.427589],[-71.030404,-41.541884],[-71.229505,-41.499819],[-71.225455,-41.665367],[-71.306414,-41.820942],[-71.174853,-42],[-69.38953,-42]]]},"properties":{"id":"62056","nombre":"Ñorquinco","nombre_completo":"Departamento Ñorquinco","provincia":{"id":"62","nombre":"Río Negro","interseccion":0},"fuente":"IGN","categoria":"Departamento","centroide":{"lon":-70.401145909,"lat":-41.739822928}}},
{"type":"Feature","geometry":{"type":"Polygon","coordinates":[[[-68.823961,-39.374926],[-69.285972,-38.999886],[-69.620834,-39.253027],[-69.713348,-39.178849],[-70.028095,-39.415426],[-69.528097,-39.814447],[-69.348962,-39.712095],[-68.823961,-39.374926]]]},"properties":{"id":"58098","nombre":"Picún Leufú","nombre_completo":"Departamento Picún Leufú","provincia":{"id":"58","nombre":"Neuquén","interseccion":0},"fuente":"IGN","categoria":"Departamento","centroide":{"lon":-69.427190721,"lat":-39.403965224}}},
{"type":"Feature","geometry":{"type":"Polygon","coordinates":[[[-69.538805,-38.491846],[-69.661406,-38.509097],[-70.140058,-38.782845],[-70.486552,-39.038677],[-70.317268,-39.131235],[-70.150027,-39.190773],[-69.944274,-39.283323],[-69.713348,-39.178849],[-69.620834,-39.253027],[-69.285972,-38.999886],[-69.547513,-38.79324],[-69.317686,-38.614622],[-69.348167,-38.599545],[-69.428269,-38.503524],[-69.538805,-38.491846]]]},"properties":{"id":"58112","nombre":"Zapala","nombre_completo":"Departamento Zapala","provincia":{"id":"58","nombre":"Neuquén","interseccion":0},"fuente":"IGN","categoria":"Departamento","centroide":{"lon":-69.822368201,"lat":-38.922176526}}},
{"type":"Feature","geometry":{"type":"Polygon","coordinates":[[[-54.657898,-26.456334],[-54.800544,-26.536115],[-54.801548,-26.649533],[-54.664549,-26.95507],[-54.565882,-26.914184],[-54.545772,-26.830228],[-54.262895,-26.641646],[-54.277892,-26.48025],[-54.62954,-26.489761],[-54.671029,-26.46957],[-54.657898,-26.456334]]]},"properties":{"id":"54084","nombre":"Montecarlo","nombre_completo":"Departamento Montecarlo","provincia":{"id":"54","nombre":"Misiones","interseccion":0},"fuente":"IGN","categoria":"Departamento","centroide":{"lon":-54.563177451,"lat":-26.657908187}}},
{"type":"Feature","geometry":{"type":"Polygon","coordinates":[[[-54.320803,-26.142357],[-54.433017,-26.121155],[-54.572614,-26.148546],[-54.618322,-26.148715],[-54.657898,-26.456334],[-54.671029,-26.46957],[-54.62954,-26.489761],[-54.277892,-26.48025],[-54.263902,-26.290063],[-54.239713,-26.276477],[-54.225816,-26.268092],[-54.16467,-26.268011],[-54.165532,-26.216812],[-54.142696,-26.142655],[-54.320803,-26.142357]]]},"properties":{"id":"54042","nombre":"Eldorado","nombre_completo":"Departamento Eldorado","provincia":{"id":"54","nombre":"Misiones","interseccion":0},"fuente":"IGN","categoria":"Departamento","centroide":{"lon":-54.440736339,"lat":-26.313844997}}},
{"type":"Feature","geometry":{"type":"Polygon","coordinates":[[[-53.794184,-26.25523],[-53.886702,-26.255269],[-53.986864,-26.268135],[-54.225816,-26.268092],[-54.239713,-26.276477],[-54.263902,-26.290063],[-54.262895,-26.641646],[-54.188296,-26.667199],[-54.237413,-26.803561],[-54.134838,-26.78728],[-54.022495,-26.90282],[-54.035132,-26.94365],[-53.996802,-27.009179],[-53.97696,-27.018606],[-53.936134,-27.035494],[-53.908243,-27.070149],[-53.885245,-27.058455],[-53.926137,-27.124057],[-53.798266,-27.145836],[-53.672652,-26.945626],[-53.71969,-26.46672],[-53.794184,-26.25523]]]},"properties":{"id":"54112","nombre":"San Pedro","nombre_completo":"Departamento San Pedro","provincia":{"id":"54","nombre":"Misiones","interseccion":0},"fuente":"IGN","categoria":"Departamento","centroide":{"lon":-53.962978042,"lat":-26.629960774}}},
{"type":"Feature","geometry":{"type":"MultiPolygon","coordinates":[[[[-25,-75.87687],[-25.930256,-75.925404],[-26.709333,-76.150328],[-28.860082,-76.350755],[-30.154137,-76.627459],[-30.490451,-76.809333],[-31.720617,-76.980858],[-31.924485,-77.153844],[-32.625225,-77.127527],[-33.718477,-77.310169],[-34.730157,-77.628426],[-34.478402,-77.850007],[-35.352856,-77.853973],[-36.518918,-78.605832],[-36.270467,-78.84527],[-34.648374,-79.017589],[-33.72257,-79.221561],[-32.642635,-79.257173],[-30.265069,-79.043189],[-29.945632,-79.126941],[-30.577895,-79.282097],[-29.542989,-79.278008],[-30.746879,-79.578118],[-32.149336,-79.664214],[-31.75735,-79.736494],[-31.980563,-79.848307],[-30.163138,-80.045955],[-27.365169,-79.968342],[-26.019609,-80.094835],[-29.742368,-80.154249],[-29.746357,-80.259],[-31.233922,-80.292767],[-30.642849,-80.480885],[-31.953444,-80.425496],[-32.888117,-80.534423],[-33.480694,-80.4996],[-33.167038,-80.553468],[-34.000558,-80.649098],[-35.211025,-80.598776],[-35.183868,-80.72219],[-37.28768,-81.084912],[-38.804489,-80.86395],[-41.553525,-81.334475],[-44.057814,-82.400037],[-45.641496,-82.522778],[-45.809765,-82.453896],[-46.191165,-82.547711],[-46.683916,-82.404689],[-45.985403,-82.133739],[-46.23865,-81.915921],[-47.292898,-82.071421],[-47.544897,-81.93037],[-48.375162,-81.89804],[-50.755837,-81.962442],[-52.701179,-82.162299],[-54.236525,-82.183953],[-55.155385,-82.517715],[-55.900441,-82.471603],[-59.593772,-83.467711],[-61.867191,-83.372497],[-61.047893,-82.915738],[-62.2343,-83.029521],[-62.817224,-82.52367],[-60.415283,-82.176939],[-62.135404,-82.297014],[-63.070452,-82.252517],[-64.403976,-82.419151],[-64.496667,-82.358869],[-65.105522,-82.405527],[-65.221095,-82.27234],[-66.099435,-82.300559],[-65.634803,-81.990549],[-66.257431,-81.949154],[-63.519585,-81.850277],[-63.524762,-81.775861],[-65.184578,-81.777054],[-64.762396,-81.636092],[-64.704808,-81.697885],[-63.888056,-81.609145],[-64.016594,-81.701333],[-63.359761,-81.638206],[-63.34292,-81.704491],[-62.405809,-81.71498],[-62.302047,-81.563719],[-65.244444,-81.52905],[-68.672949,-81.019894],[-69.991437,-80.977882],[-70.792444,-80.615766],[-72.438974,-80.742364],[-72.599507,-80.963417],[-74,-80.828779],[-74,-90],[-25,-90],[-25,-75.87687]]],[[[-57.276351,-63.223908],[-57.875773,-63.31327],[-58.042947,-63.422808],[-58.158478,-63.379208],[-58.15677,-63.473442],[-58.972956,-63.550466],[-58.935293,-63.67408],[-59.415471,-63.726573],[-59.427507,-63.91176],[-59.847815,-63.773867],[-59.959201,-63.956616],[-60.30669,-63.912387],[-60.761308,-64.089326],[-60.991817,-64.044197],[-60.833931,-64.150963],[-60.938877,-64.302459],[-61.597367,-64.430394],[-61.4395,-64.491622],[-61.616975,-64.534932],[-61.541677,-64.646043],[-61.713503,-64.642026],[-61.812198,-64.490764],[-61.931976,-64.675843],[-62.286178,-64.770379],[-62.459422,-64.590186],[-62.704801,-64.769777],[-62.383555,-64.874199],[-62.590225,-64.918301],[-62.820389,-64.804636],[-62.85135,-64.920446],[-63.265175,-64.955238],[-62.992245,-65.025064],[-63.088632,-65.167504],[-63.262954,-65.197082],[-63.239669,-65.085215],[-63.900414,-65.057088],[-64.10017,-65.409004],[-63.690163,-65.504963],[-63.790545,-65.601307],[-64.122264,-65.511764],[-64.064292,-65.695402],[-64.478277,-65.629618],[-64.350295,-65.798732],[-64.686555,-65.769185],[-64.447703,-65.959462],[-64.572881,-66.037237],[-65.085724,-65.933771],[-65.33922,-65.984041],[-65.146183,-66.186509],[-65.729988,-66.144345],[-65.878613,-66.32059],[-65.550544,-66.400949],[-65.722985,-66.740605],[-66.130534,-66.586824],[-66.566019,-66.660752],[-66.45368,-67.333986],[-66.706287,-67.188598],[-66.798911,-67.306613],[-66.991637,-67.280788],[-66.961859,-66.927204],[-67.127613,-67.019115],[-67.22131,-66.962534],[-67.312695,-67.109748],[-67.509733,-67.04905],[-67.633997,-67.554883],[-67.123389,-67.476049],[-66.639274,-67.542035],[-66.490135,-67.488639],[-66.972761,-67.68641],[-66.733816,-67.728224],[-67.099395,-67.773764],[-66.761456,-67.776246],[-66.838141,-67.913347],[-67.293288,-67.95981],[-66.953397,-68.221987],[-66.62092,-68.236899],[-66.780939,-68.316174],[-67.180231,-68.279991],[-66.941774,-68.349429],[-67.201722,-68.50831],[-66.963732,-68.756525],[-67.48981,-68.831269],[-66.762207,-69.061358],[-66.896051,-69.222249],[-67.275132,-69.300278],[-67.316927,-69.519644],[-68.271479,-69.279165],[-68.30747,-69.403784],[-68.839769,-69.42502],[-68.332177,-69.695455],[-68.489134,-70.049111],[-67.958155,-70.304224],[-67.387969,-71.007928],[-67.624535,-71.5317],[-66.85143,-71.898917],[-66.75144,-72.132847],[-67.644636,-72.873221],[-70.277437,-73.281294],[-71.330113,-73.280318],[-71.456887,-73.360324],[-72.459341,-73.377721],[-72.352059,-73.456964],[-72.619319,-73.471025],[-73.100843,-73.420564],[-74,-73.642575],[-74,-76.691346],[-71.618015,-76.765587],[-69.948363,-76.686382],[-70.078483,-76.492011],[-69.768657,-76.461609],[-70.130308,-76.412194],[-67.945144,-76.230114],[-68.15542,-76.175042],[-67.835058,-76.122825],[-66.265688,-76.01332],[-63.250589,-75.428904],[-63.233903,-75.337337],[-64.442643,-75.321099],[-64.168257,-75.214081],[-63.035434,-75.142046],[-63.311823,-75.00994],[-64.083465,-75.005828],[-63.531642,-74.86377],[-63.052778,-74.901555],[-63.267809,-74.666261],[-62.740718,-74.734151],[-62.430078,-74.997329],[-61.790372,-74.771257],[-62.354269,-74.404375],[-61.339674,-74.549186],[-60.670691,-74.323269],[-60.783116,-74.241672],[-61.385105,-74.33686],[-61.644621,-74.291229],[-61.034363,-74.086437],[-61.851664,-74.042659],[-61.592905,-73.974058],[-61.832397,-73.918948],[-61.411901,-73.870186],[-60.98276,-73.959925],[-60.729646,-73.696101],[-61.105425,-73.736664],[-60.760422,-73.590478],[-61.549237,-73.456087],[-61.69363,-73.534106],[-61.944531,-73.380064],[-61.522747,-73.388967],[-61.840713,-73.248626],[-61.603026,-73.282866],[-62.070526,-73.135491],[-61.277164,-73.202131],[-61.055034,-73.350957],[-60.86906,-73.253921],[-60.696696,-73.396451],[-60.59052,-73.191575],[-60.365843,-73.327524],[-59.995743,-73.260668],[-59.943999,-72.897],[-60.310427,-73.056199],[-60.53483,-72.98094],[-60.762349,-73.072384],[-60.526435,-72.657783],[-61.02156,-72.693932],[-61.125883,-72.788895],[-61.394686,-72.671347],[-61.177253,-72.658491],[-61.476829,-72.408852],[-60.640362,-72.430813],[-61.002215,-72.360463],[-60.650835,-72.330569],[-60.693622,-72.229647],[-61.09281,-72.186027],[-60.674619,-72.114704],[-60.675574,-71.995724],[-61.160368,-72.058965],[-61.156639,-72.166283],[-61.707882,-72.041704],[-62.254509,-72.129975],[-62.09901,-72.015026],[-62.494833,-71.929075],[-61.088963,-71.870813],[-61.11448,-71.723781],[-60.789508,-71.780369],[-61.157869,-71.532408],[-61.587727,-71.690786],[-62.128323,-71.65513],[-61.132603,-71.416503],[-61.392861,-71.317577],[-60.968461,-71.37049],[-61.282988,-71.229132],[-60.920865,-71.19918],[-61.374673,-71.018419],[-61.290031,-70.85883],[-62.062502,-70.898309],[-62.128425,-70.723024],[-61.822006,-70.737819],[-61.354801,-70.578354],[-61.472652,-70.492853],[-62.21521,-70.565183],[-62.134712,-70.429112],[-62.436167,-70.399909],[-62.387802,-70.217725],[-62.057097,-70.304339],[-61.862438,-70.215217],[-62.561104,-69.84638],[-62.405589,-69.506491],[-62.770575,-69.346091],[-63.019759,-69.358797],[-63.184917,-69.156078],[-63.440738,-69.166486],[-63.32307,-69.049302],[-63.924222,-68.972482],[-63.385902,-68.941646],[-63.526696,-68.808157],[-63.197228,-68.853574],[-63.856618,-68.697777],[-63.761713,-68.579532],[-63.290335,-68.454392],[-62.924949,-68.511227],[-62.848652,-68.435801],[-63.427519,-68.413736],[-64.262884,-68.574263],[-64.03666,-68.83542],[-64.405811,-68.729424],[-64.510405,-68.78116],[-64.681091,-68.663687],[-65.272109,-68.630167],[-65.352328,-68.558791],[-64.976959,-68.403317],[-65.509871,-68.321574],[-64.753834,-68.113373],[-64.935777,-68.02368],[-65.264736,-68.176431],[-65.76129,-68.163015],[-65.311748,-67.989707],[-65.697367,-67.876899],[-65.321476,-67.66556],[-65.633464,-67.497905],[-65.447369,-67.298953],[-65.304281,-67.398642],[-64.754786,-67.320931],[-65.02871,-67.220504],[-64.724979,-67.098987],[-64.979211,-67.033403],[-64.684977,-66.987953],[-64.747849,-66.841337],[-64.541789,-66.756429],[-64.509289,-66.89972],[-64.309168,-66.836089],[-64.101398,-66.937354],[-63.735,-66.899298],[-63.772941,-66.770277],[-64.145345,-66.64471],[-64.018567,-66.562104],[-63.795183,-66.599404],[-63.868147,-66.384615],[-63.554915,-66.394655],[-63.798406,-66.191272],[-63.198721,-66.272631],[-62.626813,-66.743316],[-62.426871,-66.654011],[-62.722908,-66.58005],[-62.515197,-66.474412],[-62.717555,-66.245505],[-61.965838,-66.209523],[-61.760338,-66.476054],[-61.739707,-66.232392],[-61.492137,-66.262024],[-61.301236,-66.150853],[-60.98036,-66.348019],[-60.879176,-66.189803],[-61.045951,-66.089096],[-60.91535,-66.037692],[-60.703341,-66.134211],[-60.531508,-65.961767],[-61.017968,-65.910925],[-61.07133,-66.048184],[-61.341652,-65.918925],[-61.317117,-66.089525],[-61.62047,-66.014712],[-61.847605,-66.127907],[-62.045063,-66.105973],[-62.416787,-65.855708],[-62.084412,-65.600936],[-61.697609,-65.534469],[-62.219872,-65.454316],[-61.996865,-65.385951],[-62.317322,-65.333528],[-61.967719,-65.185711],[-61.602151,-65.239681],[-61.693536,-64.997842],[-61.054961,-65.030271],[-59.97808,-64.390578],[-59.754797,-64.431301],[-59.651646,-64.604207],[-59.480678,-64.308616],[-59.373174,-64.431149],[-59.002899,-64.426396],[-58.81534,-64.558986],[-58.931823,-64.371318],[-58.756748,-64.287172],[-59.150656,-64.232285],[-58.803971,-64.216934],[-58.705734,-63.993325],[-58.276446,-63.728724],[-57.609114,-63.635362],[-57.723772,-63.558075],[-57.37445,-63.556627],[-57.439754,-63.446962],[-57.140554,-63.484257],[-57.13347,-63.655911],[-56.765422,-63.601906],[-57.058767,-63.413001],[-57.04106,-63.263962],[-57.276351,-63.223908]]],[[[-46.882158,-77.777974],[-47.618904,-77.796162],[-49.003037,-78.026274],[-49.667936,-78.283067],[-50.231361,-78.65105],[-50.301988,-79.566018],[-52.182852,-80.137162],[-53.705629,-80.294442],[-54.315084,-80.738389],[-53.933392,-80.879447],[-51.133167,-80.864213],[-49.835351,-80.791561],[-49.372646,-80.629271],[-46.185405,-80.545927],[-43.736311,-80.218709],[-43.442504,-80.11044],[-43.822219,-79.969813],[-43.136115,-79.95077],[-42.961557,-79.513318],[-43.478556,-78.930823],[-43.769639,-78.794813],[-45.382894,-78.776975],[-44.987875,-78.627568],[-43.928328,-78.596678],[-43.757982,-78.279381],[-44.94053,-77.942582],[-46.882158,-77.777974]]],[[[-70.34,-68.816831],[-71.595571,-68.85604],[-72.211102,-69.096184],[-71.63351,-69.448869],[-71.838004,-70.017711],[-71.06635,-70.249179],[-70.742077,-70.121127],[-69.749668,-70.342854],[-70.149606,-70.31592],[-70.977155,-70.450933],[-71.20841,-70.752013],[-70.116947,-70.893202],[-69.823901,-70.837758],[-69.811054,-70.929403],[-71.363346,-70.963301],[-71.63169,-71.151986],[-72.386901,-71.049113],[-73.003563,-71.094792],[-73.005162,-71.207208],[-72.224071,-71.312761],[-72.246888,-71.376592],[-73.601031,-71.319414],[-73.323346,-71.545854],[-73.487123,-71.605462],[-74,-71.419569],[-74,-72.163132],[-73.505316,-72.006],[-73.900979,-71.836819],[-72.874814,-71.927612],[-72.278088,-71.620527],[-71.79473,-71.894299],[-70.706634,-71.872576],[-70.841692,-72.005807],[-72.044146,-72.155218],[-71.392302,-72.282045],[-70.421268,-72.130447],[-70.214317,-72.289044],[-70.927271,-72.397331],[-72.814188,-72.289452],[-73.162255,-72.449286],[-72.757454,-72.601492],[-72.457411,-72.561807],[-72.394664,-72.668925],[-70.925235,-72.658672],[-70.783025,-72.567237],[-70.546656,-72.681237],[-69.239588,-72.543486],[-68.771456,-72.22903],[-68.419317,-72.223535],[-68.209742,-71.867428],[-68.333732,-70.791144],[-69.181943,-70.053373],[-69.323755,-69.629854],[-69.748956,-69.278062],[-70.114499,-69.272679],[-69.990063,-69.097899],[-70.34,-68.816831]]],[[[-59.804235,-80.346161],[-59.88444,-79.837244],[-60.443868,-79.74191],[-61.221456,-79.875642],[-61.215974,-80.268663],[-62.098288,-80.404672],[-63.436981,-80.467639],[-65.732862,-80.398151],[-66.198842,-80.19843],[-66.824864,-80.327468],[-64.611965,-80.724197],[-63.128663,-80.604863],[-62.870283,-80.800014],[-61.042587,-80.960366],[-60.184702,-80.850533],[-59.804235,-80.346161]]],[[[-70.722748,-79.702084],[-67.410892,-78.658023],[-67.348584,-78.456757],[-69.488222,-78.701094],[-71.179994,-79.048101],[-71.810152,-79.4972],[-70.722748,-79.702084]]],[[[-67.687715,-66.623563],[-68.329904,-66.783821],[-69.127948,-67.434129],[-68.902264,-67.76661],[-68.551601,-67.742895],[-68.42375,-67.559116],[-68.128362,-67.572378],[-67.974304,-67.470143],[-67.942085,-67.401843],[-68.255218,-67.366664],[-67.675564,-67.153824],[-68.021369,-66.943841],[-67.687715,-66.623563]]],[[[-73.652636,-77.515035],[-74,-77.485808],[-74,-78.098896],[-72.750187,-77.677931],[-72.727496,-77.584624],[-73.652636,-77.515035]]],[[[-57.806447,-63.800537],[-58.296676,-63.910564],[-58.174441,-63.983501],[-58.4573,-64.09097],[-58.09671,-64.127682],[-58.310598,-64.326354],[-58.028739,-64.35529],[-57.98087,-64.450746],[-57.79399,-64.34953],[-57.313026,-64.382102],[-57.402392,-64.285427],[-57.062228,-64.176037],[-57.511323,-64.021612],[-57.453847,-63.914585],[-57.864682,-64.075818],[-57.806447,-63.800537]]],[[[-63.344604,-64.246388],[-63.577972,-64.268014],[-63.655921,-64.419699],[-63.940557,-64.458084],[-63.859183,-64.508232],[-64.305211,-64.703864],[-63.722957,-64.854428],[-62.816589,-64.567139],[-63.021171,-64.512397],[-63.284296,-64.581204],[-63.091102,-64.454084],[-63.247628,-64.475211],[-63.172272,-64.387125],[-63.366605,-64.4405],[-63.152942,-64.30966],[-63.344604,-64.246388]]],[[[-55.596284,-63.120817],[-56.132512,-63.155316],[-56.557524,-63.37389],[-56.363133,-63.442867],[-55.899338,-63.294031],[-55.073225,-63.335982],[-55.051307,-63.228457],[-55.596284,-63.120817]]],[[[-61.807603,-69.539453],[-62.086722,-69.230407],[-62.509453,-69.151928],[-62.116106,-69.729092],[-61.807603,-69.539453]]],[[[-57.679813,-61.897356],[-58.42482,-61.934318],[-59.028457,-62.218971],[-58.829952,-62.158077],[-58.791322,-62.23107],[-58.467311,-62.23524],[-58.456111,-62.160463],[-58.636406,-62.176118],[-58.437795,-62.056806],[-58.229557,-62.18752],[-58.133507,-62.054272],[-57.576693,-62.027091],[-57.679813,-61.897356]]],[[[-62.460563,-64.009339],[-62.586845,-64.453205],[-62.794431,-64.484123],[-62.603036,-64.530124],[-62.170384,-64.364025],[-62.049499,-64.214576],[-62.213452,-64.177879],[-61.994532,-64.144164],[-62.460563,-64.009339]]],[[[-72.670116,-69.415124],[-72.967957,-69.484704],[-72.796773,-69.650843],[-72.016765,-69.707723],[-72.670116,-69.415124]]],[[[-60.124071,-62.464664],[-60.596996,-62.576905],[-60.794712,-62.454442],[-60.82988,-62.583794],[-61.184592,-62.574149],[-61.182182,-62.672413],[-60.351699,-62.612165],[-60.31226,-62.764197],[-59.805204,-62.611625],[-59.994732,-62.631481],[-60.124071,-62.464664]]],[[[-65.767002,-65.521269],[-65.964477,-65.549938],[-66.13859,-65.886236],[-65.795545,-65.840617],[-65.767002,-65.521269]]],[[[-73.595245,-70.674188],[-74,-70.551034],[-74,-70.872896],[-73.595245,-70.674188]]],[[[-60.522278,-70.511216],[-60.96532,-70.54889],[-60.868714,-70.712494],[-60.530255,-70.671775],[-60.522278,-70.511216]]],[[[-67.232471,-67.590079],[-67.754016,-67.659774],[-67.700438,-67.7675],[-67.296195,-67.737128],[-67.232471,-67.590079]]],[[[-56.487522,-62.977375],[-56.623733,-63.0532],[-56.331786,-63.186881],[-56.046997,-63.076245],[-56.094354,-63.001506],[-56.487522,-62.977375]]],[[[-55.351504,-61.058321],[-55.473656,-61.128344],[-55.217387,-61.280944],[-55.039888,-61.161671],[-54.644795,-61.115409],[-55.351504,-61.058321]]],[[[-73.578351,-73.181119],[-73.634278,-73.091503],[-73.867816,-73.111882],[-74,-73.371255],[-73.578351,-73.181119]]],[[[-45.674201,-60.529284],[-45.91915,-60.523142],[-46.023885,-60.63468],[-45.780481,-60.58778],[-45.161599,-60.730544],[-45.235253,-60.618792],[-45.674201,-60.529284]]],[[[-56.952866,-64.441282],[-56.927474,-64.328612],[-57.443932,-64.44278],[-57.433299,-64.552696],[-56.952866,-64.441282]]],[[[-55.944879,-63.398806],[-56.258836,-63.483181],[-56.008985,-63.589638],[-55.725064,-63.50347],[-55.944879,-63.398806]]],[[[-71.629525,-70.307018],[-71.821878,-70.294986],[-71.609445,-70.456451],[-71.320729,-70.298832],[-71.629525,-70.307018]]],[[[-60.603628,-71.07026],[-60.540224,-70.9465],[-60.768641,-70.912611],[-60.959061,-70.977403],[-60.603628,-71.07026]]],[[[-57.336373,-63.799055],[-57.687386,-63.801596],[-57.620138,-63.910976],[-57.052092,-63.839973],[-57.336373,-63.799055]]],[[[-67.282696,-66.773716],[-67.496697,-66.736045],[-67.603826,-66.884243],[-67.393358,-66.91104],[-67.282696,-66.773716]]],[[[-66.622319,-66.066885],[-66.885861,-66.331187],[-66.60902,-66.21136],[-66.622319,-66.066885]]],[[[-60.783194,-63.675588],[-60.83212,-63.92023],[-60.557432,-63.701109],[-60.783194,-63.675588]]],[[[-59.03202,-62.237849],[-59.244442,-62.302978],[-58.826432,-62.313486],[-59.03202,-62.237849]]],[[[-64.727253,-67.595278],[-65.007822,-67.617066],[-64.94256,-67.690602],[-64.614501,-67.654656],[-64.727253,-67.595278]]],[[[-59.785881,-62.440837],[-60.032906,-62.453129],[-59.57655,-62.545257],[-59.785881,-62.440837]]],[[[-63.243629,-64.790216],[-63.168954,-64.714979],[-63.596751,-64.90952],[-63.243629,-64.790216]]],[[[-59.618726,-62.326066],[-59.682485,-62.392641],[-59.377995,-62.448513],[-59.618726,-62.326066]]],[[[-62.2059,-63.23306],[-62.267206,-63.36175],[-61.957003,-63.336912],[-62.2059,-63.23306]]],[[[-67.054023,-67.506524],[-67.178635,-67.590195],[-66.812134,-67.521159],[-67.054023,-67.506524]]],[[[-53.964963,-61.112328],[-54.191959,-61.275244],[-54.042658,-61.297731],[-53.964963,-61.112328]]],[[[-60.593989,-62.89795],[-60.752655,-62.946153],[-60.605652,-63.021655],[-60.593989,-62.89795]]],[[[-44.521746,-60.677077],[-44.813202,-60.722419],[-44.702077,-60.783898],[-44.394153,-60.72464],[-44.521746,-60.677077]]],[[[-55.582499,-61.468555],[-55.702407,-61.477917],[-55.445807,-61.493284],[-55.582499,-61.468555]]]]},"properties":{"id":"94028","nombre":"Antártida Argentina","nombre_completo":"Departamento Antártida Argentina","provincia":{"id":"94","nombre":"Tierra del Fuego, Antártida e Islas del Atlántico Sur","interseccion":0},"fuente":"IGN","categoria":"Departamento","centroide":{"lon":-50.648030604,"lat":-82.777676655}}},
{"type":"Feature","geometry":{"type":"Polygon","coordinates":[[[-70.475292,-36.173573],[-70.569452,-36.132659],[-70.706203,-36.272585],[-70.712979,-36.427768],[-70.883775,-36.396241],[-70.893884,-36.471272],[-71.03855,-36.477716],[-71.009206,-36.691237],[-71.113255,-36.679445],[-71.180011,-36.841421],[-71.088013,-36.938019],[-71.222396,-36.978246],[-71.092386,-37.114238],[-71.165814,-37.302829],[-71.144906,-37.336187],[-70.726089,-37.331474],[-70.712596,-37.344917],[-70.61173,-37.379645],[-70.585726,-37.382905],[-70.557754,-37.364921],[-70.511776,-37.36528],[-70.475292,-36.173573]]]},"properties":{"id":"58077","nombre":"Minas","nombre_completo":"Departamento Minas","provincia":{"id":"58","nombre":"Neuquén","interseccion":0},"fuente":"IGN","categoria":"Departamento","centroide":{"lon":-70.78364815,"lat":-36.858557894}}},
{"type":"Feature","geometry":{"type":"Polygon","coordinates":[[[-70.394986,-36.194329],[-70.397378,-36.119489],[-70.475292,-36.173573],[-70.511776,-37.36528],[-70.459221,-37.365292],[-70.411466,-37.386267],[-70.171906,-37.476582],[-70.083882,-37.474926],[-70.105758,-37.433927],[-70.021455,-37.285391],[-70.042544,-36.659048],[-70.075919,-36.606619],[-70.266651,-36.322405],[-70.394986,-36.194329]]]},"properties":{"id":"58042","nombre":"Chos Malal","nombre_completo":"Departamento Chos Malal","provincia":{"id":"58","nombre":"Neuquén","interseccion":0},"fuente":"IGN","categoria":"Departamento","centroide":{"lon":-70.28637931,"lat":-36.880564189}}},
{"type":"Feature","geometry":{"type":"Polygon","coordinates":[[[-69.428106,-42],[-71.773935,-42],[-71.781727,-42.14808],[-72.171532,-42.139365],[-72.131864,-42.384323],[-72.022884,-42.477251],[-71.62722,-42.485283],[-71.437975,-42.708548],[-71.348404,-42.782856],[-71.356194,-42.794006],[-71.291641,-42.858246],[-71.046548,-42.946801],[-70.9363,-42.863559],[-70.58451,-42.866515],[-70.588524,-42.850605],[-70.516617,-42.737694],[-70.434868,-42.647797],[-70.349319,-42.59602],[-70.308586,-42.603612],[-70.293552,-42.632624],[-70.266319,-42.641312],[-70.210304,-42.623962],[-70.148346,-42.629265],[-70.097839,-42.640221],[-70.041779,-42.673031],[-69.847496,-42.624424],[-69.595955,-42.693699],[-69.56617,-42.713474],[-69.505287,-42.796757],[-69.428106,-42]]]},"properties":{"id":"26014","nombre":"Cushamen","nombre_completo":"Departamento Cushamen","provincia":{"id":"26","nombre":"Chubut","interseccion":0},"fuente":"IGN","categoria":"Departamento","centroide":{"lon":-70.711997803,"lat":-42.366397304}}},
{"type":"Feature","geometry":{"type":"Polygon","coordinates":[[[-69.686653,-47.161301],[-69.656198,-46.001314],[-71.644901,-46],[-71.914554,-46.139819],[-71.726883,-46.2719],[-71.643424,-46.681816],[-71.955377,-46.814422],[-71.892121,-47.227183],[-71.571472,-47.363857],[-70.768875,-47.319878],[-69.734406,-48.322083],[-69.686653,-47.161301]]]},"properties":{"id":"78035","nombre":"Lago Buenos Aires","nombre_completo":"Departamento Lago Buenos Aires","provincia":{"id":"78","nombre":"Santa Cruz","interseccion":0},"fuente":"IGN","categoria":"Departamento","centroide":{"lon":-70.631399574,"lat":-46.834204371}}},
{"type":"Feature","geometry":{"type":"Polygon","coordinates":[[[-65.186567,-22.08535],[-65.80486,-22.075218],[-65.825285,-22.187725],[-65.959124,-22.193969],[-65.986105,-22.403345],[-65.547583,-22.47944],[-65.50771,-22.525873],[-65.348637,-22.551182],[-65.347124,-22.520101],[-65.281721,-22.413425],[-65.22678,-22.320674],[-65.186567,-22.08535]]]},"properties":{"id":"38112","nombre":"Yavi","nombre_completo":"Departamento Yavi","provincia":{"id":"38","nombre":"Jujuy","interseccion":0},"fuente":"IGN","categoria":"Departamento","centroide":{"lon":-65.566739421,"lat":-22.290645261}}},
{"type":"Feature","geometry":{"type":"Polygon","coordinates":[[[-65.825285,-22.187725],[-65.924778,-21.93355],[-66.220983,-21.780857],[-66.288604,-22.086955],[-66.739278,-22.238458],[-66.762596,-22.363838],[-66.68159,-22.377814],[-66.565865,-22.419575],[-66.491328,-22.374998],[-66.464004,-22.311949],[-66.414029,-22.246449],[-66.349806,-22.282337],[-66.059483,-22.258443],[-65.986105,-22.403345],[-65.959124,-22.193969],[-65.825285,-22.187725]]]},"properties":{"id":"38077","nombre":"Santa Catalina","nombre_completo":"Departamento Santa Catalina","provincia":{"id":"38","nombre":"Jujuy","interseccion":0},"fuente":"IGN","categoria":"Departamento","centroide":{"lon":-66.227261408,"lat":-22.137640685}}},
{"type":"Feature","geometry":{"type":"Polygon","coordinates":[[[-64.721683,-24.097049],[-64.705842,-24.062857],[-64.734948,-24.061659],[-64.783415,-24.094527],[-64.805849,-24.090474],[-64.851211,-24.073995],[-64.851977,-24.050893],[-64.881109,-24.025541],[-64.945088,-24.011917],[-65.001268,-24.02221],[-65.048972,-24.180411],[-65.063637,-24.292581],[-65.034814,-24.318778],[-65.02065,-24.36499],[-64.899818,-24.383277],[-64.954036,-24.449699],[-64.842698,-24.467085],[-64.773558,-24.502514],[-64.674172,-24.603871],[-64.560132,-24.577229],[-64.547269,-24.421422],[-64.495878,-24.3015],[-64.578961,-24.320586],[-64.691722,-24.335168],[-64.692782,-24.209367],[-64.721683,-24.097049]]]},"properties":{"id":"38063","nombre":"San Pedro","nombre_completo":"Departamento San Pedro","provincia":{"id":"38","nombre":"Jujuy","interseccion":0},"fuente":"IGN","categoria":"Departamento","centroide":{"lon":-64.810989906,"lat":-24.298508317}}},
{"type":"Feature","geometry":{"type":"Polygon","coordinates":[[[-65.038648,-23.226904],[-65.084494,-23.197085],[-65.178899,-23.319711],[-65.16654,-23.371413],[-65.137437,-23.417315],[-65.131344,-23.530703],[-65.084799,-23.601817],[-64.920149,-23.706415],[-64.859555,-23.583328],[-64.868444,-23.447421],[-65.038648,-23.226904]]]},"properties":{"id":"38105","nombre":"Valle Grande","nombre_completo":"Departamento Valle Grande","provincia":{"id":"38","nombre":"Jujuy","interseccion":0},"fuente":"IGN","categoria":"Departamento","centroide":{"lon":-65.012019344,"lat":-23.466614061}}},
{"type":"Feature","geometry":{"type":"Polygon","coordinates":[[[-58.891744,-24.715016],[-60.039006,-24.011656],[-60.365049,-24.020311],[-61.146874,-24.798902],[-61.130735,-24.820147],[-61.092683,-24.834913],[-60.940093,-25.004408],[-60.529648,-25.171784],[-60.101402,-25.657542],[-60.063374,-25.673913],[-60.011559,-25.729469],[-59.954992,-25.769936],[-59.943108,-25.773379],[-59.649268,-26.119455],[-59.626247,-26.13434],[-59.635147,-25.607523],[-58.891178,-25.05196],[-58.891744,-24.715016]]]},"properties":{"id":"34035","nombre":"Patiño","nombre_completo":"Departamento Patiño","provincia":{"id":"34","nombre":"Formosa","interseccion":0},"fuente":"IGN","categoria":"Departamento","centroide":{"lon":-59.958428013,"lat":-24.875008186}}},
{"type":"Feature","geometry":{"type":"Polygon","coordinates":[[[-60.365049,-24.020311],[-60.986809,-23.812867],[-61.12189,-23.584904],[-61.494122,-23.424436],[-61.851766,-23.09446],[-61.834751,-24.314226],[-61.798592,-24.336345],[-61.597515,-24.438221],[-61.596403,-24.479293],[-61.521751,-24.518061],[-61.477249,-24.57523],[-61.382725,-24.612757],[-61.230062,-24.635205],[-61.156381,-24.785016],[-60.365049,-24.020311]]]},"properties":{"id":"34007","nombre":"Bermejo","nombre_completo":"Departamento Bermejo","provincia":{"id":"34","nombre":"Formosa","interseccion":0},"fuente":"IGN","categoria":"Departamento","centroide":{"lon":-61.282861177,"lat":-24.025499022}}},
{"type":"Feature","geometry":{"type":"Polygon","coordinates":[[[-66.281764,-22.999309],[-66.593584,-22.999308],[-66.991219,-22.999306],[-67.213047,-23.694917],[-66.941121,-23.984036],[-66.880641,-23.974391],[-66.745738,-24.089232],[-66.543626,-24.207638],[-66.483355,-24.212998],[-66.368141,-23.971905],[-66.353303,-23.825257],[-66.330341,-23.656613],[-66.219331,-23.485261],[-66.198332,-23.391699],[-66.105877,-23.223333],[-66.281764,-22.999309]]]},"properties":{"id":"38084","nombre":"Susques","nombre_completo":"Departamento Susques","provincia":{"id":"38","nombre":"Jujuy","interseccion":0},"fuente":"IGN","categoria":"Departamento","centroide":{"lon":-66.66171188,"lat":-23.520671093}}},
{"type":"Feature","geometry":{"type":"Polygon","coordinates":[[[-66.941121,-23.984036],[-67.213047,-23.694917],[-67.322617,-24.034158],[-68.259893,-24.402328],[-68.495805,-24.600214],[-68.568755,-24.794125],[-68.344244,-25.11077],[-68.507172,-25.168313],[-67.864601,-25.2384],[-66.879266,-25.241731],[-66.537045,-25.265645],[-66.537308,-25.203123],[-66.620646,-25.142169],[-66.626505,-25.125263],[-66.609007,-25.063203],[-66.623626,-25.050215],[-66.593334,-24.99694],[-66.536916,-24.85054],[-66.411758,-24.812579],[-66.425666,-24.747335],[-66.408601,-24.69963],[-66.367719,-24.607145],[-66.360639,-24.53866],[-66.50996,-24.295203],[-66.502095,-24.242702],[-66.236525,-24.437775],[-66.154788,-24.016113],[-66.359835,-23.912194],[-66.368141,-23.971905],[-66.483355,-24.212998],[-66.543626,-24.207638],[-66.745738,-24.089232],[-66.880641,-23.974391],[-66.941121,-23.984036]]]},"properties":{"id":"66105","nombre":"Los Andes","nombre_completo":"Departamento Los Andes","provincia":{"id":"66","nombre":"Salta","interseccion":0},"fuente":"IGN","categoria":"Departamento","centroide":{"lon":-67.34409569,"lat":-24.642624898}}},
{"type":"Feature","geometry":{"type":"Polygon","coordinates":[[[-64.325086,-22.916284],[-64.41208,-22.538378],[-64.503468,-22.521971],[-64.503304,-22.606767],[-64.547039,-22.661683],[-64.585723,-22.679236],[-64.519795,-22.831148],[-64.563392,-23.070215],[-64.940477,-23.031764],[-65.067974,-23.044948],[-65.06221,-23.11878],[-65.04502,-23.155738],[-65.038648,-23.226904],[-64.868444,-23.447421],[-64.787476,-23.496161],[-64.738427,-23.467616],[-64.657688,-23.483167],[-64.49587,-23.567137],[-64.448334,-23.639416],[-64.393192,-23.610071],[-64.402164,-23.596546],[-64.351539,-23.531639],[-64.157057,-23.518042],[-64.157975,-24.154824],[-63.644385,-24.223467],[-63.622533,-24.11262],[-63.530424,-24.127867],[-63.45781,-23.706357],[-63.437018,-23.710302],[-63.405991,-23.515259],[-63.499552,-23.451129],[-63.662444,-23.390945],[-63.844335,-23.323429],[-64.162403,-23.273137],[-64.177626,-23.234533],[-64.214077,-23.182128],[-64.20368,-23.182071],[-64.203406,-23.122796],[-64.2388,-23.096327],[-64.281585,-23.028942],[-64.32722,-22.953351],[-64.325086,-22.916284]]]},"properties":{"id":"66126","nombre":"Orán","nombre_completo":"Departamento Orán","provincia":{"id":"66","nombre":"Salta","interseccion":0},"fuente":"IGN","categoria":"Departamento","centroide":{"lon":-64.15094565,"lat":-23.498791632}}},
{"type":"Feature","geometry":{"type":"Polygon","coordinates":[[[-65.436049,-23.332132],[-65.531636,-23.312469],[-65.689892,-23.375792],[-65.63494,-23.383065],[-65.559881,-23.520134],[-65.488136,-23.684273],[-65.351938,-23.711975],[-65.375205,-23.784315],[-65.291785,-23.822511],[-65.2708,-23.827985],[-65.23274,-23.790473],[-65.096747,-23.856643],[-65.087896,-23.73797],[-65.017522,-23.694086],[-65.084799,-23.601817],[-65.131344,-23.530703],[-65.137437,-23.417315],[-65.16654,-23.371413],[-65.178899,-23.319711],[-65.338717,-23.39106],[-65.436049,-23.332132]]]},"properties":{"id":"38094","nombre":"Tilcara","nombre_completo":"Departamento Tilcara","provincia":{"id":"38","nombre":"Jujuy","interseccion":0},"fuente":"IGN","categoria":"Departamento","centroide":{"lon":-65.32001059,"lat":-23.560401518}}},
{"type":"Feature","geometry":{"type":"Polygon","coordinates":[[[-65.048972,-24.180411],[-65.053842,-24.015478],[-65.102649,-24.023392],[-65.120497,-24.04186],[-65.131425,-24.086728],[-65.158354,-24.095359],[-65.209135,-24.108155],[-65.240761,-24.12938],[-65.204266,-24.230209],[-65.257119,-24.229782],[-65.228055,-24.254578],[-65.234957,-24.276729],[-65.178695,-24.278348],[-65.138524,-24.334937],[-65.02065,-24.36499],[-65.034814,-24.318778],[-65.063637,-24.292581],[-65.048972,-24.180411]]]},"properties":{"id":"38042","nombre":"Palpalá","nombre_completo":"Departamento Palpalá","provincia":{"id":"38","nombre":"Jujuy","interseccion":0},"fuente":"IGN","categoria":"Departamento","centroide":{"lon":-65.12644981,"lat":-24.194922517}}},
{"type":"Feature","geometry":{"type":"Polygon","coordinates":[[[-71.232634,-44.653839],[-71.291816,-44.813948],[-71.474207,-44.737073],[-72.073821,-44.780641],[-72.03367,-44.904762],[-71.55931,-44.97765],[-71.332978,-45.241385],[-71.529458,-45.392704],[-71.46892,-45.493636],[-71.76353,-45.56031],[-71.644901,-46],[-69.648058,-45.999938],[-69.626785,-44.681366],[-71.232634,-44.653839]]]},"properties":{"id":"26084","nombre":"Río Senguer","nombre_completo":"Departamento Río Senguer","provincia":{"id":"26","nombre":"Chubut","interseccion":0},"fuente":"IGN","categoria":"Departamento","centroide":{"lon":-70.64008501,"lat":-45.340559189}}},
{"type":"Feature","geometry":{"type":"Polygon","coordinates":[[[-71.621887,-41.034912],[-71.861077,-41.031024],[-71.91208,-41.34057],[-71.773935,-42],[-71.174853,-42],[-71.306414,-41.820942],[-71.225455,-41.665367],[-71.231433,-41.385483],[-71.224325,-41.336063],[-71.217216,-41.296482],[-71.156315,-41.18218],[-71.143307,-41.108589],[-71.145962,-41.084671],[-71.306213,-41.100098],[-71.621887,-41.034912]]]},"properties":{"id":"62021","nombre":"Bariloche","nombre_completo":"Departamento Bariloche","provincia":{"id":"62","nombre":"Río Negro","interseccion":0},"fuente":"IGN","categoria":"Departamento","centroide":{"lon":-71.531086306,"lat":-41.498137665}}},
{"type":"Feature","geometry":{"type":"Polygon","coordinates":[[[-71.231012,-39.46603],[-71.283848,-39.480529],[-71.390298,-39.455825],[-71.534296,-39.529454],[-71.501742,-39.637683],[-71.689351,-39.574348],[-71.691903,-39.84029],[-71.592495,-39.901158],[-71.674652,-40.02406],[-71.520715,-40.038741],[-71.329373,-40.065494],[-71.070068,-40.056756],[-70.876929,-40.066101],[-70.839293,-40.026043],[-70.848332,-39.902218],[-70.862122,-39.86119],[-70.922745,-39.778501],[-70.881952,-39.736228],[-70.880704,-39.668027],[-70.935105,-39.594358],[-70.955067,-39.550282],[-70.987854,-39.53293],[-71.231012,-39.46603]]]},"properties":{"id":"58049","nombre":"Huiliches","nombre_completo":"Departamento Huiliches","provincia":{"id":"58","nombre":"Neuquén","interseccion":0},"fuente":"IGN","categoria":"Departamento","centroide":{"lon":-71.259002554,"lat":-39.794677678}}},
{"type":"Feature","geometry":{"type":"Polygon","coordinates":[[[-67.156049,-38.35332],[-67.126857,-36.799484],[-68.246762,-36.802758],[-68.254253,-37.571931],[-68.219311,-37.58824],[-67.785583,-37.652283],[-67.781655,-37.89547],[-67.888425,-38.000379],[-67.73033,-38.075764],[-67.718628,-38.130371],[-67.528687,-38.25769],[-67.261108,-38.217102],[-67.156049,-38.35332]]]},"properties":{"id":"42112","nombre":"Puelén","nombre_completo":"Departamento Puelén","provincia":{"id":"42","nombre":"La Pampa","interseccion":0},"fuente":"IGN","categoria":"Departamento","centroide":{"lon":-67.604532904,"lat":-37.434521538}}},
{"type":"Feature","geometry":{"type":"Polygon","coordinates":[[[-63.739373,-28.930951],[-63.919445,-28.937661],[-63.718758,-29.059204],[-63.794508,-29.217592],[-63.670601,-29.181853],[-63.678221,-29.412697],[-63.329398,-29.537482],[-63.270471,-29.779182],[-62.805775,-29.781894],[-62.848975,-29.748771],[-62.883792,-29.636459],[-63.128039,-29.405347],[-63.133464,-29.317827],[-63.159373,-29.310802],[-63.158121,-29.29132],[-63.214187,-29.238999],[-63.361975,-29.128414],[-63.649933,-28.929705],[-63.739373,-28.930951]]]},"properties":{"id":"86140","nombre":"Quebrachos","nombre_completo":"Departamento Quebrachos","provincia":{"id":"86","nombre":"Santiago del Estero","interseccion":0},"fuente":"IGN","categoria":"Departamento","centroide":{"lon":-63.348416122,"lat":-29.388323402}}},
{"type":"Feature","geometry":{"type":"Polygon","coordinates":[[[-57.842949,-29.93601],[-57.915768,-29.837383],[-57.975395,-29.821497],[-58.070851,-29.859671],[-58.076622,-29.893145],[-57.992395,-29.978565],[-58.047894,-30.350441],[-58.069126,-30.544908],[-57.809509,-30.730192],[-57.889609,-30.510684],[-57.64292,-30.341905],[-57.628218,-30.174459],[-57.566921,-30.042349],[-57.609131,-30.020803],[-57.744267,-29.968199],[-57.842949,-29.93601]]]},"properties":{"id":"18112","nombre":"Monte Caseros","nombre_completo":"Departamento Monte Caseros","provincia":{"id":"18","nombre":"Corrientes","interseccion":0},"fuente":"IGN","categoria":"Departamento","centroide":{"lon":-57.870301872,"lat":-30.228961235}}},
{"type":"Feature","geometry":{"type":"Polygon","coordinates":[[[-60.903808,-30.712209],[-60.892471,-30.669304],[-61.178514,-30.60969],[-61.391599,-31.539274],[-61.499352,-31.588328],[-61.558839,-31.850133],[-61.397582,-31.878353],[-61.390017,-31.84665],[-61.17021,-31.831338],[-60.99311,-31.864302],[-60.94998,-31.729764],[-60.767397,-31.601959],[-60.778141,-31.569023],[-60.789072,-31.353955],[-60.89485,-31.369588],[-60.902902,-31.307581],[-60.893328,-31.243292],[-60.848769,-31.182422],[-60.83054,-31.177341],[-60.791878,-31.118545],[-60.776111,-31.108733],[-60.846651,-31.05507],[-60.825705,-30.980242],[-60.833799,-30.824306],[-60.891425,-30.763084],[-60.903808,-30.712209]]]},"properties":{"id":"82070","nombre":"Las Colonias","nombre_completo":"Departamento Las Colonias","provincia":{"id":"82","nombre":"Santa Fe","interseccion":0},"fuente":"IGN","categoria":"Departamento","centroide":{"lon":-61.109480802,"lat":-31.315337904}}},
{"type":"Feature","geometry":{"type":"Polygon","coordinates":[[[-60.279628,-29.978878],[-60.641704,-29.921942],[-60.720537,-29.910136],[-60.693082,-29.96201],[-60.674972,-30.518738],[-60.660998,-30.550125],[-60.609042,-30.63401],[-60.590904,-30.66633],[-60.608211,-30.70327],[-60.626187,-30.731605],[-60.794664,-30.782878],[-60.833799,-30.824306],[-60.825705,-30.980242],[-60.657902,-31.042098],[-60.670258,-31.11194],[-60.549294,-31.132315],[-60.573853,-31.188017],[-60.449525,-31.21305],[-60.441108,-31.167413],[-60.320619,-31.041976],[-60.284595,-30.858082],[-60.255977,-30.768866],[-60.241688,-30.762519],[-60.239543,-30.72082],[-60.21216,-30.688568],[-60.33889,-30.669237],[-60.345331,-30.632268],[-60.350825,-30.509989],[-60.324556,-30.496502],[-60.274333,-30.432186],[-60.225415,-30.374006],[-60.214034,-30.344894],[-60.194649,-30.318675],[-60.215981,-30.307021],[-60.167669,-30.218485],[-60.118725,-30.13375],[-60.154073,-30.163424],[-60.156643,-30.124144],[-60.212132,-30.067661],[-60.279628,-29.978878]]]},"properties":{"id":"82112","nombre":"San Justo","nombre_completo":"Departamento San Justo","provincia":{"id":"82","nombre":"Santa Fe","interseccion":0},"fuente":"IGN","categoria":"Departamento","centroide":{"lon":-60.488694067,"lat":-30.530424814}}},
{"type":"Feature","geometry":{"type":"Polygon","coordinates":[[[-61.236707,-29.545887],[-61.353688,-29.839635],[-61.906989,-29.778501],[-61.991675,-29.661599],[-62.130653,-30.480433],[-61.844051,-30.750383],[-61.438066,-30.77608],[-61.42313,-30.711694],[-61.209783,-30.747944],[-61.178514,-30.60969],[-60.892471,-30.669304],[-60.903808,-30.712209],[-60.891425,-30.763084],[-60.794664,-30.782878],[-60.626187,-30.731605],[-60.608211,-30.70327],[-60.590904,-30.66633],[-60.609042,-30.63401],[-60.660998,-30.550125],[-60.674972,-30.518738],[-60.693082,-29.96201],[-60.72222,-29.915266],[-60.699432,-29.875059],[-60.744309,-29.807707],[-60.766441,-29.790353],[-60.877411,-29.701043],[-61.075407,-29.651227],[-61.103436,-29.619057],[-61.201707,-29.551972],[-61.193022,-29.544713],[-61.236707,-29.545887]]]},"properties":{"id":"82091","nombre":"San Cristóbal","nombre_completo":"Departamento San Cristóbal","provincia":{"id":"82","nombre":"Santa Fe","interseccion":0},"fuente":"IGN","categoria":"Departamento","centroide":{"lon":-61.359937207,"lat":-30.228389721}}},
{"type":"Feature","geometry":{"type":"Polygon","coordinates":[[[-59.580921,-29.474068],[-59.661833,-29.446604],[-59.719788,-29.48784],[-59.778849,-29.415156],[-60.069291,-29.370634],[-60.081814,-29.380562],[-60.078261,-29.405512],[-60.105286,-29.482983],[-59.998575,-29.773035],[-59.874594,-29.833129],[-60.159521,-30.12007],[-60.118725,-30.13375],[-60.167669,-30.218485],[-60.215981,-30.307021],[-60.194649,-30.318675],[-60.214034,-30.344894],[-60.225415,-30.374006],[-60.274333,-30.432186],[-60.324556,-30.496502],[-60.350825,-30.509989],[-60.345331,-30.632268],[-60.33889,-30.669237],[-60.21216,-30.688568],[-60.204937,-30.650665],[-59.636185,-30.702124],[-59.678406,-30.646912],[-59.703439,-30.44261],[-59.693453,-30.313123],[-59.636584,-30.237456],[-59.6047,-29.902666],[-59.617549,-29.77584],[-59.613979,-29.668765],[-59.580921,-29.474068]]]},"properties":{"id":"82098","nombre":"San Javier","nombre_completo":"Departamento San Javier","provincia":{"id":"82","nombre":"Santa Fe","interseccion":0},"fuente":"IGN","categoria":"Departamento","centroide":{"lon":-59.898070474,"lat":-30.104146106}}},
{"type":"Feature","geometry":{"type":"Polygon","coordinates":[[[-63.934927,-35.007631],[-64.480943,-35.011517],[-64.487673,-35.449911],[-63.9385,-35.452205],[-63.934927,-35.007631]]]},"properties":{"id":"42133","nombre":"Realicó","nombre_completo":"Departamento Realicó","provincia":{"id":"42","nombre":"La Pampa","interseccion":0},"fuente":"IGN","categoria":"Departamento","centroide":{"lon":-64.209849806,"lat":-35.230662056}}},
{"type":"Feature","geometry":{"type":"Polygon","coordinates":[[[-64.315208,-25.513292],[-64.449455,-25.511517],[-64.481071,-25.634764],[-64.919783,-25.6381],[-65.123243,-25.645783],[-65.134066,-25.620948],[-65.278362,-25.80763],[-65.254313,-25.889382],[-65.194625,-26.025163],[-64.884321,-26.044811],[-64.917338,-26.199506],[-64.941615,-26.302252],[-64.873443,-26.274922],[-64.732152,-26.241556],[-64.579581,-26.218181],[-64.564152,-26.226925],[-64.49492,-26.219497],[-64.416683,-26.114299],[-64.267966,-25.700569],[-64.197499,-25.709462],[-64.210538,-25.54063],[-64.315208,-25.513292]]]},"properties":{"id":"66140","nombre":"Rosario de la Frontera","nombre_completo":"Departamento Rosario de la Frontera","provincia":{"id":"66","nombre":"Salta","interseccion":0},"fuente":"IGN","categoria":"Departamento","centroide":{"lon":-64.728808924,"lat":-25.871561301}}},
{"type":"Feature","geometry":{"type":"Polygon","coordinates":[[[-69.528097,-39.814447],[-69.836933,-39.567984],[-70.174336,-39.81789],[-70.347735,-39.678175],[-70.643986,-39.895142],[-70.810101,-39.874161],[-70.848332,-39.902218],[-70.839293,-40.026043],[-70.781879,-40.096974],[-70.57287,-40.489921],[-70.424927,-40.536316],[-70.062686,-40.37464],[-69.970888,-39.977742],[-69.865938,-39.910899],[-69.697056,-39.846445],[-69.528097,-39.814447]]]},"properties":{"id":"58028","nombre":"Collón Curá","nombre_completo":"Departamento Collón Curá","provincia":{"id":"58","nombre":"Neuquén","interseccion":0},"fuente":"IGN","categoria":"Departamento","centroide":{"lon":-70.281366776,"lat":-40.052919429}}},
{"type":"Feature","geometry":{"type":"MultiPolygon","coordinates":[[[[-58.344989,-34.038397],[-58.463196,-34.001892],[-58.60717,-34.037871],[-58.6753,-34.025467],[-58.80475,-34.087515],[-58.712152,-34.248902],[-58.459577,-34.324787],[-58.424319,-34.281547],[-58.389402,-34.262592],[-58.392546,-34.233562],[-58.354147,-34.216467],[-58.344989,-34.038397]]],[[[-58.600303,-34.490354],[-58.557947,-34.424092],[-58.595171,-34.448343],[-58.600303,-34.490354]]]]},"properties":{"id":"06749","nombre":"San Fernando","nombre_completo":"Partido de San Fernando","provincia":{"id":"06","nombre":"Buenos Aires","interseccion":0},"fuente":"IGN","categoria":"Partido","centroide":{"lon":-58.534581657,"lat":-34.155836112}}},
{"type":"Feature","geometry":{"type":"Polygon","coordinates":[[[-58.557947,-34.424092],[-58.489199,-34.44407],[-58.44139,-34.386659],[-58.436937,-34.300883],[-58.472022,-34.32351],[-58.649515,-34.266598],[-58.679814,-34.345687],[-58.720619,-34.36329],[-58.734634,-34.40246],[-58.606343,-34.534542],[-58.595171,-34.448343],[-58.557947,-34.424092]]]},"properties":{"id":"06805","nombre":"Tigre","nombre_completo":"Partido de Tigre","provincia":{"id":"06","nombre":"Buenos Aires","interseccion":0},"fuente":"IGN","categoria":"Partido","centroide":{"lon":-58.588173873,"lat":-34.382019908}}},
{"type":"Feature","geometry":{"type":"Polygon","coordinates":[[[-66.094091,-26.248591],[-66.205349,-26.132573],[-66.301955,-26.2707],[-66.374767,-26.412635],[-66.445314,-26.374411],[-66.45259,-26.441809],[-66.479909,-26.496398],[-66.459544,-26.534147],[-66.548048,-26.535671],[-66.667618,-26.746639],[-66.59571,-27.061371],[-66.450153,-27.132983],[-66.366967,-27.200951],[-66.254651,-27.153514],[-66.194055,-27.218955],[-66.109951,-27.215521],[-66.078763,-27.209464],[-66.005688,-27.103609],[-65.964306,-27.033103],[-65.913799,-26.982644],[-65.874895,-26.932913],[-65.85779,-26.929196],[-65.900475,-26.86379],[-65.881452,-26.806165],[-65.830161,-26.744222],[-66.04219,-26.600372],[-66.17124,-26.631212],[-66.163891,-26.501811],[-66.154844,-26.443666],[-66.11913,-26.376967],[-66.094091,-26.248591]]]},"properties":{"id":"10091","nombre":"Santa María","nombre_completo":"Departamento Santa María","provincia":{"id":"10","nombre":"Catamarca","interseccion":0},"fuente":"IGN","categoria":"Departamento","centroide":{"lon":-66.261270525,"lat":-26.773464856}}},
{"type":"Feature","geometry":{"type":"Polygon","coordinates":[[[-65.170798,-27.946465],[-65.362476,-27.846929],[-65.498447,-27.922772],[-65.559637,-27.997221],[-65.57652,-28.079594],[-65.585742,-28.147437],[-65.507252,-28.230801],[-65.391153,-28.169552],[-65.10516,-28.322158],[-65.112391,-28.186654],[-65.170798,-27.946465]]]},"properties":{"id":"10098","nombre":"Santa Rosa","nombre_completo":"Departamento Santa Rosa","provincia":{"id":"10","nombre":"Catamarca","interseccion":0},"fuente":"IGN","categoria":"Departamento","centroide":{"lon":-65.335082466,"lat":-28.082107972}}},
{"type":"Feature","geometry":{"type":"Polygon","coordinates":[[[-65.199875,-28.620899],[-65.282585,-28.640903],[-65.41671,-29.145643],[-65.505331,-29.247152],[-65.536222,-29.515703],[-65.519397,-29.604812],[-65.59054,-29.718241],[-65.422985,-30.119602],[-65.15827,-30.047267],[-64.937932,-29.847511],[-64.964052,-29.596091],[-64.824628,-29.574305],[-64.785969,-29.405497],[-64.837596,-29.228569],[-64.901128,-28.841312],[-65.170609,-28.618386],[-65.199875,-28.620899]]]},"properties":{"id":"10070","nombre":"La Paz","nombre_completo":"Departamento La Paz","provincia":{"id":"10","nombre":"Catamarca","interseccion":0},"fuente":"IGN","categoria":"Departamento","centroide":{"lon":-65.192033875,"lat":-29.395503622}}},
{"type":"Feature","geometry":{"type":"Polygon","coordinates":[[[-68.440281,-27.873656],[-68.539147,-27.785378],[-68.545326,-27.707115],[-68.582699,-27.819863],[-69.094952,-27.796575],[-69.391382,-28.226443],[-69.462187,-28.192862],[-68.218796,-28.869127],[-67.83548,-29.008017],[-67.824707,-28.881281],[-67.861015,-28.295345],[-67.932442,-28.174782],[-67.914375,-28.1137],[-68.107311,-28.173463],[-68.396618,-28.004169],[-68.440281,-27.873656]]]},"properties":{"id":"46098","nombre":"Vinchina","nombre_completo":"Departamento Vinchina","provincia":{"id":"46","nombre":"La Rioja","interseccion":0},"fuente":"IGN","categoria":"Departamento","centroide":{"lon":-68.52529283,"lat":-28.316697715}}},
{"type":"Feature","geometry":{"type":"Polygon","coordinates":[[[-66.411164,-28.816302],[-66.388805,-28.801694],[-66.352606,-28.732835],[-66.734711,-28.852306],[-66.832169,-29.151594],[-66.898094,-29.254398],[-66.948204,-29.361061],[-67.029678,-29.427347],[-67.090042,-29.405514],[-67.10141,-29.430021],[-66.976273,-29.818956],[-66.609161,-29.849079],[-66.632248,-30.110188],[-66.482239,-30.186424],[-66.430267,-30.024307],[-65.544838,-29.827716],[-65.719247,-29.409936],[-65.817374,-29.178856],[-66.099724,-28.944417],[-66.394034,-28.867275],[-66.411164,-28.816302]]]},"properties":{"id":"46014","nombre":"Capital","nombre_completo":"Departamento Capital","provincia":{"id":"46","nombre":"La Rioja","interseccion":0},"fuente":"IGN","categoria":"Departamento","centroide":{"lon":-66.3526001,"lat":-29.460589655}}},
{"type":"Feature","geometry":{"type":"Polygon","coordinates":[[[-63.748408,-29.653277],[-63.77921,-29.639345],[-63.944549,-30.027272],[-63.886361,-30.097073],[-63.493704,-30.188682],[-63.380905,-30.321469],[-63.325437,-30.230403],[-62.526984,-30.378497],[-62.550465,-30.47011],[-62.325088,-30.511575],[-62.321448,-30.367885],[-62.15756,-30.396159],[-62.173794,-30.345314],[-62.520077,-30.341898],[-62.556483,-30.062787],[-62.65544,-30.055292],[-62.674742,-30.035185],[-62.654993,-30.007345],[-62.723878,-29.990808],[-62.753622,-29.966419],[-62.785849,-29.940024],[-62.820277,-29.903936],[-62.829228,-29.841586],[-63.459617,-29.756934],[-63.465352,-29.664484],[-63.748408,-29.653277]]]},"properties":{"id":"14112","nombre":"Río Seco","nombre_completo":"Departamento Río Seco","provincia":{"id":"14","nombre":"Córdoba","interseccion":0},"fuente":"IGN","categoria":"Departamento","centroide":{"lon":-63.19901878,"lat":-30.045041249}}},
{"type":"Feature","geometry":{"type":"Polygon","coordinates":[[[-66.60988,-38.557979],[-66.631898,-38.55681],[-66.644792,-38.537632],[-66.639069,-39.10162],[-66.565483,-39.091969],[-66.571576,-39.282893],[-67.362833,-39.466944],[-67.8722,-39.810904],[-66.825668,-39.910592],[-65.283417,-39.92531],[-65.213659,-39.870856],[-65.245728,-39.865877],[-65.280518,-38.821411],[-65.390813,-38.83074],[-65.652499,-38.827393],[-65.701758,-38.816284],[-66.404419,-38.74408],[-66.538615,-38.720853],[-66.60988,-38.557979]]]},"properties":{"id":"62014","nombre":"Avellaneda","nombre_completo":"Departamento Avellaneda","provincia":{"id":"62","nombre":"Río Negro","interseccion":0},"fuente":"IGN","categoria":"Departamento","centroide":{"lon":-66.206396517,"lat":-39.410262693}}},
{"type":"Feature","geometry":{"type":"Polygon","coordinates":[[[-68.24998,-37.574812],[-68.256278,-38.679548],[-68.081176,-38.848291],[-68.039411,-38.941885],[-67.794633,-39.039789],[-67.022376,-39.178145],[-66.67957,-39.104347],[-66.639069,-39.10162],[-66.644792,-38.537632],[-66.712234,-38.531751],[-67.009044,-38.423237],[-67.09184,-38.399625],[-67.118609,-38.356795],[-67.156049,-38.35332],[-67.261108,-38.217102],[-67.528687,-38.25769],[-67.718628,-38.130371],[-67.73033,-38.075764],[-67.888425,-38.000379],[-67.781655,-37.89547],[-67.785583,-37.652283],[-68.219311,-37.58824],[-68.24998,-37.574812]]]},"properties":{"id":"62042","nombre":"General Roca","nombre_completo":"Departamento General Roca","provincia":{"id":"62","nombre":"Río Negro","interseccion":0},"fuente":"IGN","categoria":"Departamento","centroide":{"lon":-67.557403662,"lat":-38.529894778}}},
{"type":"Feature","geometry":{"type":"Polygon","coordinates":[[[-65.719306,-27.816268],[-65.753235,-27.76997],[-65.807393,-27.882348],[-65.791236,-28.049119],[-65.755947,-28.10208],[-65.664943,-28.335847],[-65.665792,-28.42202],[-65.562274,-28.421726],[-65.573169,-28.287608],[-65.585742,-28.147437],[-65.57652,-28.079594],[-65.576328,-28.014123],[-65.612599,-27.991293],[-65.666266,-27.973235],[-65.719306,-27.816268]]]},"properties":{"id":"10077","nombre":"Paclín","nombre_completo":"Departamento Paclín","provincia":{"id":"10","nombre":"Catamarca","interseccion":0},"fuente":"IGN","categoria":"Departamento","centroide":{"lon":-65.674318015,"lat":-28.110316742}}},
{"type":"Feature","geometry":{"type":"Polygon","coordinates":[[[-66.949002,-54.188489],[-67.43969,-53.982788],[-67.544244,-53.8414],[-67.778435,-53.833789],[-67.681737,-53.797174],[-68.137071,-53.331338],[-68.548444,-53.247521],[-68.359546,-53.017893],[-68.201502,-53.141958],[-68.606232,-52.658268],[-68.607937,-54.188546],[-66.949002,-54.188489]]]},"properties":{"id":"94008","nombre":"Río Grande","nombre_completo":"Departamento Río Grande","provincia":{"id":"94","nombre":"Tierra del Fuego, Antártida e Islas del Atlántico Sur","interseccion":0},"fuente":"IGN","categoria":"Departamento","centroide":{"lon":-68.136104654,"lat":-53.746291987}}},
{"type":"Feature","geometry":{"type":"Polygon","coordinates":[[[-58.43095,-34.551138],[-58.476084,-34.538431],[-58.468046,-34.572928],[-58.46019,-34.578314],[-58.439904,-34.578566],[-58.441128,-34.562153],[-58.43095,-34.551138]]]},"properties":{"id":"02091","nombre":"Comuna 13","nombre_completo":"Comuna 13","provincia":{"id":"02","nombre":"Ciudad Autónoma de Buenos Aires","interseccion":0},"fuente":"IGN","categoria":"Comuna","centroide":{"lon":-58.454002962,"lat":-34.554126296}}},
{"type":"Feature","geometry":{"type":"Polygon","coordinates":[[[-67.767601,-43.338791],[-69.558548,-43.331963],[-69.509117,-44.144913],[-69.918686,-44.678032],[-67.748085,-44.684933],[-67.767601,-43.338791]]]},"properties":{"id":"26070","nombre":"Paso de Indios","nombre_completo":"Departamento Paso de Indios","provincia":{"id":"26","nombre":"Chubut","interseccion":0},"fuente":"IGN","categoria":"Departamento","centroide":{"lon":-68.685862838,"lat":-44.03018438}}},
{"type":"Feature","geometry":{"type":"Polygon","coordinates":[[[-63.457737,-27.882515],[-63.580909,-27.867016],[-63.660508,-27.817632],[-63.729077,-27.977284],[-63.737019,-28.014485],[-63.606407,-28.149718],[-63.61683,-28.198956],[-63.333949,-28.329882],[-63.230934,-28.349338],[-63.228288,-28.327328],[-63.109666,-28.327234],[-63.115351,-28.307686],[-63.095401,-28.270138],[-63.442471,-27.922787],[-63.457737,-27.882515]]]},"properties":{"id":"86182","nombre":"Sarmiento","nombre_completo":"Departamento Sarmiento","provincia":{"id":"86","nombre":"Santiago del Estero","interseccion":0},"fuente":"IGN","categoria":"Departamento","centroide":{"lon":-63.446175149,"lat":-28.106114741}}},
{"type":"Feature","geometry":{"type":"Polygon","coordinates":[[[-67.171928,-48.483883],[-66.870067,-48.582732],[-66.343003,-48.368804],[-66.117981,-48.122003],[-65.894236,-48.101345],[-65.941219,-47.95428],[-65.761461,-47.916218],[-65.87365,-47.765015],[-66.281799,-47.868774],[-66.00531,-47.730774],[-65.838642,-47.746816],[-65.735563,-47.201971],[-65.940692,-47.072181],[-66.791934,-46.999144],[-67.440279,-46.548541],[-67.595194,-46.004231],[-69.656198,-45.999938],[-69.686653,-47.161301],[-69.734406,-48.322083],[-69.355339,-48.438316],[-68.335442,-48.379612],[-68.185577,-48.444576],[-67.553116,-48.112984],[-67.171928,-48.483883]]]},"properties":{"id":"78014","nombre":"Deseado","nombre_completo":"Departamento Deseado","provincia":{"id":"78","nombre":"Santa Cruz","interseccion":0},"fuente":"IGN","categoria":"Departamento","centroide":{"lon":-68.029054803,"lat":-47.330562996}}},
{"type":"Feature","geometry":{"type":"Polygon","coordinates":[[[-69.505287,-42.796757],[-69.56617,-42.713474],[-69.595955,-42.693699],[-69.847496,-42.624424],[-70.041779,-42.673031],[-70.109619,-42.637024],[-70.205261,-42.623569],[-70.263923,-42.641732],[-70.292095,-42.633901],[-70.324291,-42.596612],[-70.368225,-42.601479],[-70.439331,-42.652031],[-70.536736,-42.763298],[-70.588524,-42.850605],[-70.573404,-42.881095],[-70.580894,-42.906239],[-70.790886,-43.024078],[-70.844994,-43.45145],[-71.023544,-43.608524],[-71.318748,-43.552303],[-71.667877,-43.521946],[-71.757414,-43.58423],[-71.581417,-43.659218],[-71.752895,-43.787276],[-71.649627,-43.934869],[-71.383881,-43.878906],[-71.118416,-43.93985],[-70.99231,-43.760891],[-69.53138,-43.784729],[-69.558548,-43.331963],[-69.505287,-42.796757]]]},"properties":{"id":"26056","nombre":"Languiñeo","nombre_completo":"Departamento Languiñeo","provincia":{"id":"26","nombre":"Chubut","interseccion":0},"fuente":"IGN","categoria":"Departamento","centroide":{"lon":-70.348407988,"lat":-43.323491879}}},
{"type":"Feature","geometry":{"type":"Polygon","coordinates":[[[-61.857242,-28.866446],[-62.644652,-28.865516],[-62.640379,-28.898231],[-62.641406,-28.908208],[-62.659112,-28.909969],[-62.619999,-29.095635],[-62.437105,-29.153432],[-62.248754,-29.371148],[-62.025878,-29.404767],[-61.986515,-29.426134],[-61.949898,-29.415784],[-61.857242,-28.866446]]]},"properties":{"id":"86042","nombre":"Belgrano","nombre_completo":"Departamento Belgrano","provincia":{"id":"86","nombre":"Santiago del Estero","interseccion":0},"fuente":"IGN","categoria":"Departamento","centroide":{"lon":-62.218279509,"lat":-29.081505373}}},
{"type":"Feature","geometry":{"type":"Polygon","coordinates":[[[-62.640379,-28.898231],[-62.894551,-28.862979],[-63.06807,-28.891836],[-62.980219,-28.966661],[-62.980707,-29.20199],[-62.891542,-29.202104],[-62.891456,-29.283612],[-62.497828,-29.442757],[-62.558011,-29.482397],[-62.533618,-29.596851],[-62.437844,-29.596778],[-62.43751,-29.666602],[-61.992844,-29.66506],[-61.949898,-29.415784],[-61.991863,-29.425395],[-62.025878,-29.404767],[-62.248754,-29.371148],[-62.437105,-29.153432],[-62.619999,-29.095635],[-62.659112,-28.909969],[-62.641406,-28.908208],[-62.640379,-28.898231]]]},"properties":{"id":"86007","nombre":"Aguirre","nombre_completo":"Departamento Aguirre","provincia":{"id":"86","nombre":"Santiago del Estero","interseccion":0},"fuente":"IGN","categoria":"Departamento","centroide":{"lon":-62.51509738,"lat":-29.297973228}}},
{"type":"Feature","geometry":{"type":"Polygon","coordinates":[[[-68.453482,-34.212553],[-68.456095,-34.041501],[-68.29314,-34.019798],[-68.291291,-33.463182],[-68.595098,-33.491923],[-68.564787,-33.734294],[-69.00337,-33.54648],[-69.217068,-33.763919],[-69.360255,-33.862926],[-69.80246,-33.869228],[-69.898636,-33.83784],[-69.796715,-34.210481],[-69.978425,-34.252451],[-69.904931,-34.337892],[-69.430972,-34.701672],[-69.05427,-34.579277],[-69.005924,-34.320006],[-68.811378,-34.370627],[-68.715751,-34.263365],[-68.513727,-34.210814],[-68.453482,-34.212553]]]},"properties":{"id":"50091","nombre":"San Carlos","nombre_completo":"Departamento San Carlos","provincia":{"id":"50","nombre":"Mendoza","interseccion":0},"fuente":"IGN","categoria":"Departamento","centroide":{"lon":-69.097309051,"lat":-34.075524877}}},
{"type":"Feature","geometry":{"type":"Polygon","coordinates":[[[-69.217068,-33.763919],[-68.999499,-33.541022],[-69.029616,-33.54364],[-69.273098,-33.455193],[-69.331883,-33.404133],[-69.696713,-33.367547],[-69.770347,-33.360437],[-69.90458,-33.770854],[-69.80246,-33.869228],[-69.360255,-33.862926],[-69.217068,-33.763919]]]},"properties":{"id":"50119","nombre":"Tunuyán","nombre_completo":"Departamento Tunuyán","provincia":{"id":"50","nombre":"Mendoza","interseccion":0},"fuente":"IGN","categoria":"Departamento","centroide":{"lon":-69.509296566,"lat":-33.622887705}}},
{"type":"Feature","geometry":{"type":"Polygon","coordinates":[[[-59.534421,-31.924866],[-59.762686,-31.928935],[-59.919225,-31.883327],[-60.025991,-32.031074],[-60.181919,-32.023486],[-60.214162,-32.114773],[-60.181177,-32.19252],[-60.1711,-32.216736],[-60.18922,-32.234519],[-60.189603,-32.269261],[-60.131232,-32.268972],[-59.942033,-32.521952],[-59.769585,-32.55134],[-59.752674,-32.581773],[-59.607136,-32.632006],[-59.600732,-32.551966],[-59.455266,-32.556833],[-59.474854,-32.126417],[-59.341905,-31.941177],[-59.401673,-31.934119],[-59.534421,-31.924866]]]},"properties":{"id":"30077","nombre":"Nogoyá","nombre_completo":"Departamento Nogoyá","provincia":{"id":"30","nombre":"Entre Ríos","interseccion":0},"fuente":"IGN","categoria":"Departamento","centroide":{"lon":-59.769701915,"lat":-32.218712348}}},
{"type":"Feature","geometry":{"type":"Polygon","coordinates":[[[-59.177463,-31.959365],[-59.341905,-31.941177],[-59.474854,-32.126417],[-59.455266,-32.556833],[-59.404734,-32.599745],[-59.414842,-32.639665],[-59.23619,-32.697101],[-59.143025,-32.713144],[-59.125552,-32.707664],[-59.134586,-32.70733],[-59.116425,-32.683424],[-59.12589,-32.663936],[-59.10761,-32.666269],[-59.105041,-32.633847],[-59.102171,-32.615328],[-59.093727,-32.592217],[-59.087649,-32.574298],[-59.105647,-32.533385],[-59.086826,-32.425874],[-59.083446,-32.385897],[-59.076921,-32.177828],[-59.070815,-32.119376],[-59.059237,-32.052823],[-59.177463,-31.959365]]]},"properties":{"id":"30091","nombre":"Tala","nombre_completo":"Departamento Tala","provincia":{"id":"30","nombre":"Entre Ríos","interseccion":0},"fuente":"IGN","categoria":"Departamento","centroide":{"lon":-59.267286485,"lat":-32.317411722}}},
{"type":"Feature","geometry":{"type":"Polygon","coordinates":[[[-59.404734,-32.599745],[-59.600732,-32.551966],[-59.607136,-32.632006],[-59.752674,-32.581773],[-59.782584,-32.590107],[-59.779786,-32.613674],[-59.775849,-32.662581],[-59.838665,-32.934835],[-59.9549,-32.898398],[-59.982708,-32.99521],[-59.963796,-33.029601],[-59.922951,-33.027705],[-59.892958,-33.037218],[-59.804679,-33.125747],[-59.818312,-33.200515],[-59.792222,-33.239513],[-59.88639,-33.23572],[-59.909697,-33.277456],[-60.234274,-33.212008],[-60.297829,-33.242284],[-60.200684,-33.292175],[-60.169617,-33.348999],[-60.111084,-33.372986],[-60.04484,-33.447527],[-59.894744,-33.510284],[-59.80953,-33.551657],[-59.803581,-33.595558],[-59.656411,-33.621673],[-59.636037,-33.642701],[-59.620749,-33.692105],[-59.596627,-33.691123],[-59.516737,-33.630834],[-59.479309,-33.652893],[-59.467773,-33.704285],[-59.448975,-33.724487],[-59.3927,-33.736694],[-59.254272,-33.72229],[-59.235413,-33.73999],[-59.254883,-33.785889],[-59.248901,-33.803406],[-59.218811,-33.814697],[-59.168091,-33.809387],[-59.316103,-33.543163],[-59.606584,-33.325642],[-59.522445,-33.199355],[-59.394692,-33.232973],[-59.352691,-33.202904],[-59.314285,-33.209377],[-59.308311,-33.178561],[-59.291585,-33.154068],[-59.256022,-33.127958],[-59.250972,-33.115434],[-59.269684,-33.112813],[-59.252446,-33.105329],[-59.265463,-33.06002],[-59.233423,-33.034889],[-59.199663,-32.985871],[-59.125461,-32.848213],[-59.112082,-32.805579],[-59.121989,-32.767709],[-59.134516,-32.74966],[-59.414683,-32.639831],[-59.404734,-32.599745]]]},"properties":{"id":"30049","nombre":"Gualeguay","nombre_completo":"Departamento Gualeguay","provincia":{"id":"30","nombre":"Entre Ríos","interseccion":0},"fuente":"IGN","categoria":"Departamento","centroide":{"lon":-59.601459827,"lat":-33.119236629}}},
{"type":"Feature","geometry":{"type":"Polygon","coordinates":[[[-58.20692,-30.288616],[-58.245062,-30.271043],[-58.269607,-30.2524],[-58.307897,-30.330874],[-58.408052,-30.31691],[-58.342157,-30.359322],[-58.522418,-30.608804],[-58.501072,-30.626754],[-58.568623,-30.667307],[-58.577313,-30.69016],[-58.491732,-30.732379],[-58.276349,-30.883309],[-58.273497,-31.037118],[-57.924361,-31.237158],[-57.809509,-30.730192],[-58.069126,-30.544908],[-58.072575,-30.425187],[-58.20692,-30.288616]]]},"properties":{"id":"30028","nombre":"Federación","nombre_completo":"Departamento Federación","provincia":{"id":"30","nombre":"Entre Ríos","interseccion":0},"fuente":"IGN","categoria":"Departamento","centroide":{"lon":-58.159155182,"lat":-30.734853205}}},
{"type":"Feature","geometry":{"type":"Polygon","coordinates":[[[-59.323732,-30.354244],[-59.490212,-30.344331],[-59.587769,-30.434822],[-59.671672,-30.338662],[-59.703439,-30.44261],[-59.678406,-30.646912],[-59.633301,-30.713928],[-59.699394,-30.769072],[-59.963379,-31.119873],[-59.983959,-31.18739],[-59.952663,-31.204774],[-59.9288,-31.281496],[-59.862395,-31.493932],[-59.735669,-31.418719],[-59.625041,-31.504941],[-59.285085,-31.303598],[-59.296232,-31.275342],[-59.258436,-31.147408],[-59.292448,-30.846275],[-59.260752,-30.763335],[-59.097034,-30.691218],[-59.068031,-30.676217],[-59.051166,-30.677789],[-59.011843,-30.635874],[-59.012297,-30.613911],[-58.931404,-30.561356],[-59.068704,-30.414451],[-59.176338,-30.377455],[-59.241691,-30.365739],[-59.323732,-30.354244]]]},"properties":{"id":"30070","nombre":"La Paz","nombre_completo":"Departamento La Paz","provincia":{"id":"30","nombre":"Entre Ríos","interseccion":0},"fuente":"IGN","categoria":"Departamento","centroide":{"lon":-59.50043089,"lat":-30.897357325}}},
{"type":"Feature","geometry":{"type":"Polygon","coordinates":[[[-58.496562,-30.207688],[-58.630015,-30.176859],[-58.681665,-30.163581],[-58.803753,-30.210834],[-59.064251,-30.230818],[-59.081459,-30.249074],[-59.136577,-30.286569],[-59.171678,-30.318092],[-59.176338,-30.377455],[-59.068704,-30.414451],[-58.931404,-30.561356],[-59.00883,-30.621873],[-58.963383,-30.601562],[-58.914786,-30.629127],[-58.598354,-30.674874],[-58.577313,-30.69016],[-58.568623,-30.667307],[-58.501072,-30.626754],[-58.522418,-30.608804],[-58.342157,-30.359322],[-58.408052,-30.31691],[-58.307897,-30.330874],[-58.269607,-30.2524],[-58.28555,-30.244631],[-58.343726,-30.27125],[-58.369324,-30.264734],[-58.437047,-30.221675],[-58.451527,-30.224856],[-58.496562,-30.207688]]]},"properties":{"id":"30042","nombre":"Feliciano","nombre_completo":"Departamento Feliciano","provincia":{"id":"30","nombre":"Entre Ríos","interseccion":0},"fuente":"IGN","categoria":"Departamento","centroide":{"lon":-58.728890756,"lat":-30.413899602}}},
{"type":"Feature","geometry":{"type":"Polygon","coordinates":[[[-60.966443,-34.345827],[-61.041553,-34.283292],[-61.070098,-34.307214],[-61.098149,-34.284531],[-61.168395,-34.359374],[-61.355509,-34.473947],[-61.275199,-34.541214],[-61.338484,-34.592169],[-61.204736,-34.702486],[-61.222551,-34.717368],[-61.151165,-34.777206],[-61.048176,-34.692906],[-60.903991,-34.810841],[-60.849248,-34.763019],[-60.815683,-34.789652],[-60.764489,-34.741034],[-60.795509,-34.717472],[-60.741446,-34.649115],[-60.646701,-34.53305],[-60.902675,-34.326078],[-60.966443,-34.345827]]]},"properties":{"id":"06413","nombre":"Junín","nombre_completo":"Partido de Junín","provincia":{"id":"06","nombre":"Buenos Aires","interseccion":0},"fuente":"IGN","categoria":"Partido","centroide":{"lon":-61.005250128,"lat":-34.546475132}}},
{"type":"Feature","geometry":{"type":"Polygon","coordinates":[[[-59.967868,-34.691848],[-60.006599,-34.641007],[-60.172989,-34.770245],[-60.304147,-34.881095],[-60.132718,-35.082419],[-59.905571,-35.114872],[-59.835731,-35.157783],[-59.822241,-35.176824],[-59.605175,-34.997713],[-59.798118,-34.82566],[-59.944678,-34.671979],[-59.967868,-34.691848]]]},"properties":{"id":"06224","nombre":"Chivilcoy","nombre_completo":"Partido de Chivilcoy","provincia":{"id":"06","nombre":"Buenos Aires","interseccion":0},"fuente":"IGN","categoria":"Partido","centroide":{"lon":-59.958419488,"lat":-34.915487328}}},
{"type":"Feature","geometry":{"type":"Polygon","coordinates":[[[-60.304147,-34.881095],[-60.239549,-34.826527],[-60.281463,-34.79361],[-60.32251,-34.761526],[-60.460279,-34.862375],[-60.453038,-34.930413],[-60.474599,-34.939912],[-60.434912,-35.016392],[-60.353836,-35.193833],[-60.235044,-35.295857],[-60.021089,-35.108035],[-60.132718,-35.082419],[-60.304147,-34.881095]]]},"properties":{"id":"06021","nombre":"Alberti","nombre_completo":"Partido de Alberti","provincia":{"id":"06","nombre":"Buenos Aires","interseccion":0},"fuente":"IGN","categoria":"Partido","centroide":{"lon":-60.281976592,"lat":-35.036968511}}},
{"type":"Feature","geometry":{"type":"Polygon","coordinates":[[[-60.685321,-34.657039],[-60.795509,-34.717472],[-60.764489,-34.741034],[-60.815683,-34.789652],[-60.723956,-34.861231],[-60.847692,-34.968081],[-60.754227,-35.041402],[-60.872663,-35.14367],[-60.528049,-35.410299],[-60.315787,-35.223135],[-60.353836,-35.193833],[-60.434912,-35.016392],[-60.474599,-34.939912],[-60.453038,-34.930413],[-60.494684,-34.838491],[-60.685321,-34.657039]]]},"properties":{"id":"06112","nombre":"Bragado","nombre_completo":"Partido de Bragado","provincia":{"id":"06","nombre":"Buenos Aires","interseccion":0},"fuente":"IGN","categoria":"Partido","centroide":{"lon":-60.604046653,"lat":-35.061412271}}},
{"type":"Feature","geometry":{"type":"Polygon","coordinates":[[[-59.03175,-34.763825],[-59.089806,-34.71714],[-59.218728,-34.852572],[-58.992581,-35.021429],[-59.014807,-35.041293],[-58.934096,-35.103508],[-58.777483,-34.964965],[-58.859086,-34.904052],[-58.84527,-34.891708],[-58.936187,-34.817828],[-58.951498,-34.831176],[-59.03175,-34.763825]]]},"properties":{"id":"06329","nombre":"General Las Heras","nombre_completo":"Partido de General Las Heras","provincia":{"id":"06","nombre":"Buenos Aires","interseccion":0},"fuente":"IGN","categoria":"Partido","centroide":{"lon":-58.995446621,"lat":-34.909424378}}},
{"type":"Feature","geometry":{"type":"Polygon","coordinates":[[[-69.38953,-42],[-68.085653,-41.999674],[-68.008524,-40.158163],[-68.231467,-40.073122],[-68.594784,-40.132606],[-68.786251,-40.428447],[-69.386675,-40.468816],[-69.807944,-40.665131],[-69.888488,-40.848026],[-70.179498,-41.026344],[-69.95332,-41.135094],[-70.269747,-41.415254],[-69.755269,-41.505187],[-69.38953,-42]]]},"properties":{"id":"62091","nombre":"25 de Mayo","nombre_completo":"Departamento 25 de Mayo","provincia":{"id":"62","nombre":"Río Negro","interseccion":0},"fuente":"IGN","categoria":"Departamento","centroide":{"lon":-68.906326204,"lat":-41.133045037}}},
{"type":"Feature","geometry":{"type":"Polygon","coordinates":[[[-58.860294,-34.685206],[-58.935344,-34.703731],[-58.998289,-34.762792],[-58.951498,-34.831176],[-58.936187,-34.817828],[-58.84527,-34.891708],[-58.859086,-34.904052],[-58.765341,-34.958997],[-58.694106,-34.912195],[-58.749862,-34.847367],[-58.707051,-34.811268],[-58.860894,-34.701334],[-58.860294,-34.685206]]]},"properties":{"id":"06525","nombre":"Marcos Paz","nombre_completo":"Partido de Marcos Paz","provincia":{"id":"06","nombre":"Buenos Aires","interseccion":0},"fuente":"IGN","categoria":"Partido","centroide":{"lon":-58.847831205,"lat":-34.814002965}}},
{"type":"Feature","geometry":{"type":"Polygon","coordinates":[[[-59.905571,-35.114872],[-60.021089,-35.108035],[-60.235044,-35.295857],[-60.323097,-35.22972],[-60.528049,-35.410299],[-60.444882,-35.473321],[-60.867915,-35.840008],[-60.695447,-35.968815],[-60.638071,-35.921069],[-60.531063,-36.000561],[-60.461554,-35.949308],[-60.417136,-35.928244],[-60.116733,-35.664442],[-60.00544,-35.661698],[-60.039969,-35.624195],[-60.010605,-35.597099],[-60.009792,-35.575656],[-60.028733,-35.555252],[-60.004894,-35.528916],[-59.906036,-35.48093],[-59.775005,-35.478474],[-59.768671,-35.451043],[-59.825442,-35.407354],[-59.755477,-35.346744],[-59.506062,-35.289257],[-59.549982,-35.267531],[-59.543009,-35.204349],[-59.663883,-35.210011],[-59.699119,-35.210947],[-59.721389,-35.222676],[-59.774162,-35.173967],[-59.822374,-35.176815],[-59.835731,-35.157783],[-59.905571,-35.114872]]]},"properties":{"id":"06854","nombre":"25 de Mayo","nombre_completo":"Partido de 25 de Mayo","provincia":{"id":"06","nombre":"Buenos Aires","interseccion":0},"fuente":"IGN","categoria":"Partido","centroide":{"lon":-60.230283789,"lat":-35.527208972}}},
{"type":"Feature","geometry":{"type":"Polygon","coordinates":[[[-60.444882,-35.473321],[-60.868635,-35.145431],[-60.984631,-35.2466],[-61.062511,-35.186779],[-61.155019,-35.264171],[-61.278178,-35.165851],[-61.531934,-35.378534],[-61.288021,-35.572824],[-61.031898,-35.765554],[-61.101731,-35.824756],[-60.969673,-35.926616],[-60.444882,-35.473321]]]},"properties":{"id":"06588","nombre":"9 de Julio","nombre_completo":"Partido de 9 de Julio","provincia":{"id":"06","nombre":"Buenos Aires","interseccion":0},"fuente":"IGN","categoria":"Partido","centroide":{"lon":-60.975425442,"lat":-35.481227148}}},
{"type":"Feature","geometry":{"type":"Polygon","coordinates":[[[-61.724739,-35.537384],[-61.783275,-35.585449],[-61.906309,-35.485611],[-62.098286,-35.591606],[-62.431086,-35.858839],[-62.082437,-36.152301],[-62.178949,-36.271882],[-62.144315,-36.245472],[-62.014961,-36.300641],[-61.974442,-36.333632],[-61.921176,-36.288428],[-61.491487,-36.019098],[-61.436136,-36.039237],[-61.560046,-35.942756],[-61.636117,-35.852744],[-61.502767,-35.745416],[-61.724739,-35.537384]]]},"properties":{"id":"06609","nombre":"Pehuajó","nombre_completo":"Partido de Pehuajó","provincia":{"id":"06","nombre":"Buenos Aires","interseccion":0},"fuente":"IGN","categoria":"Partido","centroide":{"lon":-61.928125734,"lat":-35.883620834}}},
{"type":"Feature","geometry":{"type":"Polygon","coordinates":[[[-59.553214,-36.006791],[-59.592439,-36.040529],[-59.718057,-36.105853],[-59.797111,-36.043748],[-59.966942,-36.248596],[-60.090175,-36.16134],[-60.35968,-36.326405],[-60.565185,-36.236201],[-60.699437,-36.135354],[-60.810381,-36.210357],[-60.799079,-36.231555],[-60.860253,-36.322509],[-60.929622,-36.424551],[-60.87544,-36.467829],[-60.649975,-36.342881],[-60.532234,-36.412521],[-60.285566,-36.619947],[-60.161412,-36.719657],[-60.135004,-36.674827],[-60.062826,-36.731805],[-59.918892,-36.614812],[-60.023689,-36.531839],[-59.931181,-36.466614],[-59.727204,-36.288222],[-59.634577,-36.35887],[-59.382453,-36.135384],[-59.553214,-36.006791]]]},"properties":{"id":"06798","nombre":"Tapalqué","nombre_completo":"Partido de Tapalqué","provincia":{"id":"06","nombre":"Buenos Aires","interseccion":0},"fuente":"IGN","categoria":"Partido","centroide":{"lon":-60.131065028,"lat":-36.34714364}}},
{"type":"Feature","geometry":{"type":"Polygon","coordinates":[[[-65.973601,-42],[-67.750569,-41.999988],[-68.389397,-41.999998],[-68.381599,-42.882832],[-65.942741,-42.862286],[-65.973601,-42]]]},"properties":{"id":"26105","nombre":"Telsen","nombre_completo":"Departamento Telsen","provincia":{"id":"26","nombre":"Chubut","interseccion":0},"fuente":"IGN","categoria":"Departamento","centroide":{"lon":-67.176877305,"lat":-42.438851941}}},
{"type":"Feature","geometry":{"type":"Polygon","coordinates":[[[-69.807944,-40.665131],[-69.75504,-39.87796],[-69.865938,-39.910899],[-69.970888,-39.977742],[-70.062686,-40.37464],[-70.424927,-40.536316],[-70.733127,-40.580054],[-70.879089,-40.620422],[-71.029724,-40.724426],[-71.119334,-40.804063],[-71.038995,-40.889019],[-71.060329,-40.980819],[-71.088577,-40.997206],[-71.174881,-41.056203],[-71.145962,-41.084671],[-71.143307,-41.108589],[-71.156315,-41.18218],[-71.217216,-41.296482],[-71.224325,-41.336063],[-71.229505,-41.499819],[-71.030404,-41.541884],[-70.929197,-41.427589],[-70.813149,-41.522904],[-70.61638,-41.41339],[-70.269747,-41.415254],[-69.95332,-41.135094],[-70.179498,-41.026344],[-69.888488,-40.848026],[-69.807944,-40.665131]]]},"properties":{"id":"62070","nombre":"Pilcaniyeu","nombre_completo":"Departamento Pilcaniyeu","provincia":{"id":"62","nombre":"Río Negro","interseccion":0},"fuente":"IGN","categoria":"Departamento","centroide":{"lon":-70.462710536,"lat":-40.887552358}}},
{"type":"Feature","geometry":{"type":"Polygon","coordinates":[[[-63.282763,-36.607562],[-63.385367,-36.524945],[-63.377659,-37.815182],[-62.813196,-37.373926],[-62.642151,-37.519813],[-62.425401,-37.348682],[-62.647306,-37.123047],[-63.282763,-36.607562]]]},"properties":{"id":"06007","nombre":"Adolfo Alsina","nombre_completo":"Partido de Adolfo Alsina","provincia":{"id":"06","nombre":"Buenos Aires","interseccion":0},"fuente":"IGN","categoria":"Partido","centroide":{"lon":-63.056055153,"lat":-37.196762082}}},
{"type":"Feature","geometry":{"type":"Polygon","coordinates":[[[-66.756512,-34.511657],[-66.812552,-34.49195],[-66.92139,-34.515427],[-67.426877,-34.558952],[-67.63429,-34.56702],[-67.665143,-34.622294],[-67.709561,-34.982425],[-67.713533,-35.003999],[-67.712105,-35.055092],[-67.710602,-35.118036],[-67.713886,-35.175946],[-67.715314,-35.240209],[-67.646371,-35.316551],[-67.647878,-35.391398],[-67.480783,-35.563322],[-67.415739,-35.722952],[-67.285389,-35.834122],[-67.194892,-35.999254],[-66.637848,-36.000593],[-66.619716,-35.971015],[-66.622895,-35.851665],[-66.589446,-35.794422],[-66.496831,-35.172857],[-66.497841,-35.107648],[-66.544524,-34.88212],[-66.602525,-34.802116],[-66.606685,-34.774076],[-66.651428,-34.755933],[-66.712036,-34.628376],[-66.765167,-34.550917],[-66.756512,-34.511657]]]},"properties":{"id":"50014","nombre":"General Alvear","nombre_completo":"Departamento General Alvear","provincia":{"id":"50","nombre":"Mendoza","interseccion":0},"fuente":"IGN","categoria":"Departamento","centroide":{"lon":-67.080588174,"lat":-35.21884569}}},
{"type":"Feature","geometry":{"type":"Polygon","coordinates":[[[-65.600152,-24.41704],[-65.657905,-24.372114],[-65.660772,-24.528912],[-65.582332,-24.573743],[-65.581356,-24.644548],[-65.450487,-24.712469],[-65.220124,-24.71597],[-65.2747,-24.677425],[-65.279047,-24.637261],[-65.210172,-24.543632],[-65.155364,-24.48872],[-65.229272,-24.486217],[-65.343371,-24.497727],[-65.358843,-24.461322],[-65.425286,-24.450446],[-65.464285,-24.430577],[-65.506331,-24.455422],[-65.600152,-24.41704]]]},"properties":{"id":"66077","nombre":"La Caldera","nombre_completo":"Departamento La Caldera","provincia":{"id":"66","nombre":"Salta","interseccion":0},"fuente":"IGN","categoria":"Departamento","centroide":{"lon":-65.429099444,"lat":-24.562399624}}},
{"type":"Feature","geometry":{"type":"Polygon","coordinates":[[[-59.811998,-34.015164],[-60.156379,-33.745477],[-60.231469,-33.869787],[-60.196307,-34.051445],[-60.202878,-34.203902],[-60.039614,-34.268608],[-59.983602,-34.197571],[-59.984788,-34.084642],[-59.811998,-34.015164]]]},"properties":{"id":"06077","nombre":"Arrecifes","nombre_completo":"Partido de Arrecifes","provincia":{"id":"06","nombre":"Buenos Aires","interseccion":0},"fuente":"IGN","categoria":"Partido","centroide":{"lon":-60.062664148,"lat":-34.011811918}}},
{"type":"Feature","geometry":{"type":"Polygon","coordinates":[[[-59.754392,-34.013563],[-59.811998,-34.015164],[-59.984788,-34.084642],[-59.983602,-34.197571],[-60.039614,-34.268608],[-59.970569,-34.286546],[-59.895237,-34.236438],[-59.873943,-34.264301],[-59.722274,-34.13107],[-59.707232,-34.09359],[-59.754392,-34.013563]]]},"properties":{"id":"06140","nombre":"Capitán Sarmiento","nombre_completo":"Partido de Capitán Sarmiento","provincia":{"id":"06","nombre":"Buenos Aires","interseccion":0},"fuente":"IGN","categoria":"Partido","centroide":{"lon":-59.854014785,"lat":-34.149844527}}},
{"type":"Feature","geometry":{"type":"Polygon","coordinates":[[[-65.547059,-24.021267],[-65.594587,-23.886364],[-65.688173,-23.863836],[-65.705044,-23.983854],[-65.720861,-24.109339],[-65.73077,-24.144211],[-65.725017,-24.186],[-65.488099,-24.295716],[-65.379627,-24.277696],[-65.345795,-24.254992],[-65.234957,-24.276729],[-65.228055,-24.254578],[-65.257119,-24.229782],[-65.204266,-24.230209],[-65.240761,-24.12938],[-65.209135,-24.108155],[-65.158354,-24.095359],[-65.131154,-24.086569],[-65.109873,-24.032541],[-65.136601,-23.974286],[-65.223007,-23.998252],[-65.18209,-23.951091],[-65.305531,-23.864253],[-65.353235,-23.856679],[-65.433091,-24.026794],[-65.547059,-24.021267]]]},"properties":{"id":"38021","nombre":"Dr. Manuel Belgrano","nombre_completo":"Departamento Dr. Manuel Belgrano","provincia":{"id":"38","nombre":"Jujuy","interseccion":0},"fuente":"IGN","categoria":"Departamento","centroide":{"lon":-65.447878246,"lat":-24.089118376}}},
{"type":"Feature","geometry":{"type":"Polygon","coordinates":[[[-60.196307,-34.051445],[-60.3124,-34.001454],[-60.496387,-34.17646],[-60.46989,-34.199868],[-60.578268,-34.392173],[-60.488998,-34.41514],[-60.211227,-34.45956],[-60.08409,-34.367516],[-60.06503,-34.382654],[-60.004434,-34.328914],[-60.012141,-34.322914],[-59.970773,-34.28642],[-60.202878,-34.203902],[-60.196307,-34.051445]]]},"properties":{"id":"06714","nombre":"Salto","nombre_completo":"Partido de Salto","provincia":{"id":"06","nombre":"Buenos Aires","interseccion":0},"fuente":"IGN","categoria":"Partido","centroide":{"lon":-60.305287869,"lat":-34.271077787}}},
{"type":"Feature","geometry":{"type":"Polygon","coordinates":[[[-59.057152,-34.241501],[-59.3666,-34.198921],[-59.298677,-34.26429],[-59.310353,-34.289433],[-59.129594,-34.42061],[-59.097653,-34.464318],[-59.075912,-34.435339],[-58.992981,-34.379286],[-58.980257,-34.350643],[-58.918903,-34.413786],[-58.91853,-34.381908],[-59.057152,-34.241501]]]},"properties":{"id":"06266","nombre":"Exaltación de la Cruz","nombre_completo":"Partido de Exaltación de la Cruz","provincia":{"id":"06","nombre":"Buenos Aires","interseccion":0},"fuente":"IGN","categoria":"Partido","centroide":{"lon":-59.155946132,"lat":-34.295134224}}},
{"type":"Feature","geometry":{"type":"Polygon","coordinates":[[[-58.713374,-34.605638],[-58.646591,-34.501384],[-58.720899,-34.518234],[-58.77694,-34.557917],[-58.713374,-34.605638]]]},"properties":{"id":"06760","nombre":"San Miguel","nombre_completo":"Partido de San Miguel","provincia":{"id":"06","nombre":"Buenos Aires","interseccion":0},"fuente":"IGN","categoria":"Partido","centroide":{"lon":-58.691783523,"lat":-34.552134349}}},
{"type":"Feature","geometry":{"type":"Polygon","coordinates":[[[-59.298677,-34.26429],[-59.419483,-34.268607],[-59.644583,-34.417529],[-59.767615,-34.452814],[-59.768409,-34.507296],[-59.63243,-34.615017],[-59.523664,-34.596894],[-59.217716,-34.446564],[-59.239323,-34.413704],[-59.310353,-34.289433],[-59.298677,-34.26429]]]},"properties":{"id":"06728","nombre":"San Andrés de Giles","nombre_completo":"Partido de San Andrés de Giles","provincia":{"id":"06","nombre":"Buenos Aires","interseccion":0},"fuente":"IGN","categoria":"Partido","centroide":{"lon":-59.473198591,"lat":-34.437731429}}},
{"type":"Feature","geometry":{"type":"Polygon","coordinates":[[[-58.816989,-34.415404],[-58.907739,-34.359949],[-58.921214,-34.371547],[-58.919672,-34.414768],[-58.980257,-34.350643],[-58.992981,-34.379286],[-59.056272,-34.428206],[-58.96189,-34.533741],[-58.92842,-34.516204],[-58.847501,-34.549171],[-58.821687,-34.451956],[-58.784689,-34.476157],[-58.737313,-34.456416],[-58.777666,-34.404272],[-58.816989,-34.415404]]]},"properties":{"id":"06638","nombre":"Pilar","nombre_completo":"Partido de Pilar","provincia":{"id":"06","nombre":"Buenos Aires","interseccion":0},"fuente":"IGN","categoria":"Partido","centroide":{"lon":-58.90333273,"lat":-34.448164005}}},
{"type":"Feature","geometry":{"type":"Polygon","coordinates":[[[-59.129594,-34.42061],[-59.239323,-34.413704],[-59.217716,-34.446564],[-59.338525,-34.508444],[-59.262446,-34.620116],[-59.255899,-34.685583],[-59.164978,-34.803469],[-59.091209,-34.719233],[-59.136081,-34.65886],[-59.056377,-34.616464],[-58.954201,-34.543725],[-59.056272,-34.428206],[-59.097653,-34.464318],[-59.129594,-34.42061]]]},"properties":{"id":"06497","nombre":"Luján","nombre_completo":"Partido de Luján","provincia":{"id":"06","nombre":"Buenos Aires","interseccion":0},"fuente":"IGN","categoria":"Partido","centroide":{"lon":-59.15845644,"lat":-34.56732242}}},
{"type":"Feature","geometry":{"type":"Polygon","coordinates":[[[-65.466172,-26.882512],[-65.628707,-26.87629],[-65.663151,-26.910211],[-65.656217,-26.927838],[-65.592359,-26.933541],[-65.490398,-27.019647],[-65.421944,-27.112146],[-65.389996,-27.088708],[-65.351351,-27.087395],[-65.364846,-27.00096],[-65.466172,-26.882512]]]},"properties":{"id":"90028","nombre":"Famaillá","nombre_completo":"Departamento Famaillá","provincia":{"id":"90","nombre":"Tucumán","interseccion":0},"fuente":"IGN","categoria":"Departamento","centroide":{"lon":-65.478908498,"lat":-26.975968978}}},
{"type":"Feature","geometry":{"type":"Polygon","coordinates":[[[-60.488998,-34.41514],[-60.559846,-34.406436],[-60.677205,-34.509355],[-60.646701,-34.53305],[-60.741446,-34.649115],[-60.685321,-34.657039],[-60.494684,-34.838491],[-60.460279,-34.862375],[-60.32251,-34.761526],[-60.243552,-34.829956],[-60.172989,-34.770245],[-60.006599,-34.641007],[-59.967868,-34.691848],[-59.884567,-34.61943],[-60.083631,-34.469779],[-60.211227,-34.45956],[-60.488998,-34.41514]]]},"properties":{"id":"06210","nombre":"Chacabuco","nombre_completo":"Partido de Chacabuco","provincia":{"id":"06","nombre":"Buenos Aires","interseccion":0},"fuente":"IGN","categoria":"Partido","centroide":{"lon":-60.354308113,"lat":-34.618200295}}},
{"type":"Feature","geometry":{"type":"Polygon","coordinates":[[[-58.213064,-36.615489],[-58.43724,-36.452101],[-58.720954,-36.700227],[-58.666852,-36.742926],[-58.866825,-36.838371],[-58.936877,-36.936046],[-59.021495,-36.960095],[-59.040746,-37.026078],[-59.09013,-37.062779],[-58.610899,-37.411263],[-58.577112,-37.383977],[-58.426401,-37.501187],[-58.354633,-37.439849],[-58.282658,-37.492092],[-58.16358,-37.38824],[-58.09451,-37.437404],[-57.768972,-37.135971],[-57.944419,-37.007576],[-58.019866,-37.075971],[-58.286543,-36.88103],[-58.114422,-36.728124],[-58.226176,-36.627666],[-58.213064,-36.615489]]]},"properties":{"id":"06042","nombre":"Ayacucho","nombre_completo":"Partido de Ayacucho","provincia":{"id":"06","nombre":"Buenos Aires","interseccion":0},"fuente":"IGN","categoria":"Partido","centroide":{"lon":-58.442556524,"lat":-37.035430912}}},
{"type":"Feature","geometry":{"type":"Polygon","coordinates":[[[-62.473292,-36.457208],[-62.970025,-36.863033],[-62.647306,-37.123047],[-62.425401,-37.348682],[-61.892052,-37.022529],[-62.019701,-36.849688],[-61.993256,-36.854244],[-62.473292,-36.457208]]]},"properties":{"id":"06399","nombre":"Guaminí","nombre_completo":"Partido de Guaminí","provincia":{"id":"06","nombre":"Buenos Aires","interseccion":0},"fuente":"IGN","categoria":"Partido","centroide":{"lon":-62.418531061,"lat":-36.890675511}}},
{"type":"Feature","geometry":{"type":"Polygon","coordinates":[[[-63.942909,-36.265613],[-64.499617,-36.260164],[-64.505383,-36.622327],[-64.170455,-36.716355],[-64.169899,-36.805552],[-63.945801,-36.806208],[-63.942909,-36.265613]]]},"properties":{"id":"42021","nombre":"Capital","nombre_completo":"Departamento Capital","provincia":{"id":"42","nombre":"La Pampa","interseccion":0},"fuente":"IGN","categoria":"Departamento","centroide":{"lon":-64.198128305,"lat":-36.498062598}}},
{"type":"Feature","geometry":{"type":"Polygon","coordinates":[[[-64.180019,-24.263646],[-64.157057,-23.518042],[-64.351539,-23.531639],[-64.402164,-23.596546],[-64.393192,-23.610071],[-64.462014,-23.652982],[-64.484765,-23.700613],[-64.572274,-23.788499],[-64.664027,-23.992413],[-64.693555,-24.013995],[-64.679623,-24.016182],[-64.715697,-24.051111],[-64.705716,-24.064191],[-64.721683,-24.097049],[-64.692782,-24.209367],[-64.691722,-24.335168],[-64.578961,-24.320586],[-64.495878,-24.3015],[-64.547269,-24.421422],[-64.5,-24.506369],[-64.421652,-24.402206],[-64.273769,-24.393327],[-64.180019,-24.263646]]]},"properties":{"id":"38070","nombre":"Santa Bárbara","nombre_completo":"Departamento Santa Bárbara","provincia":{"id":"38","nombre":"Jujuy","interseccion":0},"fuente":"IGN","categoria":"Departamento","centroide":{"lon":-64.402311674,"lat":-24.007640145}}},
{"type":"Feature","geometry":{"type":"Polygon","coordinates":[[[-58.864113,-34.616882],[-58.92842,-34.516204],[-58.96189,-34.533741],[-58.954201,-34.543725],[-59.056377,-34.616464],[-59.133682,-34.664055],[-59.091209,-34.719233],[-59.03175,-34.763825],[-58.998289,-34.762792],[-58.935344,-34.703731],[-58.884468,-34.668796],[-58.864113,-34.616882]]]},"properties":{"id":"06364","nombre":"General Rodríguez","nombre_completo":"Partido de General Rodríguez","provincia":{"id":"06","nombre":"Buenos Aires","interseccion":0},"fuente":"IGN","categoria":"Partido","centroide":{"lon":-58.987846798,"lat":-34.65061569}}},
{"type":"Feature","geometry":{"type":"Polygon","coordinates":[[[-59.672959,-34.582629],[-59.754879,-34.518276],[-59.944678,-34.671979],[-59.798118,-34.82566],[-59.635369,-34.957987],[-59.466512,-34.87259],[-59.522594,-34.828793],[-59.71641,-34.620022],[-59.672959,-34.582629]]]},"properties":{"id":"06784","nombre":"Suipacha","nombre_completo":"Partido de Suipacha","provincia":{"id":"06","nombre":"Buenos Aires","interseccion":0},"fuente":"IGN","categoria":"Partido","centroide":{"lon":-59.703386049,"lat":-34.748574135}}},
{"type":"Feature","geometry":{"type":"Polygon","coordinates":[[[-58.562314,-34.591405],[-58.646336,-34.562968],[-58.529211,-34.65464],[-58.522972,-34.597563],[-58.562314,-34.591405]]]},"properties":{"id":"06840","nombre":"Tres de Febrero","nombre_completo":"Partido de Tres de Febrero","provincia":{"id":"06","nombre":"Buenos Aires","interseccion":0},"fuente":"IGN","categoria":"Partido","centroide":{"lon":-58.579188386,"lat":-34.596010074}}},
{"type":"Feature","geometry":{"type":"Polygon","coordinates":[[[-68.245308,-29.224319],[-68.707907,-29.059653],[-68.948177,-28.971063],[-68.908508,-29.044922],[-69.033718,-29.532973],[-69.012988,-29.652045],[-68.93479,-29.620129],[-68.887262,-29.620371],[-68.68251,-29.646533],[-68.520203,-29.637512],[-68.441284,-29.650513],[-68.258484,-29.746887],[-68.26777,-29.758605],[-68.199003,-29.781091],[-68.054332,-29.900302],[-67.99199,-29.979241],[-67.817039,-29.801329],[-67.612526,-29.656038],[-67.722733,-29.441338],[-67.767906,-29.354204],[-67.830444,-29.273819],[-67.856422,-29.170639],[-67.853439,-29.077093],[-68.245308,-29.224319]]]},"properties":{"id":"46028","nombre":"General Felipe Varela","nombre_completo":"Departamento General Felipe Varela","provincia":{"id":"46","nombre":"La Rioja","interseccion":0},"fuente":"IGN","categoria":"Departamento","centroide":{"lon":-68.328556648,"lat":-29.449905472}}},
{"type":"Feature","geometry":{"type":"Polygon","coordinates":[[[-59.218728,-34.852572],[-59.204517,-34.796227],[-59.408729,-34.842423],[-59.635369,-34.957987],[-59.605175,-34.997713],[-59.822241,-35.176824],[-59.721389,-35.222676],[-59.699119,-35.210947],[-59.663883,-35.210011],[-59.543009,-35.204349],[-59.552533,-35.254941],[-59.251455,-35.098279],[-59.247686,-35.064788],[-59.221344,-35.085086],[-59.071107,-34.961328],[-59.218728,-34.852572]]]},"properties":{"id":"06574","nombre":"Navarro","nombre_completo":"Partido de Navarro","provincia":{"id":"06","nombre":"Buenos Aires","interseccion":0},"fuente":"IGN","categoria":"Partido","centroide":{"lon":-59.429358554,"lat":-35.030484482}}},
{"type":"Feature","geometry":{"type":"Polygon","coordinates":[[[-58.599054,-34.942952],[-58.650331,-34.891087],[-58.765341,-34.958997],[-58.777483,-34.964965],[-58.934096,-35.103508],[-58.868975,-35.15357],[-58.894852,-35.176187],[-58.746748,-35.252702],[-58.663133,-35.354955],[-58.582098,-35.421437],[-58.525111,-35.366574],[-58.571654,-35.328204],[-58.46797,-35.238425],[-58.577919,-35.151662],[-58.600439,-35.052424],[-58.620151,-34.960741],[-58.599054,-34.942952]]]},"properties":{"id":"06134","nombre":"Cañuelas","nombre_completo":"Partido de Cañuelas","provincia":{"id":"06","nombre":"Buenos Aires","interseccion":0},"fuente":"IGN","categoria":"Partido","centroide":{"lon":-58.691094185,"lat":-35.144804496}}},
{"type":"Feature","geometry":{"type":"Polygon","coordinates":[[[-58.992581,-35.021429],[-59.071037,-34.961245],[-59.221344,-35.085086],[-59.247686,-35.064788],[-59.251455,-35.098279],[-59.552533,-35.254941],[-59.549982,-35.267531],[-59.480334,-35.287301],[-59.468508,-35.307371],[-59.393378,-35.290948],[-59.322525,-35.374677],[-59.26286,-35.390682],[-59.167243,-35.405904],[-59.02541,-35.352275],[-58.925107,-35.341701],[-58.808586,-35.23932],[-58.894852,-35.176187],[-58.868975,-35.15357],[-59.014807,-35.041293],[-58.992581,-35.021429]]]},"properties":{"id":"06483","nombre":"Lobos","nombre_completo":"Partido de Lobos","provincia":{"id":"06","nombre":"Buenos Aires","interseccion":0},"fuente":"IGN","categoria":"Partido","centroide":{"lon":-59.145741883,"lat":-35.219585786}}},
{"type":"Feature","geometry":{"type":"Polygon","coordinates":[[[-60.117957,-35.833675],[-60.213913,-35.756165],[-60.417136,-35.928244],[-60.461554,-35.949308],[-60.470953,-35.981062],[-60.57241,-36.028751],[-60.634758,-36.110023],[-60.698885,-36.135771],[-60.565185,-36.236201],[-60.35968,-36.326405],[-60.090175,-36.16134],[-59.966942,-36.248596],[-59.797111,-36.043748],[-59.718057,-36.105853],[-59.592439,-36.040529],[-59.516484,-35.975994],[-59.70006,-35.831667],[-59.872342,-35.876673],[-60.05608,-35.780529],[-60.117957,-35.833675]]]},"properties":{"id":"06287","nombre":"General Alvear","nombre_completo":"Partido de General Alvear","provincia":{"id":"06","nombre":"Buenos Aires","interseccion":0},"fuente":"IGN","categoria":"Partido","centroide":{"lon":-60.133153104,"lat":-36.03471065}}},
{"type":"Feature","geometry":{"type":"Polygon","coordinates":[[[-58.298454,-34.783439],[-58.194645,-34.735695],[-58.279639,-34.678642],[-58.346962,-34.739344],[-58.304114,-34.801165],[-58.298454,-34.783439]]]},"properties":{"id":"06658","nombre":"Quilmes","nombre_completo":"Partido de Quilmes","provincia":{"id":"06","nombre":"Buenos Aires","interseccion":0},"fuente":"IGN","categoria":"Partido","centroide":{"lon":-58.276858021,"lat":-34.734970799}}},
{"type":"Feature","geometry":{"type":"Polygon","coordinates":[[[-58.204319,-35.825715],[-58.263821,-35.823052],[-58.271799,-35.858634],[-58.571854,-36.120966],[-58.70753,-36.01728],[-58.828857,-36.110816],[-58.763092,-36.208308],[-58.579097,-36.347371],[-58.213064,-36.615489],[-58.101463,-36.521294],[-58.189421,-36.452361],[-57.959721,-36.252922],[-58.093219,-36.154813],[-57.966803,-36.064632],[-58.033108,-36.014475],[-58.008142,-35.960545],[-58.090674,-35.939232],[-58.147228,-35.866575],[-58.185232,-35.863478],[-58.204319,-35.825715]]]},"properties":{"id":"06630","nombre":"Pila","nombre_completo":"Partido de Pila","provincia":{"id":"06","nombre":"Buenos Aires","interseccion":0},"fuente":"IGN","categoria":"Partido","centroide":{"lon":-58.340443051,"lat":-36.202984224}}},
{"type":"Feature","geometry":{"type":"Polygon","coordinates":[[[-60.891327,-37.302355],[-61.423479,-36.864583],[-61.740514,-37.106126],[-61.744262,-37.271556],[-61.44205,-37.734938],[-61.60554,-37.861534],[-61.509471,-37.939054],[-60.878539,-37.451456],[-60.975452,-37.36813],[-60.891327,-37.302355]]]},"properties":{"id":"06322","nombre":"General La Madrid","nombre_completo":"Partido de General La Madrid","provincia":{"id":"06","nombre":"Buenos Aires","interseccion":0},"fuente":"IGN","categoria":"Partido","centroide":{"lon":-61.344130895,"lat":-37.356127777}}},
{"type":"Feature","geometry":{"type":"Polygon","coordinates":[[[-60.695447,-35.968815],[-60.867915,-35.840008],[-60.969673,-35.926616],[-61.035297,-35.876663],[-61.439692,-36.214419],[-61.406099,-36.240961],[-61.724667,-36.494265],[-61.685623,-36.535906],[-61.616876,-36.569896],[-61.497217,-36.744068],[-61.36885,-36.640992],[-61.254822,-36.734982],[-60.896234,-36.451336],[-60.929622,-36.424551],[-60.860253,-36.322509],[-60.799079,-36.231555],[-60.810381,-36.210357],[-60.727343,-36.13721],[-60.634758,-36.110023],[-60.57241,-36.028751],[-60.638071,-35.921069],[-60.695447,-35.968815]]]},"properties":{"id":"06105","nombre":"Bolívar","nombre_completo":"Partido de Bolívar","provincia":{"id":"06","nombre":"Buenos Aires","interseccion":0},"fuente":"IGN","categoria":"Partido","centroide":{"lon":-61.149860085,"lat":-36.298947958}}},
{"type":"Feature","geometry":{"type":"Polygon","coordinates":[[[-59.229713,-36.42085],[-59.487573,-36.227528],[-59.634577,-36.35887],[-59.727204,-36.288222],[-59.931181,-36.466614],[-60.023689,-36.531839],[-59.918892,-36.614812],[-60.062826,-36.731805],[-60.135004,-36.674827],[-60.161412,-36.719657],[-60.001358,-36.835483],[-60.126382,-37.096824],[-60.207603,-37.172768],[-59.986742,-37.339941],[-59.953258,-37.447512],[-59.826494,-37.31093],[-59.806436,-37.251132],[-59.69936,-37.216611],[-59.359664,-36.897223],[-59.365012,-36.85126],[-59.352794,-36.825044],[-59.281526,-36.764637],[-59.13842,-36.542876],[-59.249996,-36.437525],[-59.229713,-36.42085]]]},"properties":{"id":"06049","nombre":"Azul","nombre_completo":"Partido de Azul","provincia":{"id":"06","nombre":"Buenos Aires","interseccion":0},"fuente":"IGN","categoria":"Partido","centroide":{"lon":-59.696478338,"lat":-36.785935217}}},
{"type":"Feature","geometry":{"type":"Polygon","coordinates":[[[-62.048248,-36.325905],[-62.144315,-36.245472],[-62.178949,-36.271882],[-62.473292,-36.457208],[-61.993256,-36.854244],[-62.019701,-36.849688],[-61.859765,-36.992546],[-61.778158,-36.930425],[-61.70785,-36.907189],[-61.599035,-36.998985],[-61.254822,-36.734982],[-61.36885,-36.640992],[-61.497217,-36.744068],[-61.616876,-36.569896],[-61.685623,-36.535906],[-61.724667,-36.494265],[-61.763409,-36.524946],[-62.048248,-36.325905]]]},"properties":{"id":"06231","nombre":"Daireaux","nombre_completo":"Partido de Daireaux","provincia":{"id":"06","nombre":"Buenos Aires","interseccion":0},"fuente":"IGN","categoria":"Partido","centroide":{"lon":-61.891249553,"lat":-36.640869217}}},
{"type":"Feature","geometry":{"type":"Polygon","coordinates":[[[-68.837605,-32.904557],[-69.003214,-32.904597],[-69.009927,-32.960512],[-68.829727,-32.960285],[-68.839026,-32.929283],[-68.837605,-32.904557]]]},"properties":{"id":"50021","nombre":"Godoy Cruz","nombre_completo":"Departamento Godoy Cruz","provincia":{"id":"50","nombre":"Mendoza","interseccion":0},"fuente":"IGN","categoria":"Departamento","centroide":{"lon":-68.914136225,"lat":-32.93207444}}},
{"type":"Feature","geometry":{"type":"Polygon","coordinates":[[[-65.723063,-25.935045],[-65.797369,-25.882005],[-65.806841,-25.913304],[-65.857204,-26.027246],[-66.159838,-26.043647],[-66.181224,-26.135193],[-66.099757,-26.220486],[-65.72303,-26.312712],[-65.722753,-26.2798],[-65.711897,-26.208357],[-65.694952,-26.184853],[-65.696882,-26.141425],[-65.661828,-26.057727],[-65.636556,-26.038451],[-65.616597,-25.997992],[-65.629279,-25.967175],[-65.75486,-25.955604],[-65.723063,-25.935045]]]},"properties":{"id":"66021","nombre":"Cafayate","nombre_completo":"Departamento Cafayate","provincia":{"id":"66","nombre":"Salta","interseccion":0},"fuente":"IGN","categoria":"Departamento","centroide":{"lon":-65.876723058,"lat":-26.125748999}}},
{"type":"Feature","geometry":{"type":"Polygon","coordinates":[[[-62.383878,-37.393046],[-62.425401,-37.348682],[-62.581433,-37.549222],[-62.895559,-37.819165],[-62.575304,-38.075172],[-62.489683,-38.008184],[-62.346075,-38.136294],[-62.157986,-37.966556],[-62.098933,-37.935484],[-62.04469,-37.752474],[-62.383878,-37.393046]]]},"properties":{"id":"06700","nombre":"Saavedra","nombre_completo":"Partido de Saavedra","provincia":{"id":"06","nombre":"Buenos Aires","interseccion":0},"fuente":"IGN","categoria":"Partido","centroide":{"lon":-62.434382914,"lat":-37.770638133}}},
{"type":"Feature","geometry":{"type":"Polygon","coordinates":[[[-61.314896,-38.946281],[-61.342026,-38.915846],[-61.45268,-38.924034],[-61.45573,-38.995401],[-61.110167,-38.99589],[-61.13784,-38.929388],[-61.314896,-38.946281]]]},"properties":{"id":"06553","nombre":"Monte Hermoso","nombre_completo":"Partido de Monte Hermoso","provincia":{"id":"06","nombre":"Buenos Aires","interseccion":0},"fuente":"IGN","categoria":"Partido","centroide":{"lon":-61.292146695,"lat":-38.961623789}}},
{"type":"Feature","geometry":{"type":"Polygon","coordinates":[[[-58.507343,-37.805742],[-58.809127,-37.578725],[-59.162361,-37.876616],[-59.167908,-37.936657],[-59.127687,-37.973595],[-58.752001,-38.488722],[-58.708025,-38.495017],[-58.619452,-38.561874],[-58.238084,-38.445795],[-58.256504,-38.43595],[-58.284854,-38.385569],[-58.343611,-38.15957],[-58.329126,-38.074098],[-58.591233,-37.877994],[-58.507343,-37.805742]]]},"properties":{"id":"06476","nombre":"Lobería","nombre_completo":"Partido de Lobería","provincia":{"id":"06","nombre":"Buenos Aires","interseccion":0},"fuente":"IGN","categoria":"Partido","centroide":{"lon":-58.693549779,"lat":-38.090052819}}},
{"type":"Feature","geometry":{"type":"Polygon","coordinates":[[[-57.752355,-34.970663],[-57.876953,-34.827722],[-57.931845,-34.903461],[-57.895903,-34.930436],[-57.752355,-34.970663]]]},"properties":{"id":"06098","nombre":"Berisso","nombre_completo":"Partido de Berisso","provincia":{"id":"06","nombre":"Buenos Aires","interseccion":0},"fuente":"IGN","categoria":"Partido","centroide":{"lon":-57.828379772,"lat":-34.909355114}}},
{"type":"Feature","geometry":{"type":"Polygon","coordinates":[[[-57.209226,-36.196221],[-57.417854,-36.157623],[-57.473263,-36.340341],[-57.342985,-36.366172],[-57.464357,-36.570926],[-57.328779,-36.669157],[-57.064657,-36.385595],[-57.018512,-36.322275],[-57.209226,-36.196221]]]},"properties":{"id":"06812","nombre":"Tordillo","nombre_completo":"Partido de Tordillo","provincia":{"id":"06","nombre":"Buenos Aires","interseccion":0},"fuente":"IGN","categoria":"Partido","centroide":{"lon":-57.273811645,"lat":-36.390515122}}},
{"type":"Feature","geometry":{"type":"Polygon","coordinates":[[[-59.168091,-33.809387],[-59.276361,-33.820257],[-59.30209,-33.846625],[-59.240136,-33.896258],[-59.260541,-33.941577],[-59.309814,-33.924122],[-59.347137,-33.935033],[-59.308491,-34.019271],[-59.302504,-34.064062],[-59.279567,-34.145967],[-59.102904,-34.200122],[-58.973315,-34.129096],[-58.966046,-33.960581],[-58.837201,-33.953751],[-58.868435,-33.936506],[-58.89978,-33.890991],[-59.055481,-33.832397],[-59.168091,-33.809387]]]},"properties":{"id":"06882","nombre":"Zárate","nombre_completo":"Partido de Zárate","provincia":{"id":"06","nombre":"Buenos Aires","interseccion":0},"fuente":"IGN","categoria":"Partido","centroide":{"lon":-59.1282153,"lat":-33.997089798}}},
{"type":"Feature","geometry":{"type":"Polygon","coordinates":[[[-60.04484,-33.447527],[-60.098816,-33.383118],[-60.138123,-33.35907],[-60.168068,-33.352751],[-60.171356,-33.386881],[-60.189845,-33.40878],[-60.193732,-33.450409],[-60.159961,-33.473895],[-60.172126,-33.510936],[-60.199045,-33.534505],[-60.244439,-33.615686],[-60.280919,-33.62046],[-60.313175,-33.651123],[-60.17224,-33.661924],[-60.141242,-33.693094],[-60.156379,-33.745477],[-60.016753,-33.826422],[-60.072709,-33.778856],[-60.041144,-33.768819],[-59.80953,-33.551657],[-59.894744,-33.510284],[-60.04484,-33.447527]]]},"properties":{"id":"06665","nombre":"Ramallo","nombre_completo":"Partido de Ramallo","provincia":{"id":"06","nombre":"Buenos Aires","interseccion":0},"fuente":"IGN","categoria":"Partido","centroide":{"lon":-60.057506441,"lat":-33.587186147}}},
{"type":"Feature","geometry":{"type":"Polygon","coordinates":[[[-60.200684,-33.292175],[-60.272714,-33.263863],[-60.264612,-33.281316],[-60.323963,-33.350753],[-60.410217,-33.467886],[-60.418494,-33.55853],[-60.458415,-33.587507],[-60.429335,-33.619387],[-60.326792,-33.68327],[-60.286591,-33.624462],[-60.242323,-33.613425],[-60.160214,-33.47861],[-60.194469,-33.444784],[-60.165553,-33.350769],[-60.200684,-33.292175]]]},"properties":{"id":"06763","nombre":"San Nicolás","nombre_completo":"Partido de San Nicolás","provincia":{"id":"06","nombre":"Buenos Aires","interseccion":0},"fuente":"IGN","categoria":"Partido","centroide":{"lon":-60.29314878,"lat":-33.482987331}}},
{"type":"Feature","geometry":{"type":"Polygon","coordinates":[[[-63.06807,-28.891836],[-63.38374,-28.555586],[-63.467014,-28.542477],[-63.475132,-28.57644],[-63.523658,-28.568908],[-63.601377,-28.626493],[-63.581536,-28.648223],[-63.552603,-28.728759],[-63.658616,-28.793683],[-63.592891,-28.876249],[-63.649933,-28.929705],[-63.361975,-29.128414],[-63.214187,-29.238999],[-63.158121,-29.29132],[-63.157838,-29.312376],[-62.980707,-29.20199],[-62.980219,-28.966661],[-63.06807,-28.891836]]]},"properties":{"id":"86168","nombre":"Salavina","nombre_completo":"Departamento Salavina","provincia":{"id":"86","nombre":"Santiago del Estero","interseccion":0},"fuente":"IGN","categoria":"Departamento","centroide":{"lon":-63.303594954,"lat":-28.91874359}}},
{"type":"Feature","geometry":{"type":"Polygon","coordinates":[[[-63.918406,-25.682139],[-64.196277,-25.728002],[-64.197499,-25.709462],[-64.267966,-25.700569],[-64.416683,-26.114299],[-64.502102,-26.239475],[-64.481788,-26.307587],[-64.531548,-26.378662],[-64.5208,-26.54796],[-64.417194,-26.553966],[-64.417084,-26.565949],[-64.282071,-26.568611],[-64.162415,-26.697073],[-63.877283,-26.721246],[-63.692344,-26.478669],[-63.720735,-26.376258],[-63.773703,-26.264563],[-63.764161,-26.197516],[-63.705095,-26.10987],[-63.747992,-25.951263],[-63.746026,-25.937674],[-63.918406,-25.682139]]]},"properties":{"id":"86133","nombre":"Pellegrini","nombre_completo":"Departamento Pellegrini","provincia":{"id":"86","nombre":"Santiago del Estero","interseccion":0},"fuente":"IGN","categoria":"Departamento","centroide":{"lon":-64.091749828,"lat":-26.219901837}}},
{"type":"Feature","geometry":{"type":"Polygon","coordinates":[[[-63.109666,-28.327234],[-63.228288,-28.327328],[-63.230934,-28.349338],[-63.333949,-28.329882],[-63.61683,-28.198956],[-63.628522,-28.251809],[-63.694057,-28.379496],[-63.78646,-28.435725],[-63.68985,-28.518852],[-63.601377,-28.626493],[-63.523658,-28.568908],[-63.475132,-28.57644],[-63.467014,-28.542477],[-63.38374,-28.555586],[-63.06807,-28.891836],[-62.894551,-28.862979],[-62.655158,-28.847073],[-62.753373,-28.632442],[-63.040787,-28.407598],[-63.109666,-28.327234]]]},"properties":{"id":"86028","nombre":"Avellaneda","nombre_completo":"Departamento Avellaneda","provincia":{"id":"86","nombre":"Santiago del Estero","interseccion":0},"fuente":"IGN","categoria":"Departamento","centroide":{"lon":-63.203766588,"lat":-28.555362665}}},
{"type":"Feature","geometry":{"type":"Polygon","coordinates":[[[-63.55025,-32.822659],[-63.721518,-32.79069],[-63.699917,-32.709768],[-63.907448,-32.700379],[-63.977397,-32.737687],[-64.048031,-33.001873],[-63.976576,-33.054285],[-64.047937,-33.192644],[-63.890153,-33.199488],[-63.88538,-33.643289],[-64.039213,-33.643104],[-64.035989,-33.832822],[-63.22851,-33.830576],[-63.08166,-33.272762],[-63.218448,-33.247014],[-63.190967,-33.1006],[-63.30033,-33.081448],[-63.316603,-33.143264],[-63.481338,-33.118902],[-63.345376,-32.861307],[-63.420808,-32.909828],[-63.55025,-32.822659]]]},"properties":{"id":"14056","nombre":"Juárez Celman","nombre_completo":"Departamento Juárez Celman","provincia":{"id":"14","nombre":"Córdoba","interseccion":0},"fuente":"IGN","categoria":"Departamento","centroide":{"lon":-63.606385855,"lat":-33.329574481}}},
{"type":"Feature","geometry":{"type":"Polygon","coordinates":[[[-65.094195,-24.715499],[-65.119734,-24.706561],[-65.342592,-24.721616],[-65.445186,-24.713418],[-65.563512,-24.655432],[-65.581356,-24.644548],[-65.599435,-24.806455],[-65.514989,-24.857543],[-65.342764,-24.862338],[-65.305691,-25.060156],[-65.244553,-25.115387],[-65.228726,-25.155459],[-65.271177,-25.221772],[-65.27842,-25.258065],[-65.298592,-25.298822],[-65.214248,-25.239397],[-65.156152,-25.112276],[-65.065473,-24.999102],[-65.053285,-24.865612],[-65.094195,-24.715499]]]},"properties":{"id":"66028","nombre":"Capital","nombre_completo":"Departamento Capital","provincia":{"id":"66","nombre":"Salta","interseccion":0},"fuente":"IGN","categoria":"Departamento","centroide":{"lon":-65.271322401,"lat":-24.889794923}}},
{"type":"Feature","geometry":{"type":"Polygon","coordinates":[[[-65.254313,-25.889382],[-65.442243,-25.957733],[-65.47033,-26.014959],[-65.527314,-26.04121],[-65.563372,-26.088893],[-65.465396,-26.091277],[-65.297906,-26.081736],[-65.275338,-26.171237],[-65.040725,-26.229933],[-65.039509,-26.290334],[-64.972518,-26.274381],[-64.917338,-26.199506],[-64.884321,-26.044811],[-65.194625,-26.025163],[-65.254313,-25.889382]]]},"properties":{"id":"66084","nombre":"La Candelaria","nombre_completo":"Departamento La Candelaria","provincia":{"id":"66","nombre":"Salta","interseccion":0},"fuente":"IGN","categoria":"Departamento","centroide":{"lon":-65.176022047,"lat":-26.084873179}}},
{"type":"Feature","geometry":{"type":"Polygon","coordinates":[[[-65.186565,-25.409541],[-65.335634,-25.42692],[-65.395067,-25.284752],[-65.619142,-25.630062],[-65.683276,-25.764266],[-65.704275,-25.827474],[-65.723063,-25.935045],[-65.75486,-25.955604],[-65.619804,-25.971039],[-65.617324,-26.002101],[-65.661828,-26.057727],[-65.688515,-26.117262],[-65.587305,-26.114487],[-65.552128,-26.089172],[-65.563372,-26.088893],[-65.527314,-26.04121],[-65.47033,-26.014959],[-65.442243,-25.957733],[-65.278362,-25.80763],[-65.134066,-25.620948],[-65.149327,-25.537793],[-65.163652,-25.4433],[-65.186565,-25.409541]]]},"properties":{"id":"66063","nombre":"Guachipas","nombre_completo":"Departamento Guachipas","provincia":{"id":"66","nombre":"Salta","interseccion":0},"fuente":"IGN","categoria":"Departamento","centroide":{"lon":-65.444540624,"lat":-25.70295843}}},
{"type":"Feature","geometry":{"type":"Polygon","coordinates":[[[-64.344229,-30.938237],[-64.37487,-30.911384],[-64.438753,-30.913773],[-64.429648,-30.972589],[-64.449223,-31.060553],[-64.433363,-31.372285],[-64.351087,-31.371337],[-64.309786,-31.363288],[-64.309786,-31.308532],[-64.057382,-31.308528],[-64.055635,-31.42196],[-63.975044,-31.452108],[-63.952104,-31.439694],[-63.953326,-31.346072],[-63.823204,-31.073393],[-63.8957,-31.018725],[-63.991177,-30.918199],[-64.344229,-30.938237]]]},"properties":{"id":"14021","nombre":"Colón","nombre_completo":"Departamento Colón","provincia":{"id":"14","nombre":"Córdoba","interseccion":0},"fuente":"IGN","categoria":"Departamento","centroide":{"lon":-64.149086868,"lat":-31.146180944}}},
{"type":"Feature","geometry":{"type":"MultiPolygon","coordinates":[[[[-56.028888,-27.382855],[-56.075218,-27.307035],[-56.284233,-27.408492],[-56.388842,-27.606019],[-56.60355,-27.431417],[-56.718782,-27.464558],[-56.737386,-27.603732],[-56.853279,-27.605231],[-56.952723,-27.535117],[-56.945395,-27.573406],[-57.096832,-27.665062],[-57.354622,-27.934608],[-57.442059,-28.269846],[-57.644291,-28.419729],[-57.690651,-28.501316],[-57.612274,-28.595654],[-57.366116,-28.579321],[-57.302959,-28.564119],[-56.87529,-28.229994],[-56.779537,-28.080662],[-56.663376,-27.952679],[-56.622433,-27.849346],[-56.467884,-27.939465],[-56.321867,-27.878542],[-56.239689,-27.81897],[-56.22932,-27.769571],[-56.152083,-27.798644],[-55.874653,-27.958235],[-55.885536,-28.020716],[-55.813082,-27.931874],[-55.827123,-27.854597],[-55.825537,-27.791656],[-55.9789,-27.5402],[-56.026635,-27.507277],[-56.055421,-27.420687],[-56.028888,-27.382855]]],[[[-56.914826,-27.42354],[-57.032066,-27.480648],[-56.970105,-27.492732],[-56.840421,-27.596181],[-56.737973,-27.550577],[-56.914826,-27.42354]]]]},"properties":{"id":"18084","nombre":"Ituzaingó","nombre_completo":"Departamento Ituzaingó","provincia":{"id":"18","nombre":"Corrientes","interseccion":0},"fuente":"IGN","categoria":"Departamento","centroide":{"lon":-56.790098224,"lat":-27.911308576}}},
{"type":"Feature","geometry":{"type":"Polygon","coordinates":[[[-67.813209,-28.37168],[-67.861015,-28.295345],[-67.824707,-28.881281],[-67.835197,-29.014641],[-67.215881,-29.013229],[-67.174805,-28.905529],[-67.225487,-28.850174],[-67.257011,-28.74227],[-67.264908,-28.687328],[-67.253647,-28.571543],[-67.273682,-28.520773],[-67.437355,-28.417009],[-67.446399,-28.368021],[-67.695747,-28.311834],[-67.760398,-28.329361],[-67.813209,-28.37168]]]},"properties":{"id":"46049","nombre":"Famatina","nombre_completo":"Departamento Famatina","provincia":{"id":"46","nombre":"La Rioja","interseccion":0},"fuente":"IGN","categoria":"Departamento","centroide":{"lon":-67.559254312,"lat":-28.697353621}}},
{"type":"Feature","geometry":{"type":"Polygon","coordinates":[[[-61.382702,-33.366514],[-61.347199,-33.413215],[-61.416516,-33.45054],[-61.125074,-33.833905],[-60.934033,-33.654727],[-60.918108,-33.58837],[-60.861337,-33.546332],[-60.818249,-33.540293],[-60.781951,-33.578969],[-60.556949,-33.646598],[-60.463407,-33.634615],[-60.45738,-33.58236],[-60.413831,-33.545012],[-60.410217,-33.467886],[-60.323963,-33.350753],[-60.264612,-33.281316],[-60.272714,-33.263863],[-60.297829,-33.242284],[-60.329475,-33.176849],[-60.333292,-33.21455],[-60.579748,-33.361901],[-60.711278,-33.307414],[-60.759675,-33.310795],[-60.791615,-33.274931],[-60.819877,-33.266556],[-60.894599,-33.293708],[-60.933745,-33.356879],[-61.066813,-33.429335],[-61.074989,-33.419047],[-61.188837,-33.491621],[-61.313782,-33.329084],[-61.382702,-33.366514]]]},"properties":{"id":"82028","nombre":"Constitución","nombre_completo":"Departamento Constitución","provincia":{"id":"82","nombre":"Santa Fe","interseccion":0},"fuente":"IGN","categoria":"Departamento","centroide":{"lon":-60.83740013,"lat":-33.487139917}}},
{"type":"Feature","geometry":{"type":"Polygon","coordinates":[[[-61.06195,-33.090011],[-61.207199,-32.902701],[-61.246233,-32.943183],[-61.635657,-33.066655],[-61.663449,-33.091601],[-61.701136,-33.093937],[-61.743878,-33.073054],[-61.795935,-33.014465],[-61.923249,-33.119581],[-62.131135,-33.397569],[-61.927967,-33.411744],[-61.910255,-33.511215],[-61.607372,-33.286881],[-61.470455,-33.380616],[-61.452371,-33.404411],[-61.313782,-33.329084],[-61.188837,-33.491621],[-61.074989,-33.419047],[-61.129567,-33.349297],[-61.154842,-33.164672],[-61.06195,-33.090011]]]},"properties":{"id":"82014","nombre":"Caseros","nombre_completo":"Departamento Caseros","provincia":{"id":"82","nombre":"Santa Fe","interseccion":0},"fuente":"IGN","categoria":"Departamento","centroide":{"lon":-61.54286212,"lat":-33.224973938}}},
{"type":"Feature","geometry":{"type":"Polygon","coordinates":[[[-60.658922,-32.833918],[-60.781536,-32.838679],[-60.842348,-32.820071],[-60.877885,-32.953012],[-61.008839,-32.929391],[-60.912189,-33.094549],[-60.942514,-33.155495],[-61.001614,-33.247383],[-60.92414,-33.339684],[-60.888991,-33.290054],[-60.804328,-33.265988],[-60.711278,-33.307414],[-60.579748,-33.361901],[-60.333292,-33.21455],[-60.398004,-33.186843],[-60.681398,-32.871564],[-60.658922,-32.833918]]]},"properties":{"id":"82084","nombre":"Rosario","nombre_completo":"Departamento Rosario","provincia":{"id":"82","nombre":"Santa Fe","interseccion":0},"fuente":"IGN","categoria":"Departamento","centroide":{"lon":-60.723242232,"lat":-33.117847265}}},
{"type":"Feature","geometry":{"type":"Polygon","coordinates":[[[-60.747375,-32.554321],[-60.769142,-32.496755],[-60.794975,-32.497452],[-60.794388,-32.453331],[-60.803599,-32.442134],[-60.855273,-32.474007],[-60.860205,-32.502068],[-60.842397,-32.590679],[-60.874438,-32.680302],[-60.888647,-32.668882],[-61.054691,-32.77002],[-61.062543,-32.802532],[-61.207199,-32.902701],[-61.06195,-33.090011],[-61.154842,-33.164672],[-61.129567,-33.349297],[-61.066813,-33.429335],[-60.92414,-33.339684],[-61.001614,-33.247383],[-60.942514,-33.155495],[-60.912189,-33.094549],[-61.008839,-32.929391],[-60.877885,-32.953012],[-60.842348,-32.820071],[-60.781536,-32.838679],[-60.658922,-32.833918],[-60.716003,-32.773621],[-60.747375,-32.554321]]]},"properties":{"id":"82119","nombre":"San Lorenzo","nombre_completo":"Departamento San Lorenzo","provincia":{"id":"82","nombre":"Santa Fe","interseccion":0},"fuente":"IGN","categoria":"Departamento","centroide":{"lon":-60.964007888,"lat":-32.941332536}}},
{"type":"Feature","geometry":{"type":"Polygon","coordinates":[[[-60.896693,-32.467448],[-61.437693,-32.393785],[-61.51829,-32.849087],[-61.642431,-32.883241],[-61.712784,-33.090654],[-61.649399,-33.088897],[-61.635657,-33.066655],[-61.246233,-32.943183],[-61.178001,-32.857238],[-61.062543,-32.802532],[-61.054691,-32.77002],[-60.888647,-32.668882],[-60.874438,-32.680302],[-60.842397,-32.590679],[-60.860205,-32.502068],[-60.867643,-32.451598],[-60.896693,-32.467448]]]},"properties":{"id":"82056","nombre":"Iriondo","nombre_completo":"Departamento Iriondo","provincia":{"id":"82","nombre":"Santa Fe","interseccion":0},"fuente":"IGN","categoria":"Departamento","centroide":{"lon":-61.273387709,"lat":-32.706083609}}},
{"type":"Feature","geometry":{"type":"Polygon","coordinates":[[[-65.488099,-24.295716],[-65.672471,-24.248699],[-65.682687,-24.307724],[-65.600152,-24.41704],[-65.506331,-24.455422],[-65.464285,-24.430577],[-65.425286,-24.450446],[-65.350647,-24.429042],[-65.357192,-24.383036],[-65.269488,-24.313825],[-65.181417,-24.330855],[-65.137568,-24.326402],[-65.178695,-24.278348],[-65.203972,-24.286453],[-65.345795,-24.254992],[-65.379627,-24.277696],[-65.488099,-24.295716]]]},"properties":{"id":"38056","nombre":"San Antonio","nombre_completo":"Departamento San Antonio","provincia":{"id":"38","nombre":"Jujuy","interseccion":0},"fuente":"IGN","categoria":"Departamento","centroide":{"lon":-65.446503451,"lat":-24.346665529}}},
{"type":"Feature","geometry":{"type":"Polygon","coordinates":[[[-66.349806,-22.282337],[-66.414029,-22.246449],[-66.464004,-22.311949],[-66.492618,-22.376444],[-66.565594,-22.419494],[-66.68159,-22.377814],[-67.02725,-22.540883],[-67.014083,-22.654814],[-67.1805,-22.814128],[-66.991219,-22.999306],[-66.584886,-22.999308],[-66.59148,-22.852128],[-66.431645,-22.72857],[-65.92132,-22.620704],[-65.828482,-22.438667],[-65.986105,-22.403345],[-66.059483,-22.258443],[-66.349806,-22.282337]]]},"properties":{"id":"38049","nombre":"Rinconada","nombre_completo":"Departamento Rinconada","provincia":{"id":"38","nombre":"Jujuy","interseccion":0},"fuente":"IGN","categoria":"Departamento","centroide":{"lon":-66.54156322,"lat":-22.621441999}}},
{"type":"Feature","geometry":{"type":"Polygon","coordinates":[[[-61.851766,-23.09446],[-61.99712,-23.010175],[-62.342256,-22.460941],[-62.341974,-23.495424],[-61.843887,-23.492922],[-61.851766,-23.09446]]]},"properties":{"id":"34063","nombre":"Ramón Lista","nombre_completo":"Departamento Ramón Lista","provincia":{"id":"34","nombre":"Formosa","interseccion":0},"fuente":"IGN","categoria":"Departamento","centroide":{"lon":-62.137889214,"lat":-23.120377015}}},
{"type":"Feature","geometry":{"type":"Polygon","coordinates":[[[-66.011199,-23.508777],[-66.160238,-23.416337],[-66.219331,-23.485261],[-66.330341,-23.656613],[-66.353303,-23.825257],[-66.361693,-23.911129],[-66.154788,-24.016113],[-66.236525,-24.437775],[-66.502095,-24.242702],[-66.50996,-24.295203],[-66.360639,-24.53866],[-66.367719,-24.607145],[-66.408601,-24.69963],[-66.426189,-24.731549],[-66.401618,-24.833847],[-66.329833,-24.862694],[-66.260708,-24.857007],[-66.128687,-24.929725],[-66.107618,-24.863221],[-66.09717,-24.793776],[-66.126703,-24.708067],[-66.137313,-24.527457],[-66.193557,-24.433225],[-66.007818,-24.002153],[-65.937246,-23.974241],[-65.956284,-23.966103],[-65.990907,-23.981739],[-65.999172,-23.936467],[-66.016548,-23.918078],[-66.021926,-23.861713],[-65.987219,-23.509654],[-66.011199,-23.508777]]]},"properties":{"id":"66091","nombre":"La Poma","nombre_completo":"Departamento La Poma","provincia":{"id":"66","nombre":"Salta","interseccion":0},"fuente":"IGN","categoria":"Departamento","centroide":{"lon":-66.207297364,"lat":-24.146976524}}},
{"type":"Feature","geometry":{"type":"Polygon","coordinates":[[[-65.973601,-42],[-65.942741,-42.862286],[-64.857255,-42.836409],[-65.030835,-42.768544],[-64.985036,-42.653649],[-64.580198,-42.490838],[-64.213825,-42.621938],[-64.260038,-42.746995],[-64.128927,-42.877264],[-63.629964,-42.764628],[-63.603028,-42.315433],[-63.759454,-42.076107],[-64.37875,-42.238345],[-64.072304,-42.263453],[-64.120292,-42.428267],[-64.475932,-42.438623],[-64.620096,-42.402986],[-64.464209,-42.239523],[-64.880279,-42.180798],[-65.069254,-42],[-65.973601,-42]]]},"properties":{"id":"26007","nombre":"Biedma","nombre_completo":"Departamento Biedma","provincia":{"id":"26","nombre":"Chubut","interseccion":0},"fuente":"IGN","categoria":"Departamento","centroide":{"lon":-64.93334799,"lat":-42.443591381}}},
{"type":"Feature","geometry":{"type":"Polygon","coordinates":[[[-58.663376,-27.422672],[-58.694978,-27.382996],[-58.707917,-27.366175],[-58.781012,-27.381778],[-58.881402,-27.497892],[-58.882746,-27.608523],[-58.804003,-27.654654],[-58.727235,-27.627213],[-58.668322,-27.612259],[-58.636375,-27.474614],[-58.663376,-27.422672]]]},"properties":{"id":"18021","nombre":"Capital","nombre_completo":"Departamento Capital","provincia":{"id":"18","nombre":"Corrientes","interseccion":0},"fuente":"IGN","categoria":"Departamento","centroide":{"lon":-58.762484236,"lat":-27.522336712}}},
{"type":"Feature","geometry":{"type":"Polygon","coordinates":[[[-58.22031,-27.443373],[-58.343173,-27.407808],[-58.355465,-27.397865],[-58.413815,-27.408903],[-58.455436,-27.416787],[-58.548492,-27.487389],[-58.668322,-27.612259],[-58.596397,-27.647038],[-58.601025,-27.718502],[-58.385864,-27.784874],[-58.396679,-27.858402],[-58.328262,-27.85288],[-58.303917,-27.953382],[-58.194675,-27.901176],[-58.147911,-27.857052],[-58.16853,-27.829624],[-58.242813,-27.83758],[-58.304054,-27.795339],[-57.831104,-27.485617],[-57.875954,-27.43956],[-57.980827,-27.402863],[-58.22031,-27.443373]]]},"properties":{"id":"18140","nombre":"San Luis del Palmar","nombre_completo":"Departamento San Luis del Palmar","provincia":{"id":"18","nombre":"Corrientes","interseccion":0},"fuente":"IGN","categoria":"Departamento","centroide":{"lon":-58.268350823,"lat":-27.602053078}}},
{"type":"Feature","geometry":{"type":"Polygon","coordinates":[[[-60.063374,-25.673913],[-60.101138,-26.302762],[-59.853503,-26.304214],[-59.803496,-26.319286],[-59.803646,-26.530884],[-59.703234,-26.531703],[-59.703002,-26.621873],[-59.503547,-26.622081],[-59.503241,-26.712477],[-59.452225,-26.802761],[-59.154594,-26.869838],[-58.953268,-26.868704],[-58.953739,-26.785787],[-58.898378,-26.791815],[-58.688445,-26.603981],[-58.744377,-26.602646],[-58.845614,-26.519216],[-58.909809,-26.462557],[-59.024081,-26.38122],[-59.396067,-26.273781],[-59.397935,-26.258624],[-59.410298,-26.207102],[-59.420658,-26.1783],[-59.535484,-26.141322],[-59.597208,-26.130961],[-59.626247,-26.13434],[-59.649268,-26.119455],[-59.943108,-25.773379],[-59.954992,-25.769936],[-60.011559,-25.729469],[-60.063374,-25.673913]]]},"properties":{"id":"22084","nombre":"Libertador General San Martín","nombre_completo":"Departamento Libertador General San Martín","provincia":{"id":"22","nombre":"Chaco","interseccion":0},"fuente":"IGN","categoria":"Departamento","centroide":{"lon":-59.487718157,"lat":-26.37754549}}},
{"type":"Feature","geometry":{"type":"Polygon","coordinates":[[[-68.389397,-41.999998],[-69.428106,-42],[-69.558548,-43.331963],[-67.767601,-43.338791],[-67.773872,-42.882572],[-68.381599,-42.882832],[-68.389397,-41.999998]]]},"properties":{"id":"26049","nombre":"Gastre","nombre_completo":"Departamento Gastre","provincia":{"id":"26","nombre":"Chubut","interseccion":0},"fuente":"IGN","categoria":"Departamento","centroide":{"lon":-68.802324804,"lat":-42.749029613}}},
{"type":"Feature","geometry":{"type":"Polygon","coordinates":[[[-61.122081,-34.07195],[-61.210038,-34.125527],[-61.331409,-34.025678],[-61.648388,-34.319473],[-61.549084,-34.303386],[-61.471675,-34.307407],[-61.395408,-34.373502],[-61.329167,-34.453145],[-61.168395,-34.359374],[-61.098149,-34.284531],[-61.070098,-34.307214],[-61.041553,-34.283292],[-61.059106,-34.269008],[-60.91725,-34.241587],[-61.122081,-34.07195]]]},"properties":{"id":"06294","nombre":"General Arenales","nombre_completo":"Partido de General Arenales","provincia":{"id":"06","nombre":"Buenos Aires","interseccion":0},"fuente":"IGN","categoria":"Partido","centroide":{"lon":-61.283381226,"lat":-34.237902043}}},
{"type":"Feature","geometry":{"type":"Polygon","coordinates":[[[-58.970466,-32.522806],[-59.105647,-32.533385],[-59.087649,-32.574298],[-59.093727,-32.592217],[-59.102171,-32.615328],[-59.105041,-32.633847],[-59.107224,-32.665474],[-59.125259,-32.662972],[-59.116556,-32.68524],[-59.134586,-32.70733],[-59.125552,-32.707664],[-59.134516,-32.74966],[-59.121989,-32.767709],[-59.112082,-32.805579],[-59.125461,-32.848213],[-59.199663,-32.985871],[-59.233423,-33.034889],[-59.265463,-33.06002],[-59.252446,-33.105329],[-59.267461,-33.117785],[-59.250511,-33.1171],[-59.291095,-33.153787],[-59.271309,-33.164181],[-59.251852,-33.206646],[-59.222751,-33.323493],[-59.146955,-33.409715],[-58.861261,-33.481302],[-58.683377,-33.436833],[-58.601986,-33.459838],[-58.438407,-33.517614],[-58.402716,-33.176333],[-58.114053,-33.030174],[-58.262689,-33.027644],[-58.262235,-32.875935],[-58.497998,-32.874226],[-58.511051,-32.596774],[-58.581669,-32.553772],[-58.725458,-32.55247],[-58.911338,-32.510467],[-58.970466,-32.522806]]]},"properties":{"id":"30056","nombre":"Gualeguaychú","nombre_completo":"Departamento Gualeguaychú","provincia":{"id":"30","nombre":"Entre Ríos","interseccion":0},"fuente":"IGN","categoria":"Departamento","centroide":{"lon":-58.785805171,"lat":-33.022349041}}},
{"type":"Feature","geometry":{"type":"Polygon","coordinates":[[[-58.438407,-33.517614],[-58.601986,-33.459838],[-58.683377,-33.436833],[-58.861261,-33.481302],[-59.146955,-33.409715],[-59.222751,-33.323493],[-59.251852,-33.206646],[-59.271309,-33.164181],[-59.291095,-33.153787],[-59.308311,-33.178561],[-59.314285,-33.209377],[-59.352691,-33.202904],[-59.394692,-33.232973],[-59.522445,-33.199355],[-59.606584,-33.325642],[-59.316103,-33.543163],[-59.168091,-33.809387],[-59.055481,-33.832397],[-58.89978,-33.890991],[-58.854872,-33.947214],[-58.830601,-33.955304],[-58.763739,-33.94531],[-58.684021,-34.019287],[-58.637865,-34.039299],[-58.463196,-34.001892],[-58.344989,-34.038397],[-58.494642,-33.587188],[-58.438407,-33.517614]]]},"properties":{"id":"30063","nombre":"Islas del Ibicuy","nombre_completo":"Departamento Islas del Ibicuy","provincia":{"id":"30","nombre":"Entre Ríos","interseccion":0},"fuente":"IGN","categoria":"Departamento","centroide":{"lon":-58.933895854,"lat":-33.624996155}}},
{"type":"Feature","geometry":{"type":"Polygon","coordinates":[[[-60.131232,-32.268972],[-60.189603,-32.269261],[-60.18922,-32.234519],[-60.173321,-32.219063],[-60.199169,-32.222087],[-60.278828,-32.232608],[-60.277799,-32.246457],[-60.374831,-32.290499],[-60.421521,-32.302738],[-60.397904,-32.401423],[-60.415724,-32.442914],[-60.447395,-32.458421],[-60.477209,-32.491488],[-60.516915,-32.552097],[-60.557198,-32.601677],[-60.66913,-32.630388],[-60.725894,-32.663599],[-60.716003,-32.773621],[-60.658875,-32.831177],[-60.681398,-32.871564],[-60.398004,-33.186843],[-60.329475,-33.176849],[-60.234274,-33.212008],[-59.909697,-33.277456],[-59.88639,-33.23572],[-59.792222,-33.239513],[-59.818312,-33.200515],[-59.804679,-33.125747],[-59.892958,-33.037218],[-59.922951,-33.027705],[-59.963796,-33.029601],[-59.982708,-32.99521],[-59.9549,-32.898398],[-59.838665,-32.934835],[-59.775849,-32.662581],[-59.779786,-32.613674],[-59.782584,-32.590107],[-59.769585,-32.55134],[-59.942033,-32.521952],[-60.131232,-32.268972]]]},"properties":{"id":"30105","nombre":"Victoria","nombre_completo":"Departamento Victoria","provincia":{"id":"30","nombre":"Entre Ríos","interseccion":0},"fuente":"IGN","categoria":"Departamento","centroide":{"lon":-60.218070031,"lat":-32.78394246}}},
{"type":"Feature","geometry":{"type":"Polygon","coordinates":[[[-60.561431,-31.829402],[-60.570759,-31.808917],[-60.603142,-31.825191],[-60.674486,-31.809722],[-60.652893,-31.897095],[-60.671875,-31.930176],[-60.719707,-31.958803],[-60.723514,-31.977601],[-60.658081,-32.05072],[-60.723816,-32.456116],[-60.747375,-32.554321],[-60.725894,-32.663599],[-60.66913,-32.630388],[-60.557198,-32.601677],[-60.516915,-32.552097],[-60.477209,-32.491488],[-60.447395,-32.458421],[-60.415724,-32.442914],[-60.397904,-32.401423],[-60.421521,-32.302738],[-60.374831,-32.290499],[-60.277799,-32.246457],[-60.278828,-32.232608],[-60.173321,-32.219063],[-60.181177,-32.19252],[-60.214162,-32.114773],[-60.286025,-32.045173],[-60.302967,-32.082885],[-60.353084,-32.039219],[-60.342575,-31.948425],[-60.416544,-31.959608],[-60.51688,-31.925731],[-60.561431,-31.829402]]]},"properties":{"id":"30021","nombre":"Diamante","nombre_completo":"Departamento Diamante","provincia":{"id":"30","nombre":"Entre Ríos","interseccion":0},"fuente":"IGN","categoria":"Departamento","centroide":{"lon":-60.523933589,"lat":-32.228040549}}},
{"type":"Feature","geometry":{"type":"Polygon","coordinates":[[[-58.697342,-32.028799],[-58.707505,-31.964822],[-58.773108,-32.01457],[-59.003156,-32.083612],[-59.070815,-32.119376],[-59.076921,-32.177828],[-59.083446,-32.385897],[-59.086826,-32.425874],[-58.970466,-32.522806],[-58.911338,-32.510467],[-58.725458,-32.55247],[-58.581669,-32.553772],[-58.511051,-32.596774],[-58.497998,-32.874226],[-58.262235,-32.875935],[-58.262689,-33.027644],[-58.114053,-33.030174],[-58.224329,-32.366999],[-58.411753,-32.184262],[-58.528946,-32.190713],[-58.586271,-32.196261],[-58.697342,-32.028799]]]},"properties":{"id":"30098","nombre":"Uruguay","nombre_completo":"Departamento Uruguay","provincia":{"id":"30","nombre":"Entre Ríos","interseccion":0},"fuente":"IGN","categoria":"Departamento","centroide":{"lon":-58.58422521,"lat":-32.44775994}}},
{"type":"Feature","geometry":{"type":"Polygon","coordinates":[[[-59.952663,-31.204774],[-59.983959,-31.18739],[-60.105591,-31.289917],[-60.138428,-31.413391],[-60.143494,-31.443604],[-60.325668,-31.586655],[-60.46759,-31.698303],[-60.638794,-31.742004],[-60.638567,-31.787482],[-60.674486,-31.809722],[-60.603142,-31.825191],[-60.570759,-31.808917],[-60.561431,-31.829402],[-60.51688,-31.925731],[-60.416544,-31.959608],[-60.342575,-31.948425],[-60.353084,-32.039219],[-60.302967,-32.082885],[-60.286025,-32.045173],[-60.181919,-32.023486],[-60.025991,-32.031074],[-59.919225,-31.883327],[-59.762686,-31.928935],[-59.580412,-31.784954],[-59.565097,-31.622782],[-59.583705,-31.599329],[-59.573124,-31.473132],[-59.625041,-31.504941],[-59.735669,-31.418719],[-59.862395,-31.493932],[-59.9288,-31.281496],[-59.952663,-31.204774]]]},"properties":{"id":"30084","nombre":"Paraná","nombre_completo":"Departamento Paraná","provincia":{"id":"30","nombre":"Entre Ríos","interseccion":0},"fuente":"IGN","categoria":"Departamento","centroide":{"lon":-60.041174482,"lat":-31.695229449}}},
{"type":"Feature","geometry":{"type":"Polygon","coordinates":[[[-59.524477,-35.456402],[-59.822701,-35.496493],[-59.886577,-35.48081],[-59.930062,-35.488177],[-60.02802,-35.55258],[-60.008422,-35.579878],[-60.039969,-35.624195],[-60.00544,-35.661698],[-60.116733,-35.664442],[-60.2186,-35.752348],[-60.117957,-35.833675],[-60.05608,-35.780529],[-59.872342,-35.876673],[-59.691909,-35.827586],[-59.647116,-35.861637],[-59.569427,-35.853817],[-59.505701,-35.817001],[-59.416425,-35.8022],[-59.347269,-35.803595],[-59.183348,-35.76286],[-59.41261,-35.586127],[-59.349668,-35.529441],[-59.524477,-35.456402]]]},"properties":{"id":"06707","nombre":"Saladillo","nombre_completo":"Partido de Saladillo","provincia":{"id":"06","nombre":"Buenos Aires","interseccion":0},"fuente":"IGN","categoria":"Partido","centroide":{"lon":-59.702660744,"lat":-35.676806452}}},
{"type":"Feature","geometry":{"type":"Polygon","coordinates":[[[-58.974425,-35.816928],[-59.131081,-35.698178],[-59.174878,-35.712006],[-59.183348,-35.76286],[-59.347269,-35.803595],[-59.416425,-35.8022],[-59.479543,-35.81092],[-59.560083,-35.85103],[-59.641602,-35.862003],[-59.676141,-35.833325],[-59.70006,-35.831667],[-59.516484,-35.975994],[-59.553214,-36.006791],[-59.382453,-36.135384],[-59.488195,-36.227053],[-59.292984,-36.37464],[-59.218405,-36.321212],[-59.103079,-36.247003],[-58.828857,-36.110816],[-58.70753,-36.01728],[-58.749021,-35.98472],[-58.974425,-35.816928]]]},"properties":{"id":"06455","nombre":"Las Flores","nombre_completo":"Partido de Las Flores","provincia":{"id":"06","nombre":"Buenos Aires","interseccion":0},"fuente":"IGN","categoria":"Partido","centroide":{"lon":-59.17646095,"lat":-36.015826657}}},
{"type":"Feature","geometry":{"type":"Polygon","coordinates":[[[-60.715401,-34.035737],[-60.703284,-34.02687],[-60.895253,-33.886616],[-60.949114,-33.923005],[-61.062694,-34.039381],[-61.122081,-34.07195],[-60.91725,-34.241587],[-61.059106,-34.269008],[-60.966443,-34.345827],[-60.902675,-34.326078],[-60.677205,-34.509355],[-60.559846,-34.406436],[-60.578268,-34.392173],[-60.46989,-34.199868],[-60.715401,-34.035737]]]},"properties":{"id":"06686","nombre":"Rojas","nombre_completo":"Partido de Rojas","provincia":{"id":"06","nombre":"Buenos Aires","interseccion":0},"fuente":"IGN","categoria":"Partido","centroide":{"lon":-60.788023465,"lat":-34.192817389}}},
{"type":"Feature","geometry":{"type":"Polygon","coordinates":[[[-58.712152,-34.248902],[-58.798512,-34.230221],[-58.776382,-34.285744],[-58.858387,-34.261979],[-58.900643,-34.308488],[-58.816989,-34.415404],[-58.777666,-34.404272],[-58.737313,-34.456416],[-58.70561,-34.439337],[-58.734634,-34.40246],[-58.720619,-34.36329],[-58.680813,-34.347213],[-58.649515,-34.266598],[-58.712152,-34.248902]]]},"properties":{"id":"06252","nombre":"Escobar","nombre_completo":"Partido de Escobar","provincia":{"id":"06","nombre":"Buenos Aires","interseccion":0},"fuente":"IGN","categoria":"Partido","centroide":{"lon":-58.771178611,"lat":-34.328682834}}},
{"type":"Feature","geometry":{"type":"Polygon","coordinates":[[[-58.720899,-34.518234],[-58.78948,-34.473851],[-58.821687,-34.451956],[-58.776028,-34.557058],[-58.720899,-34.518234]]]},"properties":{"id":"06412","nombre":"José C. Paz","nombre_completo":"Partido de José C. Paz","provincia":{"id":"06","nombre":"Buenos Aires","interseccion":0},"fuente":"IGN","categoria":"Partido","centroide":{"lon":-58.777634598,"lat":-34.511853163}}},
{"type":"Feature","geometry":{"type":"Polygon","coordinates":[[[-62.196342,-38.452023],[-62.220692,-38.43341],[-62.239765,-38.360879],[-62.387813,-38.408546],[-62.614458,-38.591618],[-62.472886,-38.663293],[-62.354917,-38.75567],[-62.181981,-38.817059],[-62.061985,-38.712333],[-61.925669,-38.731246],[-61.847934,-38.665363],[-61.818412,-38.687872],[-61.742365,-38.627211],[-61.754178,-38.615251],[-61.778637,-38.579577],[-61.781602,-38.459945],[-62.08465,-38.362737],[-62.196342,-38.452023]]]},"properties":{"id":"06056","nombre":"Bahía Blanca","nombre_completo":"Partido de Bahía Blanca","provincia":{"id":"06","nombre":"Buenos Aires","interseccion":0},"fuente":"IGN","categoria":"Partido","centroide":{"lon":-62.169417449,"lat":-38.584189213}}},
{"type":"Feature","geometry":{"type":"Polygon","coordinates":[[[-59.302504,-34.064062],[-59.321962,-33.996298],[-59.318215,-34.020659],[-59.334429,-34.038578],[-59.406464,-34.06095],[-59.562088,-34.167967],[-59.78158,-34.219316],[-59.67533,-34.404053],[-59.644583,-34.417529],[-59.419483,-34.268607],[-59.3666,-34.198921],[-59.279567,-34.145967],[-59.302504,-34.064062]]]},"properties":{"id":"06735","nombre":"San Antonio de Areco","nombre_completo":"Partido de San Antonio de Areco","provincia":{"id":"06","nombre":"Buenos Aires","interseccion":0},"fuente":"IGN","categoria":"Partido","centroide":{"lon":-59.519443482,"lat":-34.220757566}}},
{"type":"Feature","geometry":{"type":"Polygon","coordinates":[[[-57.328779,-36.669157],[-57.464357,-36.570926],[-57.49374,-36.581361],[-57.70711,-36.76301],[-58.010671,-36.95872],[-57.674815,-37.202944],[-57.486938,-37.104952],[-57.493385,-37.017144],[-57.304915,-37.003893],[-57.175823,-36.784425],[-57.328779,-36.669157]]]},"properties":{"id":"06511","nombre":"Maipú","nombre_completo":"Partido de Maipú","provincia":{"id":"06","nombre":"Buenos Aires","interseccion":0},"fuente":"IGN","categoria":"Partido","centroide":{"lon":-57.586119104,"lat":-36.886933208}}},
{"type":"Feature","geometry":{"type":"Polygon","coordinates":[[[-57.942573,-38.008937],[-57.959154,-38.022583],[-58.047284,-37.955622],[-58.255909,-38.130861],[-58.329685,-38.074677],[-58.343611,-38.15957],[-58.284854,-38.385569],[-58.243044,-38.445854],[-57.852731,-38.296399],[-57.821205,-38.120476],[-57.942573,-38.008937]]]},"properties":{"id":"06280","nombre":"General Alvarado","nombre_completo":"Partido de General Alvarado","provincia":{"id":"06","nombre":"Buenos Aires","interseccion":0},"fuente":"IGN","categoria":"Partido","centroide":{"lon":-58.071805373,"lat":-38.202627713}}},
{"type":"Feature","geometry":{"type":"Polygon","coordinates":[[[-57.698054,-37.754267],[-57.673258,-37.748153],[-57.735836,-37.699552],[-58.047284,-37.955622],[-57.959004,-38.022687],[-57.942573,-38.008937],[-57.821205,-38.120476],[-57.776797,-38.245516],[-57.636547,-38.17319],[-57.51973,-37.889483],[-57.698054,-37.754267]]]},"properties":{"id":"06357","nombre":"General Pueyrredón","nombre_completo":"Partido de General Pueyrredón","provincia":{"id":"06","nombre":"Buenos Aires","interseccion":0},"fuente":"IGN","categoria":"Partido","centroide":{"lon":-57.743028348,"lat":-37.965683142}}},
{"type":"Feature","geometry":{"type":"Polygon","coordinates":[[[-57.674815,-37.202944],[-57.768972,-37.135971],[-58.09451,-37.437404],[-57.673208,-37.744981],[-57.698054,-37.754267],[-57.51973,-37.889483],[-57.187643,-37.549754],[-57.674815,-37.202944]]]},"properties":{"id":"06518","nombre":"Mar Chiquita","nombre_completo":"Partido de Mar Chiquita","provincia":{"id":"06","nombre":"Buenos Aires","interseccion":0},"fuente":"IGN","categoria":"Partido","centroide":{"lon":-57.643266056,"lat":-37.498640598}}},
{"type":"Feature","geometry":{"type":"Polygon","coordinates":[[[-56.909127,-37.189025],[-56.949547,-37.184577],[-56.99197,-37.237095],[-57.21112,-37.533013],[-57.187643,-37.549754],[-56.909127,-37.189025]]]},"properties":{"id":"06868","nombre":"Villa Gesell","nombre_completo":"Partido de Villa Gesell","provincia":{"id":"06","nombre":"Buenos Aires","interseccion":0},"fuente":"IGN","categoria":"Partido","centroide":{"lon":-57.063397882,"lat":-37.367071956}}},
{"type":"Feature","geometry":{"type":"Polygon","coordinates":[[[-56.819314,-37.024916],[-56.949547,-37.184577],[-56.909127,-37.189025],[-56.790235,-37.034131],[-56.819314,-37.024916]]]},"properties":{"id":"06644","nombre":"Pinamar","nombre_completo":"Partido de Pinamar","provincia":{"id":"06","nombre":"Buenos Aires","interseccion":0},"fuente":"IGN","categoria":"Partido","centroide":{"lon":-56.870283412,"lat":-37.11107429}}},
{"type":"Feature","geometry":{"type":"Polygon","coordinates":[[[-56.752817,-36.337997],[-57.064657,-36.385595],[-57.328779,-36.669157],[-57.08975,-36.829523],[-56.946978,-36.995091],[-56.819485,-37.025201],[-56.697922,-36.853884],[-56.752817,-36.337997]]]},"properties":{"id":"06336","nombre":"General Lavalle","nombre_completo":"Partido de General Lavalle","provincia":{"id":"06","nombre":"Buenos Aires","interseccion":0},"fuente":"IGN","categoria":"Partido","centroide":{"lon":-56.94100299,"lat":-36.650750377}}},
{"type":"Feature","geometry":{"type":"Polygon","coordinates":[[[-56.790235,-37.034131],[-56.664991,-36.87147],[-56.752817,-36.337997],[-56.697922,-36.853884],[-56.819314,-37.024916],[-56.790235,-37.034131]]]},"properties":{"id":"06420","nombre":"La Costa","nombre_completo":"Partido de La Costa","provincia":{"id":"06","nombre":"Buenos Aires","interseccion":0},"fuente":"IGN","categoria":"Partido","centroide":{"lon":-56.715940275,"lat":-36.697167821}}},
{"type":"Feature","geometry":{"type":"Polygon","coordinates":[[[-57.3037,-35.197184],[-57.705682,-34.930806],[-57.968108,-35.159689],[-57.890143,-35.222141],[-58.025003,-35.353784],[-57.947196,-35.371952],[-57.873923,-35.385885],[-57.814518,-35.441903],[-57.796174,-35.444921],[-57.726803,-35.3493],[-57.613395,-35.33306],[-57.632982,-35.260864],[-57.571344,-35.363429],[-57.492901,-35.243591],[-57.3037,-35.197184]]]},"properties":{"id":"06505","nombre":"Magdalena","nombre_completo":"Partido de Magdalena","provincia":{"id":"06","nombre":"Buenos Aires","interseccion":0},"fuente":"IGN","categoria":"Partido","centroide":{"lon":-57.686127982,"lat":-35.18510307}}},
{"type":"Feature","geometry":{"type":"Polygon","coordinates":[[[-58.716511,-29.727587],[-58.696832,-29.629216],[-58.875225,-29.726542],[-59.025436,-29.851475],[-59.126222,-30.1824],[-59.081459,-30.249074],[-59.064251,-30.230818],[-58.803753,-30.210834],[-58.681665,-30.163581],[-58.630015,-30.176859],[-58.539478,-30.15237],[-58.472617,-30.122943],[-58.537539,-29.881085],[-58.694119,-29.834726],[-58.716511,-29.727587]]]},"properties":{"id":"18175","nombre":"Sauce","nombre_completo":"Departamento Sauce","provincia":{"id":"18","nombre":"Corrientes","interseccion":0},"fuente":"IGN","categoria":"Departamento","centroide":{"lon":-58.794996856,"lat":-29.999503063}}},
{"type":"Feature","geometry":{"type":"Polygon","coordinates":[[[-58.500804,-34.549533],[-58.479285,-34.494397],[-58.553764,-34.530205],[-58.50996,-34.569205],[-58.500804,-34.549533]]]},"properties":{"id":"06861","nombre":"Vicente López","nombre_completo":"Partido de Vicente López","provincia":{"id":"06","nombre":"Buenos Aires","interseccion":0},"fuente":"IGN","categoria":"Partido","centroide":{"lon":-58.504486513,"lat":-34.526531424}}},
{"type":"Feature","geometry":{"type":"Polygon","coordinates":[[[-65.271177,-25.221772],[-65.421553,-25.158355],[-65.428055,-25.188514],[-65.569788,-25.201695],[-65.67147,-25.26918],[-65.748228,-25.317821],[-65.78153,-25.461737],[-65.750303,-25.554887],[-65.870891,-25.777011],[-65.795965,-25.782739],[-65.797369,-25.882005],[-65.704275,-25.827474],[-65.683276,-25.764266],[-65.619142,-25.630062],[-65.395067,-25.284752],[-65.335634,-25.42692],[-65.186565,-25.409541],[-65.180853,-25.38869],[-65.159245,-25.375278],[-65.298592,-25.298822],[-65.27842,-25.258065],[-65.271177,-25.221772]]]},"properties":{"id":"66098","nombre":"La Viña","nombre_completo":"Departamento La Viña","provincia":{"id":"66","nombre":"Salta","interseccion":0},"fuente":"IGN","categoria":"Departamento","centroide":{"lon":-65.580583139,"lat":-25.447178673}}},
{"type":"Feature","geometry":{"type":"Polygon","coordinates":[[[-58.763092,-36.208308],[-58.880729,-36.150618],[-59.103079,-36.247003],[-59.218405,-36.321212],[-59.229713,-36.42085],[-59.249996,-36.437525],[-59.13842,-36.542876],[-59.281526,-36.764637],[-59.359311,-36.84514],[-59.09013,-37.062779],[-59.040746,-37.026078],[-59.021495,-36.960095],[-58.936877,-36.936046],[-58.866825,-36.838371],[-58.666852,-36.742926],[-58.720954,-36.700227],[-58.43724,-36.452101],[-58.579097,-36.347371],[-58.763092,-36.208308]]]},"properties":{"id":"06672","nombre":"Rauch","nombre_completo":"Partido de Rauch","provincia":{"id":"06","nombre":"Buenos Aires","interseccion":0},"fuente":"IGN","categoria":"Partido","centroide":{"lon":-58.944141367,"lat":-36.572194449}}},
{"type":"Feature","geometry":{"type":"Polygon","coordinates":[[[-64.93674,-25.175043],[-65.156152,-25.112276],[-65.214248,-25.239397],[-65.159245,-25.375278],[-65.180853,-25.38869],[-65.163652,-25.4433],[-65.149327,-25.537793],[-65.123243,-25.645783],[-64.919783,-25.6381],[-64.481071,-25.634764],[-64.449455,-25.511517],[-64.315208,-25.513292],[-64.210538,-25.54063],[-64.196277,-25.728002],[-63.918406,-25.682139],[-63.959202,-25.656847],[-63.941248,-25.551097],[-64.062956,-25.36116],[-64.055608,-25.32271],[-64.072351,-25.290636],[-64.057836,-25.273978],[-64.085098,-25.195346],[-64.096646,-25.193463],[-64.107165,-25.160079],[-64.159438,-25.109036],[-64.230615,-25.126692],[-64.570888,-25.314885],[-64.619605,-25.362008],[-64.709354,-25.379701],[-64.828148,-25.345498],[-64.841488,-25.32039],[-64.93674,-25.175043]]]},"properties":{"id":"66112","nombre":"Metán","nombre_completo":"Departamento Metán","provincia":{"id":"66","nombre":"Salta","interseccion":0},"fuente":"IGN","categoria":"Departamento","centroide":{"lon":-64.588071465,"lat":-25.425210966}}},
{"type":"Feature","geometry":{"type":"Polygon","coordinates":[[[-66.001562,-25.311373],[-66.32821,-25.146482],[-66.37963,-25.18638],[-66.399904,-25.127751],[-66.508422,-25.12786],[-66.578419,-25.101358],[-66.625702,-25.105998],[-66.620646,-25.142169],[-66.537308,-25.203123],[-66.537045,-25.265645],[-66.599798,-25.362251],[-66.518548,-25.44033],[-66.648577,-25.712032],[-66.873566,-25.766185],[-66.847566,-25.796268],[-66.843463,-25.97734],[-66.801381,-26.01649],[-66.595391,-25.904422],[-66.371646,-25.98805],[-66.348995,-25.56809],[-66.026439,-25.452147],[-66.001562,-25.311373]]]},"properties":{"id":"66119","nombre":"Molinos","nombre_completo":"Departamento Molinos","provincia":{"id":"66","nombre":"Salta","interseccion":0},"fuente":"IGN","categoria":"Departamento","centroide":{"lon":-66.454872753,"lat":-25.564316528}}},
{"type":"Feature","geometry":{"type":"Polygon","coordinates":[[[-60.513374,-27.009848],[-60.614827,-26.974101],[-60.615315,-27.057248],[-60.815565,-27.054975],[-60.817973,-27.198177],[-60.905856,-27.252031],[-60.819882,-27.309903],[-60.820796,-27.370182],[-60.909425,-27.399847],[-60.909284,-27.460028],[-60.518392,-27.464764],[-60.513374,-27.009848]]]},"properties":{"id":"22112","nombre":"O'Higgins","nombre_completo":"Departamento O'Higgins","provincia":{"id":"22","nombre":"Chaco","interseccion":0},"fuente":"IGN","categoria":"Departamento","centroide":{"lon":-60.679974917,"lat":-27.255653769}}},
{"type":"Feature","geometry":{"type":"Polygon","coordinates":[[[-58.713374,-34.605638],[-58.847501,-34.549171],[-58.864113,-34.616882],[-58.884468,-34.668796],[-58.860294,-34.685206],[-58.757549,-34.660482],[-58.713374,-34.605638]]]},"properties":{"id":"06560","nombre":"Moreno","nombre_completo":"Partido de Moreno","provincia":{"id":"06","nombre":"Buenos Aires","interseccion":0},"fuente":"IGN","categoria":"Partido","centroide":{"lon":-58.810898508,"lat":-34.610680786}}},
{"type":"Feature","geometry":{"type":"Polygon","coordinates":[[[-58.483902,-34.732136],[-58.581876,-34.64317],[-58.636154,-34.715029],[-58.657915,-34.753297],[-58.703884,-34.778711],[-58.728396,-34.759307],[-58.750247,-34.777588],[-58.707051,-34.811268],[-58.749862,-34.847367],[-58.694106,-34.912195],[-58.615506,-34.818527],[-58.537507,-34.756953],[-58.504473,-34.721278],[-58.483902,-34.732136]]]},"properties":{"id":"06427","nombre":"La Matanza","nombre_completo":"Partido de La Matanza","provincia":{"id":"06","nombre":"Buenos Aires","interseccion":0},"fuente":"IGN","categoria":"Partido","centroide":{"lon":-58.625445695,"lat":-34.770348102}}},
{"type":"Feature","geometry":{"type":"Polygon","coordinates":[[[-58.610899,-37.411263],[-59.211289,-36.969627],[-59.210697,-36.95645],[-59.359311,-36.84514],[-59.359664,-36.897223],[-59.69936,-37.216611],[-59.779743,-37.238388],[-59.225977,-37.650843],[-59.185495,-37.616752],[-59.162562,-37.631559],[-59.153019,-37.658956],[-59.170841,-37.700552],[-59.133571,-37.757489],[-59.110395,-37.826431],[-58.610899,-37.411263]]]},"properties":{"id":"06791","nombre":"Tandil","nombre_completo":"Partido de Tandil","provincia":{"id":"06","nombre":"Buenos Aires","interseccion":0},"fuente":"IGN","categoria":"Partido","centroide":{"lon":-59.18198279,"lat":-37.336429317}}},
{"type":"Feature","geometry":{"type":"Polygon","coordinates":[[[-61.744262,-37.271556],[-61.702772,-37.216555],[-61.735437,-37.093506],[-61.60463,-36.994425],[-61.70785,-36.907189],[-61.778158,-36.930425],[-61.892052,-37.022529],[-62.425401,-37.348682],[-62.383878,-37.393046],[-62.04469,-37.752474],[-62.098933,-37.935484],[-62.049601,-37.971499],[-61.930716,-38.008459],[-61.799747,-38.109579],[-61.792692,-38.137492],[-61.767389,-38.17245],[-61.682948,-38.0742],[-61.509315,-37.937967],[-61.60554,-37.861534],[-61.44205,-37.734938],[-61.744262,-37.271556]]]},"properties":{"id":"06203","nombre":"Coronel Suárez","nombre_completo":"Partido de Coronel Suárez","provincia":{"id":"06","nombre":"Buenos Aires","interseccion":0},"fuente":"IGN","categoria":"Partido","centroide":{"lon":-61.889092242,"lat":-37.53485625}}},
{"type":"Feature","geometry":{"type":"Polygon","coordinates":[[[-60.657902,-31.042098],[-60.818105,-31.016054],[-60.776111,-31.108733],[-60.791878,-31.118545],[-60.83054,-31.177341],[-60.848769,-31.182422],[-60.893328,-31.243292],[-60.902902,-31.307581],[-60.89485,-31.369588],[-60.789072,-31.353955],[-60.778141,-31.569023],[-60.767397,-31.601959],[-60.94998,-31.729764],[-60.978236,-31.800252],[-60.853048,-31.821076],[-60.731258,-31.865699],[-60.747598,-31.908525],[-60.722742,-31.972309],[-60.657227,-31.911316],[-60.675781,-31.811707],[-60.638567,-31.787482],[-60.638794,-31.742004],[-60.46759,-31.698303],[-60.325668,-31.586655],[-60.301788,-31.534172],[-60.510831,-31.468971],[-60.502503,-31.418706],[-60.465038,-31.249371],[-60.449525,-31.21305],[-60.573853,-31.188017],[-60.549294,-31.132315],[-60.670258,-31.11194],[-60.657902,-31.042098]]]},"properties":{"id":"82063","nombre":"La Capital","nombre_completo":"Departamento La Capital","provincia":{"id":"82","nombre":"Santa Fe","interseccion":0},"fuente":"IGN","categoria":"Departamento","centroide":{"lon":-60.669479014,"lat":-31.475356367}}},
{"type":"Feature","geometry":{"type":"Polygon","coordinates":[[[-53.71969,-26.46672],[-53.641272,-26.213878],[-53.836784,-25.9701],[-53.842549,-25.687295],[-54.016363,-25.563655],[-54.100406,-25.618192],[-54.102558,-25.494315],[-54.166712,-25.542875],[-54.143346,-26.122045],[-54.16467,-26.267999],[-53.986864,-26.268135],[-53.886702,-26.255269],[-53.794184,-26.25523],[-53.71969,-26.46672]]]},"properties":{"id":"54049","nombre":"General Manuel Belgrano","nombre_completo":"Departamento General Manuel Belgrano","provincia":{"id":"54","nombre":"Misiones","interseccion":0},"fuente":"IGN","categoria":"Departamento","centroide":{"lon":-53.963855097,"lat":-25.978431711}}},
{"type":"Feature","geometry":{"type":"Polygon","coordinates":[[[-54.237413,-26.803561],[-54.188296,-26.667199],[-54.545772,-26.830228],[-54.565882,-26.914184],[-54.613525,-26.933928],[-54.488068,-27.108312],[-54.526352,-27.234786],[-54.507679,-27.247823],[-54.51293,-27.260639],[-54.352342,-27.232606],[-54.348242,-27.254153],[-54.364459,-27.252345],[-54.321302,-27.373742],[-54.316326,-27.392265],[-54.295075,-27.398922],[-53.926137,-27.124057],[-53.885245,-27.058455],[-53.908243,-27.070149],[-53.936134,-27.035494],[-53.97696,-27.018606],[-53.996802,-27.009179],[-54.035132,-26.94365],[-54.022495,-26.90282],[-54.134838,-26.78728],[-54.237413,-26.803561]]]},"properties":{"id":"54056","nombre":"Guaraní","nombre_completo":"Departamento Guaraní","provincia":{"id":"54","nombre":"Misiones","interseccion":0},"fuente":"IGN","categoria":"Departamento","centroide":{"lon":-54.269365131,"lat":-27.026234899}}},
{"type":"Feature","geometry":{"type":"Polygon","coordinates":[[[-54.166712,-25.542875],[-54.382441,-25.596332],[-54.428923,-25.694065],[-54.555332,-25.587703],[-54.655242,-25.67038],[-54.618322,-26.148715],[-54.572614,-26.148546],[-54.433017,-26.121155],[-54.320803,-26.142357],[-54.142696,-26.142655],[-54.143346,-26.122045],[-54.166712,-25.542875]]]},"properties":{"id":"54063","nombre":"Iguazú","nombre_completo":"Departamento Iguazú","provincia":{"id":"54","nombre":"Misiones","interseccion":0},"fuente":"IGN","categoria":"Departamento","centroide":{"lon":-54.400418589,"lat":-25.874735491}}},
{"type":"Feature","geometry":{"type":"Polygon","coordinates":[[[-59.636185,-30.702124],[-60.065904,-30.662813],[-60.205505,-30.650706],[-60.208695,-30.683513],[-60.247672,-30.741724],[-60.241688,-30.762519],[-60.255977,-30.768866],[-60.284595,-30.858082],[-60.320619,-31.041976],[-60.441108,-31.167413],[-60.465038,-31.249371],[-60.502503,-31.418706],[-60.510831,-31.468971],[-60.301788,-31.534172],[-60.143494,-31.443604],[-60.138428,-31.413391],[-60.105591,-31.289917],[-59.963379,-31.119873],[-59.699394,-30.769072],[-59.63269,-30.711304],[-59.636185,-30.702124]]]},"properties":{"id":"82035","nombre":"Garay","nombre_completo":"Departamento Garay","provincia":{"id":"82","nombre":"Santa Fe","interseccion":0},"fuente":"IGN","categoria":"Departamento","centroide":{"lon":-60.125807736,"lat":-31.054641333}}},
{"type":"Feature","geometry":{"type":"Polygon","coordinates":[[[-55.206881,-26.999223],[-55.375741,-26.966166],[-55.455545,-27.106255],[-55.561323,-27.101324],[-55.587623,-27.31334],[-55.503948,-27.298575],[-55.485203,-27.321766],[-55.462183,-27.372977],[-55.408433,-27.389668],[-55.416214,-27.382307],[-55.379938,-27.378666],[-55.386375,-27.390248],[-55.346921,-27.3951],[-55.324216,-27.403266],[-55.305154,-27.40614],[-55.281906,-27.392726],[-55.21701,-27.329845],[-55.213713,-27.315145],[-55.190107,-27.296037],[-55.147824,-27.276205],[-55.135969,-27.183564],[-55.100652,-27.183763],[-55.179983,-27.026716],[-55.206881,-26.999223]]]},"properties":{"id":"54098","nombre":"San Ignacio","nombre_completo":"Departamento San Ignacio","provincia":{"id":"54","nombre":"Misiones","interseccion":0},"fuente":"IGN","categoria":"Departamento","centroide":{"lon":-55.339290174,"lat":-27.176593947}}},
{"type":"Feature","geometry":{"type":"Polygon","coordinates":[[[-65.544838,-29.827716],[-66.430267,-30.024307],[-66.501007,-30.26815],[-66.371796,-30.509699],[-66.232361,-30.526628],[-65.997574,-30.393589],[-65.492458,-30.371796],[-65.422985,-30.119602],[-65.544838,-29.827716]]]},"properties":{"id":"46035","nombre":"Chamical","nombre_completo":"Departamento Chamical","provincia":{"id":"46","nombre":"La Rioja","interseccion":0},"fuente":"IGN","categoria":"Departamento","centroide":{"lon":-65.956497717,"lat":-30.167645023}}},
{"type":"Feature","geometry":{"type":"Polygon","coordinates":[[[-70.58451,-42.866515],[-70.9363,-42.863559],[-71.046548,-42.946801],[-71.291641,-42.858246],[-71.356194,-42.794006],[-71.348404,-42.782856],[-71.437975,-42.708548],[-71.62722,-42.485283],[-72.020722,-42.478714],[-72.179903,-42.696125],[-72.116691,-42.935946],[-71.729414,-43.199689],[-71.734603,-43.314333],[-71.933253,-43.386773],[-71.757414,-43.58423],[-71.667877,-43.521946],[-71.318748,-43.552303],[-71.023544,-43.608524],[-70.844994,-43.45145],[-70.790886,-43.024078],[-70.580894,-42.906239],[-70.58451,-42.866515]]]},"properties":{"id":"26035","nombre":"Futaleufú","nombre_completo":"Departamento Futaleufú","provincia":{"id":"26","nombre":"Chubut","interseccion":0},"fuente":"IGN","categoria":"Departamento","centroide":{"lon":-71.455465375,"lat":-43.070597125}}},
{"type":"Feature","geometry":{"type":"Polygon","coordinates":[[[-71.892121,-47.227183],[-72.018611,-47.198419],[-72.046392,-47.339311],[-72.341342,-47.456186],[-72.309095,-47.590839],[-72.523338,-47.740444],[-72.527417,-47.937784],[-72.226414,-48.320563],[-72.38069,-48.350128],[-72.441592,-48.514087],[-72.502421,-48.518548],[-72.533355,-48.483839],[-72.565258,-48.483473],[-71.400177,-49.193275],[-69.758247,-49.208672],[-69.734406,-48.322083],[-70.768875,-47.319878],[-71.571472,-47.363857],[-71.892121,-47.227183]]]},"properties":{"id":"78049","nombre":"Río Chico","nombre_completo":"Departamento Río Chico","provincia":{"id":"78","nombre":"Santa Cruz","interseccion":0},"fuente":"IGN","categoria":"Departamento","centroide":{"lon":-71.113837499,"lat":-48.28732902}}},
{"type":"Feature","geometry":{"type":"Polygon","coordinates":[[[-65.838048,-25.197375],[-65.867139,-25.241979],[-66.001562,-25.311373],[-66.026439,-25.452147],[-66.348995,-25.56809],[-66.371646,-25.98805],[-66.595391,-25.904422],[-66.801381,-26.01649],[-66.780387,-26.046912],[-66.662201,-26.075732],[-66.659349,-26.107205],[-66.582756,-26.161667],[-66.539877,-26.353162],[-66.461022,-26.364094],[-66.382024,-26.416799],[-66.322642,-26.289328],[-66.301955,-26.2707],[-66.205349,-26.132573],[-66.181224,-26.135193],[-66.159838,-26.043647],[-65.857204,-26.027246],[-65.806841,-25.913304],[-65.795965,-25.782739],[-65.870891,-25.777011],[-65.750303,-25.554887],[-65.78153,-25.461737],[-65.838048,-25.197375]]]},"properties":{"id":"66154","nombre":"San Carlos","nombre_completo":"Departamento San Carlos","provincia":{"id":"66","nombre":"Salta","interseccion":0},"fuente":"IGN","categoria":"Departamento","centroide":{"lon":-66.17467082,"lat":-25.82950429}}},
{"type":"Feature","geometry":{"type":"Polygon","coordinates":[[[-70.580765,-49.20388],[-71.400177,-49.193275],[-72.563228,-48.484585],[-72.565477,-48.483295],[-72.532232,-48.797557],[-72.794589,-48.968082],[-72.946437,-48.945601],[-73.145431,-49.190152],[-73.044738,-49.272972],[-73.470703,-49.201111],[-73.56543,-50.270691],[-73.172729,-50.676697],[-73.267517,-50.823975],[-72.72827,-50.614833],[-72.298302,-50.682102],[-70.646042,-50.736759],[-70.580765,-49.20388]]]},"properties":{"id":"78028","nombre":"Lago Argentino","nombre_completo":"Departamento Lago Argentino","provincia":{"id":"78","nombre":"Santa Cruz","interseccion":0},"fuente":"IGN","categoria":"Departamento","centroide":{"lon":-72.065471334,"lat":-49.836488144}}},
{"type":"Feature","geometry":{"type":"Polygon","coordinates":[[[-55.752531,-27.716966],[-55.772897,-27.690905],[-55.780158,-27.734392],[-55.850848,-27.758415],[-55.825537,-27.791656],[-55.827123,-27.854597],[-55.749427,-28.0271],[-55.716718,-28.061268],[-55.620237,-28.137544],[-55.553211,-28.038175],[-55.577152,-27.945135],[-55.5234,-27.761248],[-55.50141,-27.763525],[-55.493939,-27.708837],[-55.617144,-27.696994],[-55.619567,-27.715007],[-55.752531,-27.716966]]]},"properties":{"id":"54007","nombre":"Apóstoles","nombre_completo":"Departamento Apóstoles","provincia":{"id":"54","nombre":"Misiones","interseccion":0},"fuente":"IGN","categoria":"Departamento","centroide":{"lon":-55.678113484,"lat":-27.888753952}}},
{"type":"Feature","geometry":{"type":"Polygon","coordinates":[[[-58.95922,-27.091385],[-58.95328,-26.869694],[-59.170005,-26.869917],[-59.02824,-27.027387],[-59.171954,-27.154485],[-59.09989,-27.218842],[-59.108371,-27.226864],[-59.058679,-27.293954],[-59.028609,-27.283384],[-58.868872,-27.426537],[-58.879949,-27.46235],[-58.874906,-27.488555],[-58.77281,-27.378201],[-58.76782,-27.323376],[-58.759196,-27.244611],[-58.777981,-27.217149],[-58.870335,-27.137748],[-58.95922,-27.091385]]]},"properties":{"id":"22126","nombre":"1° de Mayo","nombre_completo":"Departamento 1° de Mayo","provincia":{"id":"22","nombre":"Chaco","interseccion":0},"fuente":"IGN","categoria":"Departamento","centroide":{"lon":-58.958741559,"lat":-27.167803735}}},
{"type":"Feature","geometry":{"type":"Polygon","coordinates":[[[-68.336658,-31.660029],[-68.412715,-31.531453],[-68.431537,-31.551176],[-68.408435,-31.671254],[-68.416661,-31.727553],[-68.381269,-31.764772],[-68.363047,-31.755172],[-68.380733,-31.744499],[-68.336658,-31.660029]]]},"properties":{"id":"70063","nombre":"9 de Julio","nombre_completo":"Departamento 9 de Julio","provincia":{"id":"70","nombre":"San Juan","interseccion":0},"fuente":"IGN","categoria":"Departamento","centroide":{"lon":-68.389160388,"lat":-31.645418122}}},
{"type":"Feature","geometry":{"type":"Polygon","coordinates":[[[-68.33431,-30.929928],[-68.425732,-30.92949],[-68.483299,-30.981802],[-68.516691,-31.063269],[-68.642091,-31.502473],[-68.518741,-31.457704],[-68.460751,-31.463119],[-68.470064,-31.453659],[-68.334308,-31.294189],[-68.33431,-30.929928]]]},"properties":{"id":"70007","nombre":"Albardón","nombre_completo":"Departamento Albardón","provincia":{"id":"70","nombre":"San Juan","interseccion":0},"fuente":"IGN","categoria":"Departamento","centroide":{"lon":-68.452179237,"lat":-31.209735511}}},
{"type":"Feature","geometry":{"type":"Polygon","coordinates":[[[-67.875254,-30.930697],[-68.33431,-30.929928],[-68.334308,-31.294189],[-68.470064,-31.453659],[-68.019307,-31.461987],[-67.967129,-31.401952],[-67.813713,-31.012246],[-67.875254,-30.930697]]]},"properties":{"id":"70014","nombre":"Angaco","nombre_completo":"Departamento Angaco","provincia":{"id":"70","nombre":"San Juan","interseccion":0},"fuente":"IGN","categoria":"Departamento","centroide":{"lon":-68.13204833,"lat":-31.192271865}}},
{"type":"Feature","geometry":{"type":"Polygon","coordinates":[[[-68.408435,-31.671254],[-68.473238,-31.556434],[-68.551257,-31.560786],[-68.608511,-31.543611],[-68.601521,-31.570886],[-68.516219,-31.596179],[-68.49089,-31.790024],[-68.410718,-31.834303],[-68.381269,-31.764772],[-68.416661,-31.727553],[-68.408435,-31.671254]]]},"properties":{"id":"70077","nombre":"Rawson","nombre_completo":"Departamento Rawson","provincia":{"id":"70","nombre":"San Juan","interseccion":0},"fuente":"IGN","categoria":"Departamento","centroide":{"lon":-68.467594597,"lat":-31.686631797}}},
{"type":"Feature","geometry":{"type":"Polygon","coordinates":[[[-67.239883,-31.880064],[-68.327632,-31.697787],[-68.346888,-31.694703],[-68.363047,-31.755172],[-68.410718,-31.834303],[-68.390256,-31.859263],[-68.26651,-32.031742],[-68.330926,-32.12864],[-68.247932,-32.091545],[-68.18817,-32.10918],[-68.122795,-32.09977],[-68.073254,-32.098972],[-68.032832,-32.085743],[-67.989273,-32.097178],[-67.962798,-32.11914],[-67.848616,-32.222933],[-67.522397,-32.221168],[-67.472911,-32.306686],[-67.263799,-32.381859],[-67.278008,-32.292324],[-67.37039,-32.246281],[-67.383793,-32.125212],[-67.379244,-31.868116],[-67.239883,-31.880064]]]},"properties":{"id":"70126","nombre":"25 de Mayo","nombre_completo":"Departamento 25 de Mayo","provincia":{"id":"70","nombre":"San Juan","interseccion":0},"fuente":"IGN","categoria":"Departamento","centroide":{"lon":-67.826802643,"lat":-31.989892129}}},
{"type":"Feature","geometry":{"type":"Polygon","coordinates":[[[-69.108426,-31.281288],[-69.21193,-31.25572],[-69.206942,-31.322114],[-69.191039,-31.531226],[-69.162072,-31.725493],[-69.134633,-31.758641],[-69.117641,-31.90806],[-68.688909,-31.907167],[-68.663814,-31.736642],[-68.711164,-31.646158],[-68.686499,-31.5645],[-68.707756,-31.563755],[-68.651705,-31.472364],[-68.677764,-31.495911],[-68.995359,-31.519996],[-69.005554,-31.365045],[-69.108426,-31.281288]]]},"properties":{"id":"70133","nombre":"Zonda","nombre_completo":"Departamento Zonda","provincia":{"id":"70","nombre":"San Juan","interseccion":0},"fuente":"IGN","categoria":"Departamento","centroide":{"lon":-68.954841881,"lat":-31.641778356}}},
{"type":"Feature","geometry":{"type":"Polygon","coordinates":[[[-68.829405,-30.690995],[-68.781071,-30.597889],[-68.984899,-30.5518],[-69.116071,-30.627301],[-69.088586,-30.728861],[-69.121646,-30.831247],[-69.147934,-30.920001],[-69.215852,-31.095778],[-69.21193,-31.25572],[-69.108426,-31.281288],[-69.005554,-31.365045],[-68.995359,-31.519996],[-68.677764,-31.495911],[-68.654308,-31.472292],[-68.642091,-31.502473],[-68.516691,-31.063269],[-68.500057,-31.004354],[-68.755762,-31.004107],[-68.768034,-30.856802],[-68.796574,-30.803191],[-68.829405,-30.690995]]]},"properties":{"id":"70112","nombre":"Ullum","nombre_completo":"Departamento Ullum","provincia":{"id":"70","nombre":"San Juan","interseccion":0},"fuente":"IGN","categoria":"Departamento","centroide":{"lon":-68.882390918,"lat":-31.085285375}}},
{"type":"Feature","geometry":{"type":"Polygon","coordinates":[[[-68.390256,-31.859263],[-68.454126,-31.817666],[-68.433229,-31.887994],[-68.688909,-31.907167],[-69.117641,-31.90806],[-69.126445,-32.001907],[-68.917615,-32.114646],[-68.917613,-32.338042],[-68.665713,-32.337097],[-68.461209,-32.238052],[-68.461208,-32.139189],[-68.301063,-32.13919],[-68.247932,-32.091545],[-68.330926,-32.12864],[-68.26651,-32.031742],[-68.390256,-31.859263]]]},"properties":{"id":"70105","nombre":"Sarmiento","nombre_completo":"Departamento Sarmiento","provincia":{"id":"70","nombre":"San Juan","interseccion":0},"fuente":"IGN","categoria":"Departamento","centroide":{"lon":-68.68704088,"lat":-32.076116858}}},
{"type":"Feature","geometry":{"type":"Polygon","coordinates":[[[-69.827231,-30.368612],[-69.88942,-30.274359],[-69.955342,-30.385505],[-70.154669,-30.346666],[-70.322821,-30.928026],[-70.269099,-31.043093],[-70.401378,-31.167072],[-70.497907,-31.122797],[-70.547157,-31.314853],[-70.460442,-31.843866],[-70.209316,-31.960411],[-70.388233,-32.045402],[-70.126201,-32.574154],[-70.089601,-32.622434],[-70.025831,-32.578771],[-69.827384,-32.56271],[-69.778761,-32.542409],[-69.758861,-32.512382],[-69.689212,-32.430176],[-69.728874,-32.330831],[-69.596233,-32.140907],[-69.126445,-32.001907],[-69.134633,-31.758641],[-69.162072,-31.725493],[-69.191039,-31.531226],[-69.206942,-31.322114],[-69.250561,-31.201927],[-69.215852,-31.095778],[-69.147934,-30.920001],[-69.121646,-30.831247],[-69.145294,-30.778708],[-69.632139,-30.624057],[-69.702733,-30.61472],[-69.72839,-30.541067],[-69.780504,-30.419682],[-69.827231,-30.368612]]]},"properties":{"id":"70021","nombre":"Calingasta","nombre_completo":"Departamento Calingasta","provincia":{"id":"70","nombre":"San Juan","interseccion":0},"fuente":"IGN","categoria":"Departamento","centroide":{"lon":-69.831865825,"lat":-31.450935909}}},
{"type":"Feature","geometry":{"type":"Polygon","coordinates":[[[-69.62981,-28.393692],[-69.788285,-29.13314],[-69.952689,-29.189165],[-70.020913,-29.329693],[-69.878671,-29.725808],[-69.96487,-30.085446],[-69.81744,-30.127941],[-69.827231,-30.368612],[-69.780504,-30.419682],[-69.72839,-30.541067],[-69.702733,-30.61472],[-69.632139,-30.624057],[-69.145294,-30.778708],[-69.088586,-30.728861],[-69.116071,-30.627301],[-68.984899,-30.5518],[-69.00672,-30.545928],[-69.027669,-29.871184],[-69.020123,-29.814839],[-69.014768,-29.699123],[-69.014142,-29.659907],[-69.033718,-29.532973],[-68.908508,-29.044922],[-68.956066,-28.949476],[-68.908706,-28.85932],[-69.161971,-28.761135],[-69.316172,-28.411606],[-69.62981,-28.393692]]]},"properties":{"id":"70049","nombre":"Iglesia","nombre_completo":"Departamento Iglesia","provincia":{"id":"70","nombre":"San Juan","interseccion":0},"fuente":"IGN","categoria":"Departamento","centroide":{"lon":-69.438720106,"lat":-29.601190702}}},
{"type":"Feature","geometry":{"type":"Polygon","coordinates":[[[-68.887262,-29.620371],[-68.93479,-29.620129],[-69.012988,-29.652045],[-69.014142,-29.659907],[-69.014768,-29.699123],[-69.020123,-29.814839],[-69.027669,-29.871184],[-69.00672,-30.545928],[-68.781071,-30.597889],[-68.829405,-30.690995],[-68.796574,-30.803191],[-68.768034,-30.856802],[-68.755762,-31.004107],[-68.500057,-31.004354],[-68.483299,-30.981802],[-68.425732,-30.92949],[-67.530569,-30.929547],[-67.741444,-30.702326],[-67.810818,-30.378537],[-68.135891,-29.908302],[-68.227294,-29.997073],[-68.298274,-29.862565],[-68.358013,-29.805739],[-68.258789,-29.746726],[-68.467712,-29.644287],[-68.68251,-29.646533],[-68.887262,-29.620371]]]},"properties":{"id":"70056","nombre":"Jáchal","nombre_completo":"Departamento Jáchal","provincia":{"id":"70","nombre":"San Juan","interseccion":0},"fuente":"IGN","categoria":"Departamento","centroide":{"lon":-68.439996584,"lat":-30.354641357}}},
{"type":"Feature","geometry":{"type":"Polygon","coordinates":[[[-68.199003,-29.781091],[-68.26777,-29.758605],[-68.258789,-29.746726],[-68.358192,-29.805325],[-68.298274,-29.862565],[-68.227294,-29.997073],[-68.135891,-29.908302],[-67.810818,-30.378537],[-67.741444,-30.702326],[-67.497455,-30.955511],[-67.507699,-30.988519],[-67.45158,-31.062356],[-67.280632,-31.448397],[-67.101229,-31.382986],[-67.116441,-31.016001],[-67.08207,-30.916096],[-67.282792,-30.69528],[-67.410093,-30.627466],[-67.494802,-30.536332],[-67.578012,-30.404177],[-67.590873,-30.298148],[-67.930541,-30.030221],[-67.990087,-29.988104],[-68.054332,-29.900302],[-68.199003,-29.781091]]]},"properties":{"id":"70119","nombre":"Valle Fértil","nombre_completo":"Departamento Valle Fértil","provincia":{"id":"70","nombre":"San Juan","interseccion":0},"fuente":"IGN","categoria":"Departamento","centroide":{"lon":-67.527673679,"lat":-30.716885675}}},
{"type":"Feature","geometry":{"type":"Polygon","coordinates":[[[-67.497455,-30.955511],[-67.875254,-30.930697],[-67.813713,-31.012246],[-67.967129,-31.401952],[-68.030531,-31.56699],[-67.983931,-31.630501],[-68.364846,-31.571218],[-68.336658,-31.660029],[-68.346888,-31.694703],[-67.239883,-31.880064],[-67.136729,-31.833805],[-67.00593,-31.855355],[-66.885696,-31.897693],[-66.661788,-31.920536],[-66.791992,-31.825378],[-66.845209,-31.714582],[-66.868184,-31.633298],[-66.951966,-31.633298],[-67.078271,-31.43397],[-67.280632,-31.448397],[-67.45158,-31.062356],[-67.507699,-30.988519],[-67.497455,-30.955511]]]},"properties":{"id":"70035","nombre":"Caucete","nombre_completo":"Departamento Caucete","provincia":{"id":"70","nombre":"San Juan","interseccion":0},"fuente":"IGN","categoria":"Departamento","centroide":{"lon":-67.545440866,"lat":-31.506900326}}},
{"type":"Feature","geometry":{"type":"Polygon","coordinates":[[[-60.323435,-37.776369],[-60.424207,-37.697668],[-60.378022,-37.662685],[-60.452736,-37.601036],[-60.58083,-37.700807],[-60.556671,-37.720854],[-60.845653,-37.935799],[-60.74377,-38.016051],[-60.759493,-38.028543],[-60.549611,-38.19215],[-60.370689,-38.016721],[-60.036304,-38.280844],[-59.886661,-38.157281],[-59.775876,-38.210258],[-59.641345,-38.025151],[-59.67703,-38.000114],[-59.673675,-37.979546],[-59.936614,-37.794446],[-60.018164,-37.860745],[-60.261959,-37.728752],[-60.323435,-37.776369]]]},"properties":{"id":"06014","nombre":"Adolfo Gonzales Chaves","nombre_completo":"Partido de Adolfo Gonzales Chaves","provincia":{"id":"06","nombre":"Buenos Aires","interseccion":0},"fuente":"IGN","categoria":"Partido","centroide":{"lon":-60.248282132,"lat":-37.964615907}}},
{"type":"Feature","geometry":{"type":"Polygon","coordinates":[[[-58.914786,-30.629127],[-58.962649,-30.603444],[-58.999327,-30.610048],[-59.041495,-30.670503],[-59.068031,-30.676217],[-59.097034,-30.691218],[-59.260752,-30.763335],[-59.292448,-30.846275],[-59.258436,-31.147408],[-59.29658,-31.285426],[-59.285085,-31.303598],[-59.234777,-31.267693],[-59.148149,-31.413759],[-59.074339,-31.403486],[-59.010572,-31.339061],[-59.018196,-31.325074],[-58.975331,-31.256894],[-58.635846,-31.297283],[-58.583864,-31.257819],[-58.465268,-31.260798],[-58.408254,-31.238115],[-58.598485,-31.061906],[-58.466362,-30.945532],[-58.440247,-30.90254],[-58.427207,-30.847144],[-58.491732,-30.732379],[-58.569029,-30.700724],[-58.598354,-30.674874],[-58.914786,-30.629127]]]},"properties":{"id":"30035","nombre":"Federal","nombre_completo":"Departamento Federal","provincia":{"id":"30","nombre":"Entre Ríos","interseccion":0},"fuente":"IGN","categoria":"Departamento","centroide":{"lon":-58.891860048,"lat":-30.99242678}}},
{"type":"Feature","geometry":{"type":"Polygon","coordinates":[[[-61.712225,-26.234491],[-63.76133,-26.21431],[-63.773703,-26.264563],[-63.720735,-26.376258],[-63.646715,-26.528104],[-63.652537,-26.59698],[-63.65456,-26.665873],[-63.689121,-26.865263],[-63.68207,-26.907029],[-63.657187,-26.925117],[-63.548504,-26.925532],[-63.37839,-26.887997],[-63.378395,-26.764093],[-63.233593,-26.794241],[-62.928476,-26.820257],[-62.504024,-26.83267],[-61.712556,-26.809114],[-61.712225,-26.234491]]]},"properties":{"id":"86014","nombre":"Alberdi","nombre_completo":"Departamento Alberdi","provincia":{"id":"86","nombre":"Santiago del Estero","interseccion":0},"fuente":"IGN","categoria":"Departamento","centroide":{"lon":-62.728013928,"lat":-26.52104235}}},
{"type":"Feature","geometry":{"type":"Polygon","coordinates":[[[-63.223496,-27.728033],[-63.495502,-27.824068],[-63.457737,-27.882515],[-63.442471,-27.922787],[-63.095401,-28.270138],[-61.864083,-28.318843],[-61.871039,-28.357689],[-61.772028,-28.357092],[-61.712045,-27.998552],[-61.711901,-27.797181],[-62.231422,-27.790473],[-62.231979,-27.819882],[-62.674439,-27.798176],[-62.674182,-27.820274],[-62.884297,-27.819759],[-63.223496,-27.728033]]]},"properties":{"id":"86098","nombre":"Juan Felipe Ibarra","nombre_completo":"Departamento Juan Felipe Ibarra","provincia":{"id":"86","nombre":"Santiago del Estero","interseccion":0},"fuente":"IGN","categoria":"Departamento","centroide":{"lon":-62.544374713,"lat":-28.039492992}}},
{"type":"Feature","geometry":{"type":"Polygon","coordinates":[[[-61.864083,-28.318843],[-62.676995,-28.320768],[-63.111774,-28.324892],[-63.040787,-28.407598],[-62.753373,-28.632442],[-62.655158,-28.847073],[-62.654662,-28.863202],[-61.857242,-28.866446],[-61.772028,-28.357092],[-61.871039,-28.357689],[-61.864083,-28.318843]]]},"properties":{"id":"86077","nombre":"General Taboada","nombre_completo":"Departamento General Taboada","provincia":{"id":"86","nombre":"Santiago del Estero","interseccion":0},"fuente":"IGN","categoria":"Departamento","centroide":{"lon":-62.338763383,"lat":-28.568325069}}},
{"type":"Feature","geometry":{"type":"Polygon","coordinates":[[[-58.430635,-34.60596],[-58.4333,-34.602692],[-58.446213,-34.607634],[-58.458439,-34.60451],[-58.462669,-34.607391],[-58.451541,-34.630657],[-58.426722,-34.627016],[-58.429994,-34.615467],[-58.430635,-34.60596]]]},"properties":{"id":"02042","nombre":"Comuna 6","nombre_completo":"Comuna 6","provincia":{"id":"02","nombre":"Ciudad Autónoma de Buenos Aires","interseccion":0},"fuente":"IGN","categoria":"Comuna","centroide":{"lon":-58.443568228,"lat":-34.61684339}}},
{"type":"Feature","geometry":{"type":"Polygon","coordinates":[[[-58.246816,-35.365325],[-58.442963,-35.216238],[-58.571654,-35.328204],[-58.525111,-35.366574],[-58.582085,-35.421434],[-58.470486,-35.511942],[-58.568715,-35.595902],[-58.486524,-35.706937],[-58.462586,-35.686593],[-58.441379,-35.702871],[-58.436248,-35.733051],[-58.152389,-35.472373],[-58.193911,-35.440953],[-58.18685,-35.382581],[-58.246816,-35.365325]]]},"properties":{"id":"06343","nombre":"General Paz","nombre_completo":"Partido de General Paz","provincia":{"id":"06","nombre":"Buenos Aires","interseccion":0},"fuente":"IGN","categoria":"Partido","centroide":{"lon":-58.389651959,"lat":-35.46618301}}},
{"type":"Feature","geometry":{"type":"Polygon","coordinates":[[[-58.380844,-24.956244],[-58.891744,-24.715016],[-58.891178,-25.05196],[-59.053631,-25.174021],[-58.605099,-25.470652],[-58.605171,-25.394346],[-58.378353,-25.392969],[-58.380844,-24.956244]]]},"properties":{"id":"34042","nombre":"Pilagás","nombre_completo":"Departamento Pilagás","provincia":{"id":"34","nombre":"Formosa","interseccion":0},"fuente":"IGN","categoria":"Departamento","centroide":{"lon":-58.661627748,"lat":-25.105377307}}},
{"type":"Feature","geometry":{"type":"Polygon","coordinates":[[[-58.267353,-26.344185],[-58.504131,-26.343353],[-58.505394,-26.173637],[-58.757656,-26.183554],[-58.974453,-26.185766],[-58.97486,-26.388461],[-58.909809,-26.462557],[-58.845614,-26.519216],[-58.744377,-26.602646],[-58.689424,-26.594151],[-58.611001,-26.681494],[-58.378236,-26.879842],[-58.190668,-26.643147],[-58.215852,-26.384135],[-58.267353,-26.344185]]]},"properties":{"id":"34021","nombre":"Laishi","nombre_completo":"Departamento Laishi","provincia":{"id":"34","nombre":"Formosa","interseccion":0},"fuente":"IGN","categoria":"Departamento","centroide":{"lon":-58.565463242,"lat":-26.467582219}}},
{"type":"Feature","geometry":{"type":"Polygon","coordinates":[[[-61.991675,-29.661599],[-62.43751,-29.666602],[-62.436146,-29.949579],[-62.608507,-30.056461],[-62.556483,-30.062787],[-62.520077,-30.341898],[-62.173794,-30.345314],[-62.130653,-30.480433],[-61.991675,-29.661599]]]},"properties":{"id":"86154","nombre":"Rivadavia","nombre_completo":"Departamento Rivadavia","provincia":{"id":"86","nombre":"Santiago del Estero","interseccion":0},"fuente":"IGN","categoria":"Departamento","centroide":{"lon":-62.280260407,"lat":-30.020506998}}},
{"type":"Feature","geometry":{"type":"Polygon","coordinates":[[[-65.483226,-25.04231],[-65.667062,-25.054702],[-65.778085,-25.07103],[-65.821971,-25.079929],[-65.85396,-25.071023],[-65.834084,-25.126497],[-65.889218,-25.159348],[-65.838048,-25.197375],[-65.748228,-25.317821],[-65.67147,-25.26918],[-65.569788,-25.201695],[-65.428055,-25.188514],[-65.421553,-25.158355],[-65.271177,-25.221772],[-65.28728,-25.154857],[-65.483226,-25.04231]]]},"properties":{"id":"66042","nombre":"Chicoana","nombre_completo":"Departamento Chicoana","provincia":{"id":"66","nombre":"Salta","interseccion":0},"fuente":"IGN","categoria":"Departamento","centroide":{"lon":-65.606332757,"lat":-25.151441332}}},
{"type":"Feature","geometry":{"type":"Polygon","coordinates":[[[-65.404213,-43.760052],[-65.454575,-42.851921],[-67.153625,-42.878983],[-67.148163,-43.340305],[-66.529945,-43.335266],[-66.524628,-43.783035],[-65.404213,-43.760052]]]},"properties":{"id":"26042","nombre":"Gaiman","nombre_completo":"Departamento Gaiman","provincia":{"id":"26","nombre":"Chubut","interseccion":0},"fuente":"IGN","categoria":"Departamento","centroide":{"lon":-66.172070579,"lat":-43.272514089}}},
{"type":"Feature","geometry":{"type":"Polygon","coordinates":[[[-65.353212,-43.758739],[-64.97634,-43.254972],[-64.307681,-42.979162],[-64.811592,-42.840214],[-65.454575,-42.851921],[-65.404213,-43.760052],[-65.353212,-43.758739]]]},"properties":{"id":"26077","nombre":"Rawson","nombre_completo":"Departamento Rawson","provincia":{"id":"26","nombre":"Chubut","interseccion":0},"fuente":"IGN","categoria":"Departamento","centroide":{"lon":-65.075717061,"lat":-43.137329263}}},
{"type":"Feature","geometry":{"type":"Polygon","coordinates":[[[-68.218796,-28.869127],[-69.462187,-28.192862],[-69.62981,-28.393692],[-69.316172,-28.411606],[-69.161971,-28.761135],[-68.908706,-28.85932],[-68.94889,-28.920024],[-68.94836,-28.970966],[-68.245308,-29.224319],[-67.853439,-29.077093],[-67.83548,-29.008017],[-68.218796,-28.869127]]]},"properties":{"id":"46077","nombre":"General Lamadrid","nombre_completo":"Departamento General Lamadrid","provincia":{"id":"46","nombre":"La Rioja","interseccion":0},"fuente":"IGN","categoria":"Departamento","centroide":{"lon":-68.697544493,"lat":-28.790438677}}},
{"type":"Feature","geometry":{"type":"Polygon","coordinates":[[[-67.00593,-31.855355],[-67.136729,-31.833805],[-67.241536,-31.880805],[-67.379244,-31.868116],[-67.383793,-32.125212],[-67.37039,-32.246281],[-67.278008,-32.292324],[-67.158716,-32.371731],[-66.646629,-32.365235],[-66.197375,-32.344392],[-66.228469,-32.557394],[-66.187551,-32.588322],[-66.185493,-32.651066],[-66.153821,-32.649479],[-66.133174,-32.760556],[-66.100552,-32.632055],[-65.996765,-32.612739],[-65.780288,-32.239871],[-65.717326,-32.211909],[-65.683868,-32.062648],[-65.811214,-32.059263],[-65.825057,-31.89707],[-65.979026,-31.889163],[-66.34944,-31.998398],[-66.604538,-31.923379],[-66.885696,-31.897693],[-67.00593,-31.855355]]]},"properties":{"id":"74007","nombre":"Ayacucho","nombre_completo":"Departamento Ayacucho","provincia":{"id":"74","nombre":"San Luis","interseccion":0},"fuente":"IGN","categoria":"Departamento","centroide":{"lon":-66.542361807,"lat":-32.165721709}}},
{"type":"Feature","geometry":{"type":"Polygon","coordinates":[[[-62.970025,-36.863033],[-62.813186,-36.734267],[-63.01261,-36.57265],[-63.127556,-36.479504],[-63.282763,-36.607562],[-62.970025,-36.863033]]]},"properties":{"id":"06721","nombre":"Salliqueló","nombre_completo":"Partido de Salliqueló","provincia":{"id":"06","nombre":"Buenos Aires","interseccion":0},"fuente":"IGN","categoria":"Partido","centroide":{"lon":-63.047973527,"lat":-36.671777535}}},
{"type":"Feature","geometry":{"type":"Polygon","coordinates":[[[-58.211085,-34.951783],[-58.017688,-34.780318],[-58.267461,-34.773646],[-58.179871,-34.866004],[-58.247414,-34.923592],[-58.211085,-34.951783]]]},"properties":{"id":"06091","nombre":"Berazategui","nombre_completo":"Partido de Berazategui","provincia":{"id":"06","nombre":"Buenos Aires","interseccion":0},"fuente":"IGN","categoria":"Partido","centroide":{"lon":-58.155461509,"lat":-34.81824477}}},
{"type":"Feature","geometry":{"type":"Polygon","coordinates":[[[-64.674172,-24.603871],[-64.844626,-24.467955],[-64.896941,-24.591986],[-65.10516,-24.523038],[-65.210172,-24.543632],[-65.279047,-24.637261],[-65.2747,-24.677425],[-65.220124,-24.71597],[-65.094195,-24.715499],[-65.053285,-24.865612],[-65.065473,-24.999102],[-65.080393,-25.103858],[-64.900865,-25.113908],[-64.727981,-24.704958],[-64.674172,-24.603871]]]},"properties":{"id":"66049","nombre":"General Güemes","nombre_completo":"Departamento General Güemes","provincia":{"id":"66","nombre":"Salta","interseccion":0},"fuente":"IGN","categoria":"Departamento","centroide":{"lon":-64.956062082,"lat":-24.764602117}}},
{"type":"Feature","geometry":{"type":"Polygon","coordinates":[[[-67.957764,-32.84504],[-68.123112,-32.838598],[-68.125546,-33.000081],[-68.284953,-33.058801],[-68.29314,-34.019798],[-68.456095,-34.041501],[-68.453482,-34.212553],[-68.349258,-34.180569],[-68.170582,-34.211408],[-67.647781,-34.201074],[-67.564508,-34.101853],[-67.501198,-34.101327],[-67.50308,-33.769518],[-67.705027,-33.773079],[-67.718049,-33.446097],[-67.577193,-33.030746],[-67.956693,-32.988781],[-67.957764,-32.84504]]]},"properties":{"id":"50112","nombre":"Santa Rosa","nombre_completo":"Departamento Santa Rosa","provincia":{"id":"50","nombre":"Mendoza","interseccion":0},"fuente":"IGN","categoria":"Departamento","centroide":{"lon":-67.963856114,"lat":-33.616998915}}},
{"type":"Feature","geometry":{"type":"Polygon","coordinates":[[[-62.182682,-24.155029],[-62.342157,-24.110249],[-62.342352,-24.392113],[-62.715775,-24.830897],[-62.218558,-24.830108],[-62.218558,-25.466682],[-61.393659,-25.469501],[-61.393833,-25.560392],[-61.193568,-25.563501],[-61.203582,-26.109012],[-60.09926,-26.122378],[-60.101402,-25.657542],[-60.529648,-25.171784],[-60.940093,-25.004408],[-61.092683,-24.834913],[-61.144022,-24.804977],[-61.133089,-24.786752],[-61.156381,-24.785016],[-61.230062,-24.635205],[-61.382725,-24.612757],[-61.477249,-24.57523],[-61.521751,-24.518061],[-61.596403,-24.479293],[-61.597515,-24.438221],[-61.798592,-24.336345],[-61.839948,-24.301497],[-61.95451,-24.26141],[-61.984652,-24.227095],[-61.989211,-24.250514],[-62.041025,-24.240489],[-62.136097,-24.196022],[-62.182682,-24.155029]]]},"properties":{"id":"22063","nombre":"General Güemes","nombre_completo":"Departamento General Güemes","provincia":{"id":"22","nombre":"Chaco","interseccion":0},"fuente":"IGN","categoria":"Departamento","centroide":{"lon":-61.334427023,"lat":-25.212576906}}},
{"type":"Feature","geometry":{"type":"Polygon","coordinates":[[[-65.642345,-30.753988],[-66.353279,-30.747721],[-66.325699,-30.7929],[-66.480667,-31.095749],[-66.308075,-31.18865],[-65.770831,-31.368347],[-65.77146,-31.044159],[-65.642345,-30.753988]]]},"properties":{"id":"46084","nombre":"General Ortiz de Ocampo","nombre_completo":"Departamento General Ortiz de Ocampo","provincia":{"id":"46","nombre":"La Rioja","interseccion":0},"fuente":"IGN","categoria":"Departamento","centroide":{"lon":-66.058984976,"lat":-31.006760703}}},
{"type":"Feature","geometry":{"type":"Polygon","coordinates":[[[-65.075545,-33.989306],[-65.109038,-33.955676],[-65.106759,-35.01533],[-63.385734,-35.002218],[-63.385298,-34.529637],[-63.82982,-34.545433],[-63.834941,-34.36424],[-64.162196,-34.370459],[-64.165508,-34.257347],[-64.294315,-34.213948],[-65.075545,-33.989306]]]},"properties":{"id":"14035","nombre":"General Roca","nombre_completo":"Departamento General Roca","provincia":{"id":"14","nombre":"Córdoba","interseccion":0},"fuente":"IGN","categoria":"Departamento","centroide":{"lon":-64.373022144,"lat":-34.623127668}}},
{"type":"Feature","geometry":{"type":"Polygon","coordinates":[[[-60.997214,-27.417701],[-61.529046,-27.054386],[-61.712679,-26.928197],[-61.711868,-27.713971],[-61.569271,-27.714245],[-61.571168,-27.480193],[-60.997282,-27.478115],[-60.997214,-27.417701]]]},"properties":{"id":"22036","nombre":"12 de Octubre","nombre_completo":"Departamento 12 de Octubre","provincia":{"id":"22","nombre":"Chaco","interseccion":0},"fuente":"IGN","categoria":"Departamento","centroide":{"lon":-61.475806548,"lat":-27.333376077}}},
{"type":"Feature","geometry":{"type":"Polygon","coordinates":[[[-64.173645,-30.063036],[-64.49218,-29.82076],[-64.489385,-29.528134],[-64.964052,-29.596091],[-64.937932,-29.847511],[-64.985964,-29.891056],[-64.989395,-30.01506],[-64.269874,-30.116013],[-64.28324,-30.201891],[-64.356526,-30.197403],[-64.374801,-30.37859],[-64.283718,-30.388761],[-64.298264,-30.463715],[-64.083312,-30.465693],[-64.005592,-30.483223],[-63.963569,-30.414911],[-63.847102,-30.416595],[-63.795702,-30.569191],[-63.60433,-30.526146],[-63.35698,-30.575861],[-63.213639,-30.662078],[-63.011271,-30.686929],[-62.651423,-30.511651],[-62.428588,-30.554489],[-62.328509,-30.577151],[-62.325088,-30.511575],[-62.550465,-30.47011],[-62.526984,-30.378497],[-63.325437,-30.230403],[-63.380905,-30.321469],[-63.493704,-30.188682],[-63.886361,-30.097073],[-64.173645,-30.063036]]]},"properties":{"id":"14175","nombre":"Tulumba","nombre_completo":"Departamento Tulumba","provincia":{"id":"14","nombre":"Córdoba","interseccion":0},"fuente":"IGN","categoria":"Departamento","centroide":{"lon":-63.82878872,"lat":-30.219516925}}},
{"type":"Feature","geometry":{"type":"Polygon","coordinates":[[[-64.714851,-30.634132],[-64.870824,-30.634534],[-65.033472,-30.475059],[-65.001871,-30.418516],[-64.985964,-29.891056],[-65.15827,-30.047267],[-65.422985,-30.119602],[-65.525245,-30.490816],[-65.599061,-30.65671],[-65.373476,-30.693184],[-65.335021,-30.882484],[-65.158122,-30.874281],[-65.068391,-31.070214],[-64.940247,-31.16704],[-64.905373,-31.221392],[-64.899794,-31.346004],[-64.90949,-31.399303],[-64.763534,-31.42473],[-64.700515,-31.277615],[-64.677519,-31.137265],[-64.676111,-30.971892],[-64.644693,-30.856235],[-64.619745,-30.771219],[-64.6243,-30.690109],[-64.714701,-30.689944],[-64.714851,-30.634132]]]},"properties":{"id":"14028","nombre":"Cruz del Eje","nombre_completo":"Departamento Cruz del Eje","provincia":{"id":"14","nombre":"Córdoba","interseccion":0},"fuente":"IGN","categoria":"Departamento","centroide":{"lon":-65.078206593,"lat":-30.656757655}}},
{"type":"Feature","geometry":{"type":"Polygon","coordinates":[[[-64.514821,-30.703033],[-64.590201,-30.690535],[-64.6243,-30.690109],[-64.619745,-30.771219],[-64.644693,-30.856235],[-64.676111,-30.971892],[-64.677519,-31.137265],[-64.700515,-31.277615],[-64.783774,-31.504626],[-64.772442,-31.560105],[-64.664012,-31.692375],[-64.548032,-31.690979],[-64.480019,-31.420215],[-64.449223,-31.060553],[-64.429648,-30.972589],[-64.447189,-30.833415],[-64.514024,-30.771493],[-64.514821,-30.703033]]]},"properties":{"id":"14091","nombre":"Punilla","nombre_completo":"Departamento Punilla","provincia":{"id":"14","nombre":"Córdoba","interseccion":0},"fuente":"IGN","categoria":"Departamento","centroide":{"lon":-64.585872218,"lat":-31.218758284}}},
{"type":"Feature","geometry":{"type":"Polygon","coordinates":[[[-68.289218,-33.232429],[-68.480975,-33.149489],[-68.639262,-33.203863],[-68.728552,-33.340464],[-68.771032,-33.383827],[-68.853297,-33.412165],[-68.985281,-33.5323],[-69.00337,-33.54648],[-68.564787,-33.734294],[-68.595098,-33.491923],[-68.291291,-33.463182],[-68.289218,-33.232429]]]},"properties":{"id":"50084","nombre":"Rivadavia","nombre_completo":"Departamento Rivadavia","provincia":{"id":"50","nombre":"Mendoza","interseccion":0},"fuente":"IGN","categoria":"Departamento","centroide":{"lon":-68.604973299,"lat":-33.41707689}}},
{"type":"Feature","geometry":{"type":"Polygon","coordinates":[[[-63.382415,-39.871918],[-65.245524,-39.850678],[-65.245728,-39.865877],[-65.213659,-39.870856],[-65.283417,-39.92531],[-65.193202,-39.979758],[-65.193997,-40.436479],[-64.083013,-40.442171],[-63.997648,-40.506315],[-63.845303,-40.390278],[-63.380798,-40.408639],[-63.382415,-39.871918]]]},"properties":{"id":"62028","nombre":"Conesa","nombre_completo":"Departamento Conesa","provincia":{"id":"62","nombre":"Río Negro","interseccion":0},"fuente":"IGN","categoria":"Departamento","centroide":{"lon":-64.304912723,"lat":-40.148716193}}},
{"type":"Feature","geometry":{"type":"Polygon","coordinates":[[[-65.774248,-39.918656],[-66.825668,-39.910592],[-66.87689,-42.000001],[-65.728113,-42],[-65.790074,-41.182415],[-65.774248,-39.918656]]]},"properties":{"id":"62084","nombre":"Valcheta","nombre_completo":"Departamento Valcheta","provincia":{"id":"62","nombre":"Río Negro","interseccion":0},"fuente":"IGN","categoria":"Departamento","centroide":{"lon":-66.310890798,"lat":-40.97445843}}},
{"type":"Feature","geometry":{"type":"Polygon","coordinates":[[[-61.84537,-34.637413],[-61.983941,-34.518249],[-61.81615,-34.385601],[-62.269083,-34.385821],[-62.348165,-34.653782],[-62.188183,-34.682722],[-62.305054,-34.812823],[-62.104559,-34.984689],[-61.9832,-34.886031],[-61.902716,-34.952754],[-61.673472,-34.760952],[-61.772899,-34.676405],[-61.769608,-34.576422],[-61.84537,-34.637413]]]},"properties":{"id":"06351","nombre":"General Pinto","nombre_completo":"Partido de General Pinto","provincia":{"id":"06","nombre":"Buenos Aires","interseccion":0},"fuente":"IGN","categoria":"Partido","centroide":{"lon":-62.039853674,"lat":-34.669621454}}},
{"type":"Feature","geometry":{"type":"Polygon","coordinates":[[[-59.538113,-38.057257],[-59.641345,-38.025151],[-59.775876,-38.210258],[-59.989967,-38.371421],[-59.886358,-38.52933],[-59.733663,-38.488938],[-59.627294,-38.785837],[-59.332795,-38.736675],[-59.444727,-38.588523],[-59.340307,-38.547752],[-59.405854,-38.457143],[-59.246237,-38.153052],[-59.538113,-38.057257]]]},"properties":{"id":"06742","nombre":"San Cayetano","nombre_completo":"Partido de San Cayetano","provincia":{"id":"06","nombre":"Buenos Aires","interseccion":0},"fuente":"IGN","categoria":"Partido","centroide":{"lon":-59.58632644,"lat":-38.389073197}}},
{"type":"Feature","geometry":{"type":"Polygon","coordinates":[[[-60.036304,-38.280844],[-60.370689,-38.016721],[-60.549611,-38.19215],[-60.676254,-38.093133],[-60.724811,-38.118401],[-60.729296,-38.196661],[-60.718722,-38.224226],[-60.746873,-38.229951],[-60.619604,-38.471277],[-60.612497,-38.586931],[-60.536752,-38.82231],[-60.49272,-38.928536],[-59.627294,-38.785837],[-59.733663,-38.488938],[-59.886358,-38.52933],[-59.989967,-38.371421],[-59.833518,-38.242234],[-59.883207,-38.160282],[-60.036304,-38.280844]]]},"properties":{"id":"06833","nombre":"Tres Arroyos","nombre_completo":"Partido de Tres Arroyos","provincia":{"id":"06","nombre":"Buenos Aires","interseccion":0},"fuente":"IGN","categoria":"Partido","centroide":{"lon":-60.237417325,"lat":-38.511814275}}},
{"type":"Feature","geometry":{"type":"Polygon","coordinates":[[[-61.077814,-38.293347],[-61.188565,-38.290579],[-61.728495,-38.657088],[-61.715451,-38.714322],[-61.698761,-38.781423],[-61.47367,-38.945992],[-61.424366,-38.916338],[-61.342348,-38.915479],[-61.314896,-38.946281],[-61.13784,-38.929388],[-61.110167,-38.99589],[-60.497336,-38.928926],[-60.536752,-38.82231],[-60.612497,-38.586931],[-60.619604,-38.471277],[-60.740629,-38.330723],[-60.836122,-38.403817],[-61.077814,-38.293347]]]},"properties":{"id":"06189","nombre":"Coronel Dorrego","nombre_completo":"Partido de Coronel Dorrego","provincia":{"id":"06","nombre":"Buenos Aires","interseccion":0},"fuente":"IGN","categoria":"Partido","centroide":{"lon":-61.095550573,"lat":-38.670817608}}},
{"type":"Feature","geometry":{"type":"Polygon","coordinates":[[[-59.170841,-37.700552],[-59.153057,-37.657436],[-59.184695,-37.616925],[-59.2925,-37.710327],[-59.383349,-37.758604],[-59.67703,-38.000114],[-59.538113,-38.057257],[-59.246237,-38.153052],[-59.405854,-38.457143],[-59.340307,-38.547752],[-59.444727,-38.588523],[-59.332795,-38.736675],[-58.619452,-38.561874],[-58.708025,-38.495017],[-58.752001,-38.488722],[-59.127687,-37.973595],[-59.168236,-37.936124],[-59.165399,-37.880647],[-59.10968,-37.838841],[-59.109382,-37.808157],[-59.133571,-37.757489],[-59.170841,-37.700552]]]},"properties":{"id":"06581","nombre":"Necochea","nombre_completo":"Partido de Necochea","provincia":{"id":"06","nombre":"Buenos Aires","interseccion":0},"fuente":"IGN","categoria":"Partido","centroide":{"lon":-59.167386947,"lat":-38.255411005}}},
{"type":"Feature","geometry":{"type":"Polygon","coordinates":[[[-66.976273,-29.818956],[-67.536797,-29.786135],[-67.612526,-29.656038],[-67.817039,-29.801329],[-67.991455,-29.98513],[-67.930541,-30.030221],[-67.590873,-30.298148],[-67.578012,-30.404177],[-67.507849,-30.515677],[-66.917076,-30.531256],[-66.900223,-30.466921],[-66.861015,-30.403578],[-66.847237,-29.829662],[-66.976273,-29.818956]]]},"properties":{"id":"46105","nombre":"Independencia","nombre_completo":"Departamento Independencia","provincia":{"id":"46","nombre":"La Rioja","interseccion":0},"fuente":"IGN","categoria":"Departamento","centroide":{"lon":-67.335509803,"lat":-30.114455642}}},
{"type":"Feature","geometry":{"type":"Polygon","coordinates":[[[-57.947196,-35.371952],[-58.025003,-35.353784],[-58.044821,-35.334563],[-58.138618,-35.420373],[-58.193911,-35.440953],[-58.152389,-35.472373],[-58.453639,-35.769544],[-58.41355,-35.814737],[-58.342751,-35.843587],[-58.271799,-35.858634],[-58.263821,-35.823052],[-58.204319,-35.825715],[-58.185232,-35.863478],[-58.096865,-35.775036],[-57.887372,-35.69987],[-57.749839,-35.766104],[-57.402058,-35.757487],[-57.409583,-35.7431],[-57.382962,-35.694198],[-57.426357,-35.615791],[-57.435254,-35.518227],[-57.687935,-35.484713],[-57.770626,-35.43982],[-57.814018,-35.442193],[-57.873923,-35.385885],[-57.947196,-35.371952]]]},"properties":{"id":"06218","nombre":"Chascomús","nombre_completo":"Partido de Chascomús","provincia":{"id":"06","nombre":"Buenos Aires","interseccion":0},"fuente":"IGN","categoria":"Partido","centroide":{"lon":-57.903981069,"lat":-35.618688309}}},
{"type":"Feature","geometry":{"type":"Polygon","coordinates":[[[-57.382962,-35.694198],[-57.127938,-35.445758],[-57.3037,-35.197184],[-57.492901,-35.243591],[-57.571344,-35.363429],[-57.632982,-35.260864],[-57.613395,-35.33306],[-57.726803,-35.3493],[-57.770626,-35.43982],[-57.687935,-35.484713],[-57.435254,-35.518227],[-57.426357,-35.615791],[-57.382962,-35.694198]]]},"properties":{"id":"06655","nombre":"Punta Indio","nombre_completo":"Partido de Punta Indio","provincia":{"id":"06","nombre":"Buenos Aires","interseccion":0},"fuente":"IGN","categoria":"Partido","centroide":{"lon":-57.39923404,"lat":-35.426055877}}},
{"type":"Feature","geometry":{"type":"Polygon","coordinates":[[[-64.899818,-24.383277],[-65.262705,-24.314362],[-65.269619,-24.362187],[-65.357192,-24.383036],[-65.350647,-24.429042],[-65.359346,-24.45894],[-65.34633,-24.496816],[-65.229272,-24.486217],[-65.194119,-24.45986],[-65.10516,-24.523038],[-64.896941,-24.591986],[-64.854081,-24.474331],[-64.954036,-24.449699],[-64.899818,-24.383277]]]},"properties":{"id":"38014","nombre":"El Carmen","nombre_completo":"Departamento El Carmen","provincia":{"id":"38","nombre":"Jujuy","interseccion":0},"fuente":"IGN","categoria":"Departamento","centroide":{"lon":-65.101285905,"lat":-24.447537267}}},
{"type":"Feature","geometry":{"type":"Polygon","coordinates":[[[-64.309786,-31.363288],[-64.351087,-31.371337],[-64.480019,-31.420215],[-64.548032,-31.690979],[-64.664012,-31.692375],[-64.726859,-31.735373],[-64.928818,-31.909292],[-64.547318,-31.88088],[-64.527435,-31.852062],[-64.426511,-31.857202],[-64.378596,-31.845669],[-64.315097,-31.802406],[-64.288253,-31.949969],[-64.223441,-31.912441],[-64.241408,-32.004467],[-63.973794,-31.951751],[-63.919287,-32.009833],[-63.918089,-31.874603],[-63.947788,-31.752862],[-64.027267,-31.768685],[-63.956749,-31.536472],[-63.952104,-31.439694],[-63.973583,-31.451898],[-64.002284,-31.447027],[-64.057381,-31.419291],[-64.057384,-31.524984],[-64.309786,-31.524984],[-64.309786,-31.363288]]]},"properties":{"id":"14147","nombre":"Santa María","nombre_completo":"Departamento Santa María","provincia":{"id":"14","nombre":"Córdoba","interseccion":0},"fuente":"IGN","categoria":"Departamento","centroide":{"lon":-64.305902163,"lat":-31.709712313}}},
{"type":"Feature","geometry":{"type":"Polygon","coordinates":[[[-64.601539,-40.438937],[-65.193997,-40.436475],[-65.193202,-39.979758],[-65.29462,-39.918534],[-65.774248,-39.918656],[-65.790074,-41.182415],[-65.728113,-42],[-65.069254,-42],[-64.987793,-41.518799],[-65.154297,-41.162781],[-65.128906,-40.856812],[-64.899902,-40.760803],[-64.954529,-40.709595],[-64.733582,-40.786926],[-64.875305,-40.828918],[-64.603179,-40.850198],[-64.601539,-40.438937]]]},"properties":{"id":"62077","nombre":"San Antonio","nombre_completo":"Departamento San Antonio","provincia":{"id":"62","nombre":"Río Negro","interseccion":0},"fuente":"IGN","categoria":"Departamento","centroide":{"lon":-65.371244333,"lat":-40.952663691}}},
{"type":"Feature","geometry":{"type":"Polygon","coordinates":[[[-66.496273,-28.531339],[-66.514028,-28.465432],[-66.57081,-28.288634],[-66.942561,-28.266171],[-66.987709,-28.479774],[-67.011925,-28.603785],[-66.836624,-28.627951],[-66.734711,-28.852306],[-66.378656,-28.713351],[-66.496273,-28.531339]]]},"properties":{"id":"46007","nombre":"Arauco","nombre_completo":"Departamento Arauco","provincia":{"id":"46","nombre":"La Rioja","interseccion":0},"fuente":"IGN","categoria":"Departamento","centroide":{"lon":-66.719102601,"lat":-28.533043666}}},
{"type":"Feature","geometry":{"type":"Polygon","coordinates":[[[-57.749839,-35.766104],[-57.887372,-35.69987],[-58.096865,-35.775036],[-58.147228,-35.866575],[-58.090674,-35.939232],[-58.008142,-35.960545],[-57.983311,-36.028719],[-57.726066,-35.91978],[-57.707655,-35.832283],[-57.588031,-35.830725],[-57.512525,-35.824484],[-57.488967,-35.826301],[-57.749839,-35.766104]]]},"properties":{"id":"06466","nombre":"Lezama","nombre_completo":"Partido de Lezama","provincia":{"id":"06","nombre":"Buenos Aires","interseccion":0},"fuente":"IGN","categoria":"Partido","centroide":{"lon":-57.89484439,"lat":-35.849208392}}},
{"type":"Feature","geometry":{"type":"Polygon","coordinates":[[[-58.6753,-34.025467],[-58.749462,-33.95459],[-58.77771,-33.942627],[-58.966046,-33.960581],[-58.973315,-34.129096],[-59.057152,-34.241501],[-58.907739,-34.359949],[-58.914931,-34.320724],[-58.862832,-34.264175],[-58.778742,-34.286755],[-58.798512,-34.230221],[-58.712152,-34.248902],[-58.80475,-34.087515],[-58.6753,-34.025467]]]},"properties":{"id":"06126","nombre":"Campana","nombre_completo":"Partido de Campana","provincia":{"id":"06","nombre":"Buenos Aires","interseccion":0},"fuente":"IGN","categoria":"Partido","centroide":{"lon":-58.882957379,"lat":-34.138388959}}},
{"type":"Feature","geometry":{"type":"Polygon","coordinates":[[[-67.171928,-48.483883],[-67.553116,-48.112984],[-68.185577,-48.444576],[-68.335442,-48.379612],[-69.355339,-48.438316],[-69.734406,-48.322083],[-69.757843,-49.318237],[-68.826828,-49.316792],[-68.822617,-49.454849],[-67.675885,-49.441869],[-67.613165,-49.250111],[-67.837524,-49.38678],[-67.553621,-49.016602],[-66.869266,-48.586042],[-67.171928,-48.483883]]]},"properties":{"id":"78042","nombre":"Magallanes","nombre_completo":"Departamento Magallanes","provincia":{"id":"78","nombre":"Santa Cruz","interseccion":0},"fuente":"IGN","categoria":"Departamento","centroide":{"lon":-68.468162129,"lat":-48.838341823}}},
{"type":"Feature","geometry":{"type":"Polygon","coordinates":[[[-69.758247,-49.208672],[-70.580765,-49.20388],[-70.646042,-50.736759],[-69.13854,-50.765615],[-68.880006,-50.335618],[-68.35819,-50.15892],[-68.580688,-49.964417],[-68.9328,-50],[-68.571411,-49.936829],[-68.643188,-49.779419],[-68.352949,-50.117597],[-68.039504,-50.068174],[-67.729667,-49.7759],[-67.675885,-49.441869],[-68.822617,-49.454849],[-68.826828,-49.316792],[-69.757843,-49.318237],[-69.758247,-49.208672]]]},"properties":{"id":"78007","nombre":"Corpen Aike","nombre_completo":"Departamento Corpen Aike","provincia":{"id":"78","nombre":"Santa Cruz","interseccion":0},"fuente":"IGN","categoria":"Departamento","centroide":{"lon":-69.446950723,"lat":-49.947483701}}},
{"type":"Feature","geometry":{"type":"Polygon","coordinates":[[[-65.373476,-30.693184],[-65.599014,-30.656723],[-65.77146,-31.044159],[-65.771038,-31.261412],[-64.899436,-31.276882],[-64.905373,-31.221392],[-64.940247,-31.16704],[-65.068391,-31.070214],[-65.158122,-30.874281],[-65.335021,-30.882484],[-65.373476,-30.693184]]]},"properties":{"id":"14070","nombre":"Minas","nombre_completo":"Departamento Minas","provincia":{"id":"14","nombre":"Córdoba","interseccion":0},"fuente":"IGN","categoria":"Departamento","centroide":{"lon":-65.41197244,"lat":-31.03503131}}},
{"type":"Feature","geometry":{"type":"Polygon","coordinates":[[[-64.783774,-31.504626],[-64.802451,-31.41833],[-65.06651,-31.413531],[-65.250714,-31.567031],[-65.236809,-31.675482],[-65.469263,-31.619853],[-65.502229,-31.759374],[-65.770103,-31.743351],[-65.769822,-31.888606],[-65.606366,-31.908465],[-65.251988,-31.9484],[-65.044973,-31.872023],[-65.018725,-31.878588],[-64.928818,-31.909292],[-64.726859,-31.735373],[-64.772442,-31.560105],[-64.783774,-31.504626]]]},"properties":{"id":"14126","nombre":"San Alberto","nombre_completo":"Departamento San Alberto","provincia":{"id":"14","nombre":"Córdoba","interseccion":0},"fuente":"IGN","categoria":"Departamento","centroide":{"lon":-65.156514737,"lat":-31.708028328}}},
{"type":"Feature","geometry":{"type":"Polygon","coordinates":[[[-63.2631,-31.333906],[-63.365609,-31.315061],[-63.618982,-31.494092],[-63.898267,-31.542972],[-63.956749,-31.536472],[-64.027267,-31.768685],[-63.947788,-31.752862],[-63.918089,-31.874603],[-63.918954,-31.986993],[-63.677878,-32.035054],[-63.244447,-31.924843],[-63.211614,-32.010699],[-63.12563,-31.947396],[-63.097012,-32.005467],[-63.006308,-32.0215],[-63.006235,-32.036614],[-62.951164,-32.03643],[-62.954107,-32.048133],[-62.851179,-32.06053],[-62.838592,-32.011336],[-62.881045,-32.012825],[-63.229869,-31.472363],[-63.2631,-31.333906]]]},"properties":{"id":"14119","nombre":"Río Segundo","nombre_completo":"Departamento Río Segundo","provincia":{"id":"14","nombre":"Córdoba","interseccion":0},"fuente":"IGN","categoria":"Departamento","centroide":{"lon":-63.474855521,"lat":-31.73310879}}},
{"type":"Feature","geometry":{"type":"Polygon","coordinates":[[[-62.15756,-30.396159],[-62.321448,-30.367885],[-62.335278,-30.579779],[-62.428588,-30.554489],[-62.651423,-30.511651],[-63.011271,-30.686929],[-63.030021,-30.695348],[-62.905775,-30.78579],[-62.843774,-30.82079],[-62.83405,-30.932506],[-63.245916,-31.264816],[-63.2631,-31.333906],[-63.229869,-31.472363],[-62.881045,-32.012825],[-62.837834,-32.008355],[-62.63563,-32.04721],[-62.520826,-31.967241],[-62.324623,-32.038982],[-62.182143,-32.063679],[-62.167797,-31.98601],[-62.241683,-31.699677],[-62.123495,-31.605408],[-61.842175,-30.744316],[-62.130653,-30.480433],[-62.15756,-30.396159]]]},"properties":{"id":"14140","nombre":"San Justo","nombre_completo":"Departamento San Justo","provincia":{"id":"14","nombre":"Córdoba","interseccion":0},"fuente":"IGN","categoria":"Departamento","centroide":{"lon":-62.527589057,"lat":-31.242567097}}},
{"type":"Feature","geometry":{"type":"Polygon","coordinates":[[[-62.282458,-32.046516],[-62.324623,-32.038982],[-62.520826,-31.967241],[-62.63563,-32.04721],[-62.837834,-32.008355],[-62.878124,-32.157171],[-62.927381,-32.391462],[-63.163394,-32.472298],[-63.0588,-32.632842],[-63.131754,-32.919097],[-63.215282,-33.192042],[-63.218448,-33.247014],[-63.08166,-33.272762],[-63.22471,-33.815259],[-62.805151,-33.895996],[-62.776693,-33.779326],[-62.75337,-33.783466],[-62.645663,-33.358522],[-62.603344,-33.301353],[-62.688415,-33.285673],[-62.520812,-33.127526],[-62.625234,-33.107962],[-62.451134,-32.848266],[-62.486305,-32.679132],[-62.390519,-32.438148],[-62.266009,-32.429051],[-62.245026,-32.32905],[-62.375949,-32.287481],[-62.282458,-32.046516]]]},"properties":{"id":"14182","nombre":"Unión","nombre_completo":"Departamento Unión","provincia":{"id":"14","nombre":"Córdoba","interseccion":0},"fuente":"IGN","categoria":"Departamento","centroide":{"lon":-62.791597056,"lat":-32.878381661}}},
{"type":"Feature","geometry":{"type":"Polygon","coordinates":[[[-63.097012,-32.005467],[-63.12563,-31.947396],[-63.211614,-32.010699],[-63.244447,-31.924843],[-63.677878,-32.035054],[-63.918954,-31.986993],[-63.919287,-32.009833],[-63.973794,-31.951751],[-64.241408,-32.004467],[-64.277539,-32.141073],[-64.293479,-32.31822],[-64.245641,-32.326942],[-64.245859,-32.308223],[-63.986211,-32.327626],[-63.920394,-32.374521],[-64.044013,-32.750363],[-63.973419,-32.723217],[-63.977397,-32.737687],[-63.907448,-32.700379],[-63.699917,-32.709768],[-63.721518,-32.79069],[-63.55025,-32.822659],[-63.542777,-32.261906],[-63.371241,-32.191024],[-63.447724,-32.103726],[-63.18592,-32.095959],[-63.097012,-32.005467]]]},"properties":{"id":"14161","nombre":"Tercero Arriba","nombre_completo":"Departamento Tercero Arriba","provincia":{"id":"14","nombre":"Córdoba","interseccion":0},"fuente":"IGN","categoria":"Departamento","centroide":{"lon":-63.779004896,"lat":-32.287680023}}},
{"type":"Feature","geometry":{"type":"Polygon","coordinates":[[[-65.342764,-24.862338],[-65.54187,-24.879181],[-65.514914,-24.988229],[-65.483226,-25.04231],[-65.28728,-25.154857],[-65.228726,-25.155459],[-65.244553,-25.115387],[-65.305691,-25.060156],[-65.342764,-24.862338]]]},"properties":{"id":"66035","nombre":"Cerrillos","nombre_completo":"Departamento Cerrillos","provincia":{"id":"66","nombre":"Salta","interseccion":0},"fuente":"IGN","categoria":"Departamento","centroide":{"lon":-65.403816109,"lat":-24.988543936}}},
{"type":"Feature","geometry":{"type":"Polygon","coordinates":[[[-63.986211,-32.327626],[-64.245859,-32.308223],[-64.24569,-32.39011],[-64.426096,-32.379883],[-64.550088,-32.63082],[-64.889945,-32.579575],[-64.909919,-32.642167],[-64.944619,-32.767336],[-64.99278,-32.945166],[-64.999704,-33.002665],[-65.142999,-33.194775],[-65.075545,-33.989306],[-64.294315,-34.213948],[-64.208543,-34.2391],[-64.031712,-34.174234],[-64.039213,-33.643104],[-63.88538,-33.643289],[-63.890153,-33.199488],[-64.047937,-33.192644],[-63.976576,-33.054285],[-64.048031,-33.001873],[-63.973419,-32.723217],[-64.044013,-32.750363],[-63.920394,-32.374521],[-63.986211,-32.327626]]]},"properties":{"id":"14098","nombre":"Río Cuarto","nombre_completo":"Departamento Río Cuarto","provincia":{"id":"14","nombre":"Córdoba","interseccion":0},"fuente":"IGN","categoria":"Departamento","centroide":{"lon":-64.493134309,"lat":-33.330534189}}},
{"type":"Feature","geometry":{"type":"Polygon","coordinates":[[[-68.853297,-33.412165],[-68.922806,-33.338768],[-69.215094,-33.11307],[-69.514667,-33.033308],[-69.770347,-33.360437],[-69.346644,-33.39973],[-69.320475,-33.408859],[-69.275228,-33.454306],[-69.00969,-33.546456],[-68.985281,-33.5323],[-68.853297,-33.412165]]]},"properties":{"id":"50126","nombre":"Tupungato","nombre_completo":"Departamento Tupungato","provincia":{"id":"50","nombre":"Mendoza","interseccion":0},"fuente":"IGN","categoria":"Departamento","centroide":{"lon":-69.296285903,"lat":-33.293400987}}},
{"type":"Feature","geometry":{"type":"Polygon","coordinates":[[[-63.20373,-36.033076],[-63.385471,-35.883677],[-63.385367,-36.524945],[-63.282763,-36.607562],[-63.048637,-36.415414],[-62.978901,-36.280138],[-63.20373,-36.033076]]]},"properties":{"id":"06616","nombre":"Pellegrini","nombre_completo":"Partido de Pellegrini","provincia":{"id":"06","nombre":"Buenos Aires","interseccion":0},"fuente":"IGN","categoria":"Partido","centroide":{"lon":-63.225752112,"lat":-36.271191706}}},
{"type":"Feature","geometry":{"type":"Polygon","coordinates":[[[-69.626785,-44.681366],[-69.64806,-45.999716],[-68.363119,-45.999898],[-68.371193,-44.68718],[-69.626785,-44.681366]]]},"properties":{"id":"26091","nombre":"Sarmiento","nombre_completo":"Departamento Sarmiento","provincia":{"id":"26","nombre":"Chubut","interseccion":0},"fuente":"IGN","categoria":"Departamento","centroide":{"lon":-69.002840002,"lat":-45.345092686}}},
{"type":"Feature","geometry":{"type":"Polygon","coordinates":[[[-67.794633,-39.039789],[-68.301592,-38.97543],[-68.653254,-39.199185],[-68.808055,-39.347356],[-68.823961,-39.374926],[-69.348962,-39.712095],[-69.506997,-39.815423],[-69.75495,-39.87597],[-69.807944,-40.665131],[-69.386675,-40.468816],[-68.786251,-40.428447],[-68.594784,-40.132606],[-68.231467,-40.073122],[-67.8722,-39.810904],[-67.362833,-39.466944],[-66.571576,-39.282893],[-66.571843,-39.090341],[-66.67957,-39.104347],[-67.022376,-39.178145],[-67.794633,-39.039789]]]},"properties":{"id":"62035","nombre":"El Cuy","nombre_completo":"Departamento El Cuy","provincia":{"id":"62","nombre":"Río Negro","interseccion":0},"fuente":"IGN","categoria":"Departamento","centroide":{"lon":-68.482789521,"lat":-39.70036017}}},
{"type":"Feature","geometry":{"type":"Polygon","coordinates":[[[-69.126445,-32.001907],[-69.596233,-32.140907],[-69.728874,-32.330831],[-69.689212,-32.430176],[-69.758861,-32.512382],[-69.778761,-32.542409],[-69.827384,-32.56271],[-70.025831,-32.578771],[-70.089601,-32.622434],[-70.126201,-32.574154],[-70.108228,-32.801138],[-69.893916,-32.826802],[-69.731495,-32.835466],[-69.533631,-32.717407],[-69.490182,-32.639316],[-69.313959,-32.759718],[-69.129813,-32.995061],[-69.116102,-33.030267],[-69.087404,-33.051402],[-68.981678,-33.037799],[-68.896708,-32.992701],[-68.866874,-32.959067],[-69.009927,-32.960512],[-69.003214,-32.904597],[-68.9582,-32.904577],[-68.958219,-32.863462],[-68.697131,-32.800484],[-68.658012,-32.655867],[-68.576282,-32.384426],[-68.503185,-32.339279],[-68.511561,-32.263378],[-68.665713,-32.337097],[-68.917613,-32.338042],[-68.917615,-32.114646],[-69.126445,-32.001907]]]},"properties":{"id":"50049","nombre":"Las Heras","nombre_completo":"Departamento Las Heras","provincia":{"id":"50","nombre":"Mendoza","interseccion":0},"fuente":"IGN","categoria":"Departamento","centroide":{"lon":-69.267911376,"lat":-32.524623936}}},
{"type":"Feature","geometry":{"type":"Polygon","coordinates":[[[-59.503241,-26.712477],[-59.503547,-26.622081],[-59.703002,-26.621873],[-59.703234,-26.531703],[-59.852453,-26.530181],[-59.853891,-26.71083],[-59.703707,-26.711437],[-59.70458,-26.80176],[-59.604525,-26.801898],[-59.553701,-26.983147],[-59.553776,-27.012864],[-59.402909,-27.012435],[-59.402655,-27.028098],[-59.351126,-27.027335],[-59.301067,-26.982091],[-59.301754,-27.015867],[-59.170034,-26.899698],[-59.170005,-26.869917],[-59.154594,-26.869838],[-59.452225,-26.802761],[-59.503241,-26.712477]]]},"properties":{"id":"22154","nombre":"Sargento Cabral","nombre_completo":"Departamento Sargento Cabral","provincia":{"id":"22","nombre":"Chaco","interseccion":0},"fuente":"IGN","categoria":"Departamento","centroide":{"lon":-59.519105714,"lat":-26.799713302}}},
{"type":"Feature","geometry":{"type":"Polygon","coordinates":[[[-59.596495,-27.284183],[-60.212945,-27.285073],[-60.2156,-28.000696],[-59.401201,-28.000064],[-59.403777,-27.467582],[-59.582229,-27.468114],[-59.58098,-27.298472],[-59.596495,-27.284183]]]},"properties":{"id":"22161","nombre":"Tapenagá","nombre_completo":"Departamento Tapenagá","provincia":{"id":"22","nombre":"Chaco","interseccion":0},"fuente":"IGN","categoria":"Departamento","centroide":{"lon":-59.827840211,"lat":-27.659629937}}},
{"type":"Feature","geometry":{"type":"Polygon","coordinates":[[[-62.544274,-33.943225],[-63.193193,-33.822581],[-64.034826,-33.832831],[-64.031712,-34.174234],[-64.208543,-34.2391],[-64.165508,-34.257347],[-64.162196,-34.370459],[-63.834941,-34.36424],[-63.82982,-34.545433],[-63.385298,-34.529637],[-63.385084,-34.385761],[-62.883909,-34.38655],[-62.544274,-33.943225]]]},"properties":{"id":"14084","nombre":"Presidente Roque Sáenz Peña","nombre_completo":"Departamento Presidente Roque Sáenz Peña","provincia":{"id":"14","nombre":"Córdoba","interseccion":0},"fuente":"IGN","categoria":"Departamento","centroide":{"lon":-63.418865209,"lat":-34.14048937}}},
{"type":"Feature","geometry":{"type":"Polygon","coordinates":[[[-70.624778,-39.062613],[-70.741992,-39.049669],[-70.799971,-39.465096],[-70.957896,-39.522636],[-70.955067,-39.550282],[-70.935105,-39.594358],[-70.880704,-39.668027],[-70.881952,-39.736228],[-70.922745,-39.778501],[-70.862122,-39.86119],[-70.810101,-39.874161],[-70.643986,-39.895142],[-70.347735,-39.678175],[-70.174336,-39.81789],[-69.836933,-39.567984],[-70.028095,-39.415426],[-69.944274,-39.283323],[-70.150027,-39.190773],[-70.317268,-39.131235],[-70.486552,-39.038677],[-70.600062,-39.122939],[-70.612816,-39.121765],[-70.624778,-39.062613]]]},"properties":{"id":"58021","nombre":"Catán Lil","nombre_completo":"Departamento Catán Lil","provincia":{"id":"58","nombre":"Neuquén","interseccion":0},"fuente":"IGN","categoria":"Departamento","centroide":{"lon":-70.433559333,"lat":-39.480794292}}},
{"type":"Feature","geometry":{"type":"Polygon","coordinates":[[[-59.70458,-26.80176],[-59.703956,-26.711436],[-59.853891,-26.71083],[-59.854078,-26.755302],[-60.03718,-27.177625],[-59.98301,-27.196502],[-60.011123,-27.196274],[-60.011302,-27.286396],[-59.596495,-27.284183],[-59.554348,-27.239884],[-59.553701,-26.983147],[-59.604525,-26.801898],[-59.70458,-26.80176]]]},"properties":{"id":"22119","nombre":"Presidencia de la Plaza","nombre_completo":"Departamento Presidencia de la Plaza","provincia":{"id":"22","nombre":"Chaco","interseccion":0},"fuente":"IGN","categoria":"Departamento","centroide":{"lon":-59.774564042,"lat":-27.044624737}}},
{"type":"Feature","geometry":{"type":"Polygon","coordinates":[[[-58.411885,-34.598021],[-58.429128,-34.598977],[-58.4333,-34.602692],[-58.430635,-34.60596],[-58.429994,-34.615467],[-58.423458,-34.640218],[-58.411227,-34.638117],[-58.414626,-34.608208],[-58.411885,-34.598021]]]},"properties":{"id":"02035","nombre":"Comuna 5","nombre_completo":"Comuna 5","provincia":{"id":"02","nombre":"Ciudad Autónoma de Buenos Aires","interseccion":0},"fuente":"IGN","categoria":"Comuna","centroide":{"lon":-58.42057219,"lat":-34.617369924}}},
{"type":"Feature","geometry":{"type":"MultiPolygon","coordinates":[[[[-68.531285,-54.440567],[-68.608954,-54.424099],[-68.609416,-54.893957],[-68.263595,-54.79517],[-67.278447,-54.869992],[-66.521587,-55.056747],[-65.971361,-54.968373],[-65.982389,-54.9026],[-65.382137,-54.941071],[-65.116759,-54.65823],[-65.977242,-54.59842],[-67.002579,-54.598425],[-67.006266,-54.747967],[-67.38777,-54.744201],[-67.392451,-54.619811],[-68.369767,-54.619811],[-68.368232,-54.457498],[-68.531285,-54.440567]]],[[[-64.329248,-54.733907],[-64.367367,-54.810907],[-64.544637,-54.725246],[-64.51142,-54.798058],[-64.696149,-54.784295],[-64.704239,-54.915462],[-63.795888,-54.727152],[-64.329248,-54.733907]]]]},"properties":{"id":"94015","nombre":"Ushuaia","nombre_completo":"Departamento Ushuaia","provincia":{"id":"94","nombre":"Tierra del Fuego, Antártida e Islas del Atlántico Sur","interseccion":0},"fuente":"IGN","categoria":"Departamento","centroide":{"lon":-66.68362006,"lat":-54.770467636}}},
{"type":"Feature","geometry":{"type":"Polygon","coordinates":[[[-67.864601,-25.2384],[-68.505365,-25.16851],[-68.509335,-25.231667],[-68.548503,-25.26219],[-68.523866,-25.378917],[-68.589884,-25.414427],[-68.381433,-26.177834],[-68.558355,-26.287369],[-68.588092,-26.492428],[-68.362249,-26.802818],[-68.253836,-26.793808],[-68.139554,-26.817951],[-67.866847,-26.804465],[-67.613851,-26.787083],[-67.541904,-26.929679],[-67.401629,-26.746509],[-67.287931,-26.714448],[-67.281004,-26.695298],[-67.182572,-26.667939],[-67.090476,-26.613656],[-66.96373,-26.13813],[-66.824112,-26.075679],[-66.919451,-25.944603],[-66.852352,-25.918622],[-66.873566,-25.766185],[-66.648577,-25.712032],[-66.518548,-25.44033],[-66.599798,-25.362251],[-66.558191,-25.300654],[-66.879266,-25.241731],[-67.864601,-25.2384]]]},"properties":{"id":"10028","nombre":"Antofagasta de la Sierra","nombre_completo":"Departamento Antofagasta de la Sierra","provincia":{"id":"10","nombre":"Catamarca","interseccion":0},"fuente":"IGN","categoria":"Departamento","centroide":{"lon":-67.677879848,"lat":-25.946755641}}},
{"type":"Feature","geometry":{"type":"Polygon","coordinates":[[[-57.876953,-34.827722],[-58.016317,-34.780357],[-58.083632,-34.835145],[-57.990868,-34.879684],[-57.974604,-34.872367],[-57.931845,-34.903461],[-57.876953,-34.827722]]]},"properties":{"id":"06245","nombre":"Ensenada","nombre_completo":"Partido de Ensenada","provincia":{"id":"06","nombre":"Buenos Aires","interseccion":0},"fuente":"IGN","categoria":"Partido","centroide":{"lon":-57.979109093,"lat":-34.842149742}}},
{"type":"Feature","geometry":{"type":"Polygon","coordinates":[[[-65.160966,-26.790937],[-65.256954,-26.79224],[-65.230027,-26.868452],[-65.159546,-26.814934],[-65.160966,-26.790937]]]},"properties":{"id":"90084","nombre":"Capital","nombre_completo":"Departamento Capital","provincia":{"id":"90","nombre":"Tucumán","interseccion":0},"fuente":"IGN","categoria":"Departamento","centroide":{"lon":-65.217020804,"lat":-26.833220919}}},
{"type":"Feature","geometry":{"type":"Polygon","coordinates":[[[-61.437693,-32.393785],[-61.912431,-32.307208],[-61.903751,-32.32745],[-62.012276,-32.345524],[-61.914512,-32.494664],[-61.902477,-32.568619],[-61.946168,-32.651026],[-61.828402,-32.754511],[-61.77769,-32.830402],[-61.771552,-32.901465],[-61.79453,-33.019164],[-61.712884,-33.090497],[-61.642431,-32.883241],[-61.51829,-32.849087],[-61.437693,-32.393785]]]},"properties":{"id":"82007","nombre":"Belgrano","nombre_completo":"Departamento Belgrano","provincia":{"id":"82","nombre":"Santa Fe","interseccion":0},"fuente":"IGN","categoria":"Departamento","centroide":{"lon":-61.704736452,"lat":-32.610436155}}},
{"type":"Feature","geometry":{"type":"Polygon","coordinates":[[[-60.781951,-33.578969],[-60.818235,-33.543698],[-60.867133,-33.548303],[-60.911077,-33.580825],[-60.810809,-33.674801],[-60.942796,-33.85686],[-60.705401,-34.025122],[-60.715401,-34.035737],[-60.496387,-34.17646],[-60.3124,-34.001454],[-60.236577,-34.010707],[-60.231469,-33.869787],[-60.141242,-33.693094],[-60.17224,-33.661924],[-60.313175,-33.651123],[-60.326792,-33.68327],[-60.457452,-33.59835],[-60.468549,-33.63775],[-60.556949,-33.646598],[-60.781951,-33.578969]]]},"properties":{"id":"06623","nombre":"Pergamino","nombre_completo":"Partido de Pergamino","provincia":{"id":"06","nombre":"Buenos Aires","interseccion":0},"fuente":"IGN","categoria":"Partido","centroide":{"lon":-60.544782816,"lat":-33.836066814}}},
{"type":"Feature","geometry":{"type":"Polygon","coordinates":[[[-60.694459,-26.946048],[-60.508358,-26.525247],[-60.788819,-26.425505],[-60.930051,-26.661774],[-60.989993,-26.661331],[-60.992731,-26.841964],[-60.816236,-26.90229],[-60.815565,-27.054975],[-60.615315,-27.057248],[-60.614827,-26.974101],[-60.694459,-26.946048]]]},"properties":{"id":"22070","nombre":"Independencia","nombre_completo":"Departamento Independencia","provincia":{"id":"22","nombre":"Chaco","interseccion":0},"fuente":"IGN","categoria":"Departamento","centroide":{"lon":-60.756373602,"lat":-26.735179032}}},
{"type":"Feature","geometry":{"type":"Polygon","coordinates":[[[-62.581433,-37.549222],[-62.706044,-37.468294],[-62.813196,-37.373926],[-63.377337,-37.815126],[-63.385682,-37.808789],[-63.38424,-38.829224],[-62.654991,-38.267006],[-62.735947,-38.202478],[-62.654714,-38.139112],[-62.814394,-38.010744],[-62.73478,-37.947923],[-62.895559,-37.819165],[-62.581433,-37.549222]]]},"properties":{"id":"06651","nombre":"Puán","nombre_completo":"Partido de Puán","provincia":{"id":"06","nombre":"Buenos Aires","interseccion":0},"fuente":"IGN","categoria":"Partido","centroide":{"lon":-63.05743261,"lat":-38.076076321}}},
{"type":"Feature","geometry":{"type":"Polygon","coordinates":[[[-58.533657,-29.065612],[-58.618732,-29.067238],[-58.673637,-29.103195],[-58.687344,-29.118032],[-58.730232,-29.178719],[-58.76226,-29.217735],[-58.792229,-29.269186],[-58.863468,-29.345491],[-58.87458,-29.389759],[-58.886032,-29.41404],[-58.859653,-29.478859],[-58.874287,-29.551758],[-58.730675,-29.589212],[-58.696831,-29.62921],[-58.716511,-29.727587],[-58.694119,-29.834726],[-58.537539,-29.881085],[-58.472617,-30.122943],[-58.539478,-30.15237],[-58.496562,-30.207688],[-58.451527,-30.224856],[-58.437047,-30.221675],[-58.404005,-30.249787],[-58.346454,-30.271261],[-58.295901,-30.246],[-58.262192,-30.255668],[-58.20692,-30.288616],[-58.072575,-30.425187],[-58.047894,-30.350441],[-57.992395,-29.978565],[-58.076622,-29.893145],[-58.070851,-29.859671],[-57.998379,-29.82234],[-57.916595,-29.836919],[-57.842949,-29.93601],[-57.744267,-29.968199],[-57.639626,-29.986542],[-57.678173,-29.819057],[-57.646957,-29.717011],[-57.80455,-29.71036],[-57.897861,-29.549323],[-58.114979,-29.440615],[-58.193204,-29.40306],[-58.372089,-29.228919],[-58.533657,-29.065612]]]},"properties":{"id":"18035","nombre":"Curuzú Cuatiá","nombre_completo":"Departamento Curuzú Cuatiá","provincia":{"id":"18","nombre":"Corrientes","interseccion":0},"fuente":"IGN","categoria":"Departamento","centroide":{"lon":-58.324859904,"lat":-29.695466806}}},
{"type":"Feature","geometry":{"type":"Polygon","coordinates":[[[-62.269083,-34.385821],[-62.889898,-34.386539],[-63.385084,-34.385761],[-63.385707,-35.369724],[-63.329475,-35.323156],[-63.347169,-35.300041],[-63.211173,-35.22897],[-63.235514,-35.208572],[-63.139051,-35.128403],[-63.115413,-35.188868],[-62.964607,-35.311894],[-62.707517,-35.101156],[-62.657181,-35.110819],[-62.68835,-35.085097],[-62.610627,-35.022719],[-62.642162,-34.996989],[-62.584849,-34.61069],[-62.348166,-34.653785],[-62.269083,-34.385821]]]},"properties":{"id":"06392","nombre":"General Villegas","nombre_completo":"Partido de General Villegas","provincia":{"id":"06","nombre":"Buenos Aires","interseccion":0},"fuente":"IGN","categoria":"Partido","centroide":{"lon":-62.954198841,"lat":-34.770260502}}},
{"type":"Feature","geometry":{"type":"Polygon","coordinates":[[[-69.313959,-32.759718],[-69.490182,-32.639316],[-69.533631,-32.717407],[-69.731495,-32.835466],[-69.893916,-32.826802],[-70.083503,-32.812883],[-69.989382,-32.898958],[-70.093762,-33.051282],[-70.003055,-33.322573],[-69.916634,-33.244252],[-69.769059,-33.350418],[-69.514667,-33.033308],[-69.215094,-33.11307],[-68.922806,-33.338768],[-68.771032,-33.383827],[-68.728552,-33.340464],[-68.733163,-33.298607],[-68.692396,-33.262761],[-68.640887,-33.10268],[-68.701096,-33.115999],[-68.865152,-33.048912],[-68.829727,-32.960285],[-68.866874,-32.959067],[-68.915316,-33.005365],[-68.986238,-33.03953],[-69.093898,-33.049324],[-69.129813,-32.995061],[-69.313959,-32.759718]]]},"properties":{"id":"50063","nombre":"Luján de Cuyo","nombre_completo":"Departamento Luján de Cuyo","provincia":{"id":"50","nombre":"Mendoza","interseccion":0},"fuente":"IGN","categoria":"Departamento","centroide":{"lon":-69.451685052,"lat":-33.038494762}}},
{"type":"Feature","geometry":{"type":"Polygon","coordinates":[[[-58.515486,-34.581291],[-58.468046,-34.572928],[-58.476084,-34.538431],[-58.500804,-34.549533],[-58.515486,-34.581291]]]},"properties":{"id":"02084","nombre":"Comuna 12","nombre_completo":"Comuna 12","provincia":{"id":"02","nombre":"Ciudad Autónoma de Buenos Aires","interseccion":0},"fuente":"IGN","categoria":"Comuna","centroide":{"lon":-58.490428041,"lat":-34.566227607}}},
{"type":"Feature","geometry":{"type":"Polygon","coordinates":[[[-58.880822,-28.066825],[-58.884005,-28.000001],[-59.811126,-28.001327],[-59.790406,-28.250795],[-59.878719,-28.33183],[-59.765109,-28.455835],[-59.749008,-28.813401],[-59.96181,-28.807462],[-60.019748,-28.886085],[-60.005179,-29.072647],[-60.116408,-29.047415],[-60.017313,-29.242643],[-60.043907,-29.32605],[-60.069291,-29.370634],[-59.778849,-29.415156],[-59.719788,-29.48784],[-59.661833,-29.446604],[-59.580921,-29.474068],[-59.604283,-29.394743],[-59.519788,-29.343189],[-59.346766,-29.11435],[-59.199715,-29.031545],[-59.158075,-28.877356],[-59.160454,-28.794789],[-59.078601,-28.667487],[-59.105013,-28.633937],[-59.048857,-28.493311],[-59.103458,-28.328816],[-59.087635,-28.171772],[-58.952965,-28.137106],[-58.880822,-28.066825]]]},"properties":{"id":"82049","nombre":"General Obligado","nombre_completo":"Departamento General Obligado","provincia":{"id":"82","nombre":"Santa Fe","interseccion":0},"fuente":"IGN","categoria":"Departamento","centroide":{"lon":-59.526696399,"lat":-28.672536399}}},
{"type":"Feature","geometry":{"type":"Polygon","coordinates":[[[-59.811126,-28.001327],[-60.492261,-28.000779],[-60.644429,-27.999792],[-60.829865,-28.273558],[-61.082809,-29.635043],[-61.075407,-29.651227],[-60.877411,-29.701043],[-60.766441,-29.790353],[-60.744309,-29.807707],[-60.720537,-29.910136],[-60.279628,-29.978878],[-60.212132,-30.067661],[-60.199831,-30.120953],[-60.156643,-30.124144],[-60.154073,-30.163424],[-60.13229,-30.134532],[-60.159521,-30.12007],[-59.874594,-29.833129],[-59.998575,-29.773035],[-60.105286,-29.482983],[-60.078261,-29.405512],[-60.081814,-29.380562],[-60.043907,-29.32605],[-60.017313,-29.242643],[-60.116408,-29.047415],[-60.005179,-29.072647],[-60.019748,-28.886085],[-59.96181,-28.807462],[-59.749008,-28.813401],[-59.765109,-28.455835],[-59.878719,-28.33183],[-59.790406,-28.250795],[-59.811126,-28.001327]]]},"properties":{"id":"82133","nombre":"Vera","nombre_completo":"Departamento Vera","provincia":{"id":"82","nombre":"Santa Fe","interseccion":0},"fuente":"IGN","categoria":"Departamento","centroide":{"lon":-60.413667925,"lat":-28.970634515}}},
{"type":"Feature","geometry":{"type":"Polygon","coordinates":[[[-60.644429,-27.999792],[-61.712045,-27.998552],[-61.991675,-29.661599],[-61.906989,-29.778501],[-61.353688,-29.839635],[-61.236707,-29.545887],[-61.193022,-29.544713],[-61.201707,-29.551972],[-61.103436,-29.619057],[-61.082809,-29.635043],[-60.829865,-28.273558],[-60.644429,-27.999792]]]},"properties":{"id":"82077","nombre":"9 de Julio","nombre_completo":"Departamento 9 de Julio","provincia":{"id":"82","nombre":"Santa Fe","interseccion":0},"fuente":"IGN","categoria":"Departamento","centroide":{"lon":-61.397994565,"lat":-28.848677677}}},
{"type":"Feature","geometry":{"type":"Polygon","coordinates":[[[-63.380798,-40.408639],[-63.845303,-40.390278],[-63.997648,-40.506315],[-64.083013,-40.442171],[-64.601539,-40.438937],[-64.603179,-40.850198],[-63.777222,-41.1604],[-63.116516,-41.155518],[-62.789667,-41.024164],[-62.957589,-40.81811],[-63.379348,-40.710371],[-63.380798,-40.408639]]]},"properties":{"id":"62007","nombre":"Adolfo Alsina","nombre_completo":"Departamento Adolfo Alsina","provincia":{"id":"62","nombre":"Río Negro","interseccion":0},"fuente":"IGN","categoria":"Departamento","centroide":{"lon":-63.76510044,"lat":-40.791689412}}},
{"type":"Feature","geometry":{"type":"Polygon","coordinates":[[[-60.101138,-26.302762],[-60.201476,-26.301856],[-60.205496,-26.632496],[-60.228711,-26.624283],[-60.413001,-27.045443],[-60.272488,-27.094938],[-60.088585,-26.673782],[-60.005749,-26.702958],[-60.001517,-26.303593],[-60.101138,-26.302762]]]},"properties":{"id":"22133","nombre":"Quitilipi","nombre_completo":"Departamento Quitilipi","provincia":{"id":"22","nombre":"Chaco","interseccion":0},"fuente":"IGN","categoria":"Departamento","centroide":{"lon":-60.172974276,"lat":-26.666318524}}},
{"type":"Feature","geometry":{"type":"Polygon","coordinates":[[[-69.13854,-50.765615],[-71.500275,-50.71167],[-72.298302,-50.682102],[-72.265665,-51.035228],[-72.40906,-51.10749],[-72.259071,-51.251188],[-72.442519,-51.584489],[-71.951015,-51.871624],[-72.004271,-51.979507],[-69.9955,-52.000717],[-68.418628,-52.332478],[-68.432596,-52.39769],[-68.356777,-52.317388],[-68.975235,-51.615866],[-69.617798,-51.626892],[-68.946649,-51.555232],[-69.166928,-50.980189],[-69.464783,-51.113281],[-69.132019,-50.899586],[-69.13854,-50.765615]]]},"properties":{"id":"78021","nombre":"Güer Aike","nombre_completo":"Departamento Güer Aike","provincia":{"id":"78","nombre":"Santa Cruz","interseccion":0},"fuente":"IGN","categoria":"Departamento","centroide":{"lon":-70.561815547,"lat":-51.413412504}}},
{"type":"Feature","geometry":{"type":"Polygon","coordinates":[[[-65.899096,-28.483212],[-65.951579,-28.34096],[-66.059881,-28.364466],[-66.085305,-28.453213],[-66.365858,-28.797856],[-66.392105,-28.826589],[-66.411164,-28.816302],[-66.403482,-28.856238],[-66.099724,-28.944417],[-65.817374,-29.178856],[-65.719247,-29.409936],[-65.59054,-29.718241],[-65.521296,-29.605139],[-65.609592,-29.25316],[-65.604955,-29.021104],[-65.652118,-28.929161],[-65.643846,-28.901862],[-65.687128,-28.832026],[-65.692831,-28.784866],[-65.735401,-28.758438],[-65.851531,-28.746854],[-65.794178,-28.670333],[-65.899096,-28.483212]]]},"properties":{"id":"10042","nombre":"Capayán","nombre_completo":"Departamento Capayán","provincia":{"id":"10","nombre":"Catamarca","interseccion":0},"fuente":"IGN","categoria":"Departamento","centroide":{"lon":-65.901719102,"lat":-28.909497629}}},
{"type":"Feature","geometry":{"type":"Polygon","coordinates":[[[-64.49492,-26.219497],[-64.564152,-26.226925],[-64.579581,-26.218181],[-64.732152,-26.241556],[-64.873443,-26.274922],[-64.950866,-26.306804],[-64.972518,-26.274381],[-65.103048,-26.400048],[-65.114446,-26.508748],[-65.167333,-26.553633],[-65.191156,-26.553675],[-65.191423,-26.580735],[-65.171896,-26.578423],[-65.191804,-26.640974],[-65.099867,-26.755742],[-64.719839,-26.834564],[-64.707391,-26.82004],[-64.617889,-26.802693],[-64.58702,-26.657929],[-64.498582,-26.67359],[-64.534767,-26.410118],[-64.520252,-26.352379],[-64.481788,-26.307587],[-64.502102,-26.239475],[-64.49492,-26.219497]]]},"properties":{"id":"90007","nombre":"Burruyacú","nombre_completo":"Departamento Burruyacú","provincia":{"id":"90","nombre":"Tucumán","interseccion":0},"fuente":"IGN","categoria":"Departamento","centroide":{"lon":-64.819598113,"lat":-26.530548147}}},
{"type":"Feature","geometry":{"type":"Polygon","coordinates":[[[-60.731258,-31.865699],[-60.853048,-31.821076],[-60.978236,-31.800252],[-60.993192,-31.86431],[-61.17021,-31.831338],[-61.390017,-31.84665],[-61.392776,-31.857951],[-61.34776,-31.866572],[-61.355358,-32.082715],[-61.391942,-32.210239],[-61.495218,-32.38325],[-60.896693,-32.467448],[-60.867643,-32.451598],[-60.821635,-32.4587],[-60.80204,-32.441938],[-60.792441,-32.49906],[-60.740784,-32.47699],[-60.723816,-32.456116],[-60.658081,-32.05072],[-60.720659,-31.985215],[-60.747598,-31.908525],[-60.731258,-31.865699]]]},"properties":{"id":"82105","nombre":"San Jerónimo","nombre_completo":"Departamento San Jerónimo","provincia":{"id":"82","nombre":"Santa Fe","interseccion":0},"fuente":"IGN","categoria":"Departamento","centroide":{"lon":-61.048126578,"lat":-32.153771359}}},
{"type":"Feature","geometry":{"type":"Polygon","coordinates":[[[-67.225615,-26.739375],[-67.401629,-26.746509],[-67.541904,-26.929679],[-67.613851,-26.787083],[-67.866847,-26.804465],[-68.139554,-26.817951],[-68.253836,-26.793808],[-68.348295,-26.81394],[-68.295056,-27.039248],[-68.483904,-27.058254],[-68.574962,-27.177552],[-68.670533,-27.099018],[-68.843728,-27.161121],[-68.808436,-27.300833],[-68.980318,-27.431906],[-68.942515,-27.525931],[-69.094952,-27.796575],[-68.582699,-27.819863],[-68.545326,-27.707115],[-68.539147,-27.785378],[-68.440281,-27.873656],[-68.396618,-28.004169],[-68.107311,-28.173463],[-67.914375,-28.1137],[-67.932442,-28.174782],[-67.813209,-28.37168],[-67.760398,-28.329361],[-67.691464,-28.311834],[-67.375305,-28.384526],[-67.155443,-28.384407],[-67.07466,-28.270193],[-66.844569,-28.034646],[-67.231096,-28.031392],[-67.327389,-28.057475],[-67.328235,-27.914301],[-67.354433,-27.922484],[-67.348013,-27.793246],[-67.239977,-27.467336],[-67.264813,-27.166176],[-67.27796,-27.047725],[-67.149203,-26.837298],[-67.225615,-26.739375]]]},"properties":{"id":"10105","nombre":"Tinogasta","nombre_completo":"Departamento Tinogasta","provincia":{"id":"10","nombre":"Catamarca","interseccion":0},"fuente":"IGN","categoria":"Departamento","centroide":{"lon":-67.930742215,"lat":-27.541835583}}},
{"type":"Feature","geometry":{"type":"Polygon","coordinates":[[[-58.451541,-34.630657],[-58.477771,-34.622402],[-58.469206,-34.641414],[-58.462963,-34.646188],[-58.466998,-34.651486],[-58.460366,-34.656824],[-58.454601,-34.65084],[-58.443289,-34.651207],[-58.437971,-34.655821],[-58.430395,-34.649891],[-58.43231,-34.641759],[-58.423458,-34.640218],[-58.426722,-34.627016],[-58.451541,-34.630657]]]},"properties":{"id":"02049","nombre":"Comuna 7","nombre_completo":"Comuna 7","provincia":{"id":"02","nombre":"Ciudad Autónoma de Buenos Aires","interseccion":0},"fuente":"IGN","categoria":"Comuna","centroide":{"lon":-58.451886857,"lat":-34.636554414}}},
{"type":"Feature","geometry":{"type":"Polygon","coordinates":[[[-63.385313,-38.252924],[-63.385397,-38.224667],[-63.385488,-37.709886],[-64.520222,-37.705344],[-64.528231,-38.246398],[-63.385313,-38.252924]]]},"properties":{"id":"42077","nombre":"Hucal","nombre_completo":"Departamento Hucal","provincia":{"id":"42","nombre":"La Pampa","interseccion":0},"fuente":"IGN","categoria":"Departamento","centroide":{"lon":-63.954486428,"lat":-37.979231573}}},
{"type":"Feature","geometry":{"type":"Polygon","coordinates":[[[-58.482706,-34.624648],[-58.500156,-34.609144],[-58.516913,-34.620233],[-58.529227,-34.611117],[-58.530367,-34.634814],[-58.520203,-34.632815],[-58.506782,-34.63583],[-58.502262,-34.645836],[-58.478509,-34.637012],[-58.476036,-34.638952],[-58.471267,-34.636673],[-58.477771,-34.622402],[-58.482706,-34.624648]]]},"properties":{"id":"02070","nombre":"Comuna 10","nombre_completo":"Comuna 10","provincia":{"id":"02","nombre":"Ciudad Autónoma de Buenos Aires","interseccion":0},"fuente":"IGN","categoria":"Comuna","centroide":{"lon":-58.502817847,"lat":-34.627851792}}},
{"type":"Feature","geometry":{"type":"Polygon","coordinates":[[[-63.385313,-38.252924],[-64.528231,-38.246398],[-64.515198,-38.868408],[-64.3974,-38.87323],[-64.348595,-38.883451],[-64.062488,-39.010034],[-64.023568,-39.017497],[-63.9916,-39.010914],[-63.911499,-39.087097],[-63.841797,-39.109192],[-63.788208,-39.109192],[-63.383269,-39.328492],[-63.385313,-38.252924]]]},"properties":{"id":"42014","nombre":"Caleu Caleu","nombre_completo":"Departamento Caleu Caleu","provincia":{"id":"42","nombre":"La Pampa","interseccion":0},"fuente":"IGN","categoria":"Departamento","centroide":{"lon":-63.896818541,"lat":-38.675639864}}},
{"type":"Feature","geometry":{"type":"Polygon","coordinates":[[[-64.520222,-37.705344],[-65.654651,-37.690144],[-65.652499,-38.827393],[-65.390813,-38.83074],[-65.280518,-38.821411],[-65.191821,-38.83637],[-65.140025,-38.818388],[-64.92427,-38.833163],[-64.807331,-38.816006],[-64.670888,-38.833694],[-64.596375,-38.859192],[-64.520222,-37.705344]]]},"properties":{"id":"42084","nombre":"Lihuel Calel","nombre_completo":"Departamento Lihuel Calel","provincia":{"id":"42","nombre":"La Pampa","interseccion":0},"fuente":"IGN","categoria":"Departamento","centroide":{"lon":-65.09668931,"lat":-38.261634885}}},
{"type":"Feature","geometry":{"type":"Polygon","coordinates":[[[-65.654651,-37.690144],[-65.654886,-37.675961],[-67.111685,-37.700194],[-67.095678,-38.394998],[-67.009044,-38.423237],[-66.712234,-38.531751],[-66.635879,-38.542065],[-66.633794,-38.556789],[-66.60988,-38.557979],[-66.538615,-38.720853],[-66.404419,-38.74408],[-65.701758,-38.816284],[-65.654651,-37.690144]]]},"properties":{"id":"42042","nombre":"Curacó","nombre_completo":"Departamento Curacó","provincia":{"id":"42","nombre":"La Pampa","interseccion":0},"fuente":"IGN","categoria":"Departamento","centroide":{"lon":-66.330067376,"lat":-38.179732992}}},
{"type":"Feature","geometry":{"type":"Polygon","coordinates":[[[-68.725159,-38.404914],[-68.759126,-38.371456],[-68.830965,-38.374136],[-68.860859,-38.374095],[-68.91967,-38.420975],[-68.959973,-38.484865],[-69.047599,-38.538705],[-69.107327,-38.580439],[-69.175575,-38.604975],[-69.317686,-38.614622],[-69.547513,-38.79324],[-68.808055,-39.347356],[-68.653254,-39.199185],[-68.301592,-38.97543],[-67.998088,-38.995764],[-68.039411,-38.941885],[-68.081176,-38.848291],[-68.282492,-38.670007],[-68.390829,-38.597121],[-68.413098,-38.567458],[-68.543893,-38.489102],[-68.606876,-38.468786],[-68.685704,-38.403369],[-68.725159,-38.404914]]]},"properties":{"id":"58035","nombre":"Confluencia","nombre_completo":"Departamento Confluencia","provincia":{"id":"58","nombre":"Neuquén","interseccion":0},"fuente":"IGN","categoria":"Departamento","centroide":{"lon":-68.794077284,"lat":-38.832279495}}},
{"type":"Feature","geometry":{"type":"Polygon","coordinates":[[[-70.927463,-38.26091],[-71.022156,-38.11255],[-70.849029,-38.723661],[-70.699994,-38.808583],[-70.660311,-38.923139],[-70.60282,-38.991622],[-70.610306,-39.037734],[-70.626301,-39.068043],[-70.610524,-39.091621],[-70.611534,-39.122557],[-70.140058,-38.782845],[-69.661406,-38.509097],[-69.617461,-38.478127],[-69.541204,-38.476604],[-69.575156,-38.436172],[-69.671733,-38.394623],[-69.704792,-38.372332],[-69.883764,-38.306195],[-70.613555,-38.267081],[-70.768136,-38.329394],[-70.927463,-38.26091]]]},"properties":{"id":"58105","nombre":"Picunches","nombre_completo":"Departamento Picunches","provincia":{"id":"58","nombre":"Neuquén","interseccion":0},"fuente":"IGN","categoria":"Departamento","centroide":{"lon":-70.372961046,"lat":-38.574277342}}},
{"type":"Feature","geometry":{"type":"Polygon","coordinates":[[[-68.282492,-38.670007],[-68.261092,-37.704523],[-69.88569,-37.691361],[-69.886214,-37.71419],[-69.866215,-37.721277],[-69.872696,-37.825896],[-69.851442,-37.87287],[-69.695674,-38.325773],[-69.704792,-38.372332],[-69.671733,-38.394623],[-69.635858,-38.42559],[-69.611411,-38.421022],[-69.574312,-38.43671],[-69.538805,-38.491846],[-69.428269,-38.503524],[-69.348167,-38.599545],[-69.175575,-38.604975],[-69.107327,-38.580439],[-69.047599,-38.538705],[-68.959973,-38.484865],[-68.937365,-38.439228],[-68.861161,-38.374258],[-68.75954,-38.371385],[-68.725159,-38.404914],[-68.685704,-38.403369],[-68.606876,-38.468786],[-68.543893,-38.489102],[-68.413098,-38.567458],[-68.390829,-38.597121],[-68.282492,-38.670007]]]},"properties":{"id":"58014","nombre":"Añelo","nombre_completo":"Departamento Añelo","provincia":{"id":"58","nombre":"Neuquén","interseccion":0},"fuente":"IGN","categoria":"Departamento","centroide":{"lon":-69.015714726,"lat":-38.098375945}}},
{"type":"Feature","geometry":{"type":"Polygon","coordinates":[[[-69.866215,-37.721277],[-69.885847,-37.714705],[-69.885155,-37.692171],[-69.910187,-37.666994],[-70.020948,-37.656859],[-70.036811,-37.649852],[-70.032105,-37.634189],[-70.602604,-38.004522],[-71.023885,-37.958339],[-71.103961,-37.91748],[-70.927463,-38.26091],[-70.768136,-38.329394],[-70.613555,-38.267081],[-69.883764,-38.306195],[-69.695674,-38.325773],[-69.851442,-37.87287],[-69.872696,-37.825896],[-69.866215,-37.721277]]]},"properties":{"id":"58063","nombre":"Loncopué","nombre_completo":"Departamento Loncopué","provincia":{"id":"58","nombre":"Neuquén","interseccion":0},"fuente":"IGN","categoria":"Departamento","centroide":{"lon":-70.314232779,"lat":-38.065945161}}},
{"type":"Feature","geometry":{"type":"Polygon","coordinates":[[[-71.165814,-37.302829],[-71.154727,-37.246403],[-71.221042,-37.275106],[-71.11818,-37.468945],[-71.183223,-37.857193],[-71.023885,-37.958339],[-70.602604,-38.004522],[-70.032105,-37.634189],[-70.045561,-37.558402],[-70.09478,-37.501564],[-70.171906,-37.476582],[-70.411466,-37.386267],[-70.459221,-37.365292],[-70.535581,-37.379724],[-70.557754,-37.364921],[-70.585726,-37.382905],[-70.61173,-37.379645],[-70.712596,-37.344917],[-70.726089,-37.331474],[-71.144906,-37.336187],[-71.165814,-37.302829]]]},"properties":{"id":"58084","nombre":"Ñorquín","nombre_completo":"Departamento Ñorquín","provincia":{"id":"58","nombre":"Neuquén","interseccion":0},"fuente":"IGN","categoria":"Departamento","centroide":{"lon":-70.678042123,"lat":-37.638118665}}},
{"type":"Feature","geometry":{"type":"Polygon","coordinates":[[[-70.042544,-36.659048],[-70.021455,-37.285391],[-70.105758,-37.433927],[-70.083882,-37.474926],[-70.100883,-37.4937],[-70.085868,-37.530859],[-70.045447,-37.558726],[-70.034488,-37.652231],[-69.996204,-37.653959],[-69.98026,-37.667244],[-69.910815,-37.666793],[-69.88569,-37.691361],[-68.25376,-37.704567],[-68.254253,-37.571931],[-69.049299,-37.314666],[-69.038591,-37.25476],[-69.064435,-37.22338],[-69.103217,-37.205287],[-69.173431,-37.177755],[-69.219213,-37.177544],[-69.273953,-37.143663],[-69.396988,-37.171903],[-69.755634,-37.068641],[-69.752076,-36.886167],[-69.873573,-36.811398],[-69.920033,-36.762267],[-70.02208,-36.665844],[-70.042544,-36.659048]]]},"properties":{"id":"58091","nombre":"Pehuenches","nombre_completo":"Departamento Pehuenches","provincia":{"id":"58","nombre":"Neuquén","interseccion":0},"fuente":"IGN","categoria":"Departamento","centroide":{"lon":-69.403043272,"lat":-37.398409418}}},
{"type":"Feature","geometry":{"type":"Polygon","coordinates":[[[-58.476356,-34.600218],[-58.503507,-34.594469],[-58.515486,-34.581291],[-58.529227,-34.611117],[-58.516913,-34.620233],[-58.500156,-34.609144],[-58.482706,-34.624648],[-58.462669,-34.607391],[-58.458439,-34.60451],[-58.468877,-34.601879],[-58.476356,-34.600218]]]},"properties":{"id":"02077","nombre":"Comuna 11","nombre_completo":"Comuna 11","provincia":{"id":"02","nombre":"Ciudad Autónoma de Buenos Aires","interseccion":0},"fuente":"IGN","categoria":"Comuna","centroide":{"lon":-58.496742008,"lat":-34.606137011}}},
{"type":"Feature","geometry":{"type":"Polygon","coordinates":[[[-64.92427,-38.833163],[-65.140025,-38.818388],[-65.191821,-38.83637],[-65.245524,-39.850678],[-63.382415,-39.871918],[-63.383269,-39.328492],[-63.788208,-39.109192],[-63.841797,-39.109192],[-63.911499,-39.087097],[-63.9916,-39.010914],[-64.023568,-39.017497],[-64.062488,-39.010034],[-64.348595,-38.883451],[-64.3974,-38.87323],[-64.515198,-38.868408],[-64.596375,-38.859192],[-64.670888,-38.833694],[-64.807331,-38.816006],[-64.92427,-38.833163]]]},"properties":{"id":"62063","nombre":"Pichi Mahuida","nombre_completo":"Departamento Pichi Mahuida","provincia":{"id":"62","nombre":"Río Negro","interseccion":0},"fuente":"IGN","categoria":"Departamento","centroide":{"lon":-64.400736219,"lat":-39.407604974}}},
{"type":"Feature","geometry":{"type":"Polygon","coordinates":[[[-63.9385,-35.452205],[-63.385613,-35.455331],[-63.385734,-35.002218],[-63.934927,-35.007631],[-63.9385,-35.452205]]]},"properties":{"id":"42056","nombre":"Chapaleufú","nombre_completo":"Departamento Chapaleufú","provincia":{"id":"42","nombre":"La Pampa","interseccion":0},"fuente":"IGN","categoria":"Departamento","centroide":{"lon":-63.660375066,"lat":-35.229893789}}},
{"type":"Feature","geometry":{"type":"Polygon","coordinates":[[[-63.734567,-28.00307],[-63.923811,-27.966974],[-63.930478,-28.036204],[-64.109771,-27.972601],[-64.062539,-28.196029],[-64.017115,-28.307711],[-64.008348,-28.328827],[-63.971107,-28.359054],[-63.927064,-28.367457],[-63.875878,-28.37654],[-63.838894,-28.40506],[-63.694057,-28.379496],[-63.628522,-28.251809],[-63.606407,-28.149718],[-63.737019,-28.014485],[-63.734567,-28.00307]]]},"properties":{"id":"86175","nombre":"San Martín","nombre_completo":"Departamento San Martín","provincia":{"id":"86","nombre":"Santiago del Estero","interseccion":0},"fuente":"IGN","categoria":"Departamento","centroide":{"lon":-63.854114579,"lat":-28.187761284}}},
{"type":"Feature","geometry":{"type":"Polygon","coordinates":[[[-63.385445,-35.905471],[-63.385622,-35.455484],[-63.93738,-35.452207],[-63.940406,-35.90445],[-63.385445,-35.905471]]]},"properties":{"id":"42105","nombre":"Maracó","nombre_completo":"Departamento Maracó","provincia":{"id":"42","nombre":"La Pampa","interseccion":0},"fuente":"IGN","categoria":"Departamento","centroide":{"lon":-63.662489965,"lat":-35.679616111}}},
{"type":"Feature","geometry":{"type":"Polygon","coordinates":[[[-61.834751,-24.314226],[-61.843887,-23.492922],[-62.341974,-23.495424],[-62.342157,-24.110249],[-62.182682,-24.155029],[-62.136097,-24.196022],[-62.041025,-24.240489],[-61.989211,-24.250514],[-61.984652,-24.227095],[-61.95451,-24.26141],[-61.839948,-24.301497],[-61.834751,-24.314226]]]},"properties":{"id":"34028","nombre":"Matacos","nombre_completo":"Departamento Matacos","provincia":{"id":"34","nombre":"Formosa","interseccion":0},"fuente":"IGN","categoria":"Departamento","centroide":{"lon":-62.077065006,"lat":-23.854486543}}},
{"type":"Feature","geometry":{"type":"Polygon","coordinates":[[[-65.050417,-35.980454],[-65.107769,-35.979113],[-65.107809,-35.999062],[-66.017806,-35.999887],[-65.999749,-36.961395],[-65.634782,-36.965811],[-65.071335,-36.977222],[-65.050417,-35.980454]]]},"properties":{"id":"42098","nombre":"Loventué","nombre_completo":"Departamento Loventué","provincia":{"id":"42","nombre":"La Pampa","interseccion":0},"fuente":"IGN","categoria":"Departamento","centroide":{"lon":-65.533063651,"lat":-36.478508084}}},
{"type":"Feature","geometry":{"type":"Polygon","coordinates":[[[-63.9385,-35.452205],[-64.487673,-35.449911],[-64.4932,-35.810673],[-63.939771,-35.814017],[-63.9385,-35.452205]]]},"properties":{"id":"42147","nombre":"Trenel","nombre_completo":"Departamento Trenel","provincia":{"id":"42","nombre":"La Pampa","interseccion":0},"fuente":"IGN","categoria":"Departamento","centroide":{"lon":-64.214376626,"lat":-35.631875013}}},
{"type":"Feature","geometry":{"type":"Polygon","coordinates":[[[-61.711816,-25.654744],[-63.422412,-25.64922],[-63.47552,-25.70995],[-63.660465,-25.685373],[-63.918406,-25.682139],[-63.746026,-25.937674],[-63.747992,-25.951263],[-63.705095,-26.10987],[-63.76133,-26.21431],[-61.712225,-26.234491],[-61.711816,-25.654744]]]},"properties":{"id":"86056","nombre":"Copo","nombre_completo":"Departamento Copo","provincia":{"id":"86","nombre":"Santiago del Estero","interseccion":0},"fuente":"IGN","categoria":"Departamento","centroide":{"lon":-62.731097227,"lat":-25.939161201}}},
{"type":"Feature","geometry":{"type":"Polygon","coordinates":[[[-67.111685,-37.700194],[-65.977724,-37.683217],[-66.005425,-36.781418],[-67.126857,-36.799484],[-67.111685,-37.700194]]]},"properties":{"id":"42091","nombre":"Limay Mahuida","nombre_completo":"Departamento Limay Mahuida","provincia":{"id":"42","nombre":"La Pampa","interseccion":0},"fuente":"IGN","categoria":"Departamento","centroide":{"lon":-66.555232692,"lat":-37.24190212}}},
{"type":"Feature","geometry":{"type":"Polygon","coordinates":[[[-66.017806,-35.999887],[-67.067329,-35.999872],[-67.132456,-35.999104],[-67.126857,-36.799484],[-66.005425,-36.781418],[-66.017806,-35.999887]]]},"properties":{"id":"42049","nombre":"Chalileo","nombre_completo":"Departamento Chalileo","provincia":{"id":"42","nombre":"La Pampa","interseccion":0},"fuente":"IGN","categoria":"Departamento","centroide":{"lon":-66.572742409,"lat":-36.395699693}}},
{"type":"Feature","geometry":{"type":"Polygon","coordinates":[[[-67.132456,-35.999104],[-68.212164,-35.997622],[-68.29641,-35.997622],[-68.250183,-36.172485],[-68.246762,-36.802758],[-67.126857,-36.799484],[-67.132456,-35.999104]]]},"properties":{"id":"42063","nombre":"Chical Co","nombre_completo":"Departamento Chical Co","provincia":{"id":"42","nombre":"La Pampa","interseccion":0},"fuente":"IGN","categoria":"Departamento","centroide":{"lon":-67.694466901,"lat":-36.396973643}}},
{"type":"Feature","geometry":{"type":"Polygon","coordinates":[[[-60.518392,-27.464764],[-60.909284,-27.460028],[-60.909425,-27.399847],[-60.997165,-27.400119],[-60.997282,-27.478115],[-61.02235,-27.478218],[-61.013663,-27.794093],[-60.908656,-27.793855],[-60.909115,-27.998339],[-60.2156,-28.000696],[-60.215359,-27.738101],[-60.521903,-27.737226],[-60.518392,-27.464764]]]},"properties":{"id":"22098","nombre":"Mayor Luis J. Fontana","nombre_completo":"Departamento Mayor Luis J. Fontana","provincia":{"id":"22","nombre":"Chaco","interseccion":0},"fuente":"IGN","categoria":"Departamento","centroide":{"lon":-60.656712882,"lat":-27.74296161}}},
{"type":"Feature","geometry":{"type":"Polygon","coordinates":[[[-61.013663,-27.794093],[-61.013524,-27.634923],[-61.129842,-27.635325],[-61.240145,-27.794178],[-61.568326,-27.794833],[-61.569271,-27.714245],[-61.711868,-27.713971],[-61.712045,-27.998552],[-60.909115,-27.998339],[-60.908656,-27.793855],[-61.013663,-27.794093]]]},"properties":{"id":"22043","nombre":"Fray Justo Santa María de Oro","nombre_completo":"Departamento Fray Justo Santa María de Oro","provincia":{"id":"22","nombre":"Chaco","interseccion":0},"fuente":"IGN","categoria":"Departamento","centroide":{"lon":-61.301228874,"lat":-27.864707672}}},
{"type":"Feature","geometry":{"type":"Polygon","coordinates":[[[-65.492458,-30.371796],[-65.997574,-30.393589],[-66.232361,-30.526628],[-66.371796,-30.509699],[-66.371567,-30.530653],[-66.418663,-30.635015],[-66.366394,-30.702045],[-66.353279,-30.747721],[-65.642345,-30.753988],[-65.525245,-30.490816],[-65.492458,-30.371796]]]},"properties":{"id":"46063","nombre":"General Belgrano","nombre_completo":"Departamento General Belgrano","provincia":{"id":"46","nombre":"La Rioja","interseccion":0},"fuente":"IGN","categoria":"Departamento","centroide":{"lon":-65.932473994,"lat":-30.577808117}}},
{"type":"Feature","geometry":{"type":"Polygon","coordinates":[[[-61.393659,-25.469501],[-62.218558,-25.466682],[-62.218558,-24.830108],[-62.715775,-24.830897],[-63.422412,-25.64922],[-61.711816,-25.654744],[-61.712471,-26.653567],[-60.930051,-26.661774],[-60.788819,-26.425505],[-60.804517,-26.419904],[-60.799787,-26.11488],[-61.203582,-26.109012],[-61.193568,-25.563501],[-61.393833,-25.560392],[-61.393659,-25.469501]]]},"properties":{"id":"22007","nombre":"Almirante Brown","nombre_completo":"Departamento Almirante Brown","provincia":{"id":"22","nombre":"Chaco","interseccion":0},"fuente":"IGN","categoria":"Departamento","centroide":{"lon":-61.958981362,"lat":-25.74521191}}},
{"type":"Feature","geometry":{"type":"Polygon","coordinates":[[[-66.459299,-43.782024],[-66.524628,-43.783035],[-66.529945,-43.335266],[-67.148163,-43.340305],[-67.153625,-42.878983],[-67.773872,-42.882572],[-67.748085,-44.684933],[-67.094162,-44.678928],[-67.092657,-44.721024],[-67.080498,-44.716652],[-66.974312,-44.592419],[-66.675919,-44.07436],[-66.485252,-43.965725],[-66.459299,-43.782024]]]},"properties":{"id":"26063","nombre":"Mártires","nombre_completo":"Departamento Mártires","provincia":{"id":"26","nombre":"Chubut","interseccion":0},"fuente":"IGN","categoria":"Departamento","centroide":{"lon":-67.239981103,"lat":-43.81384795}}},
{"type":"Feature","geometry":{"type":"Polygon","coordinates":[[[-64.798546,-27.150766],[-64.854259,-27.318301],[-64.974365,-27.350918],[-65.008868,-27.483713],[-64.991676,-27.571277],[-65.027115,-27.587145],[-64.990972,-27.724142],[-64.91844,-27.694931],[-64.760371,-27.647449],[-64.626554,-27.666448],[-64.52293,-27.705855],[-64.43815,-27.604274],[-64.463919,-27.549629],[-64.616574,-27.444136],[-64.570414,-27.338507],[-64.680976,-27.233682],[-64.764361,-27.185531],[-64.798546,-27.150766]]]},"properties":{"id":"86147","nombre":"Río Hondo","nombre_completo":"Departamento Río Hondo","provincia":{"id":"86","nombre":"Santiago del Estero","interseccion":0},"fuente":"IGN","categoria":"Departamento","centroide":{"lon":-64.7601169,"lat":-27.485542425}}},
{"type":"Feature","geometry":{"type":"Polygon","coordinates":[[[-66.197375,-32.344392],[-66.646629,-32.365235],[-67.158716,-32.371731],[-67.263799,-32.381859],[-67.310131,-32.424741],[-67.166335,-32.758716],[-67.197989,-33.044171],[-67.176909,-33.06472],[-67.183481,-33.087025],[-67.019585,-33.079162],[-67.014413,-33.10459],[-66.973349,-33.140801],[-66.80995,-33.170396],[-66.579494,-33.206578],[-66.515381,-33.108541],[-66.363213,-33.101792],[-66.361068,-33.128685],[-66.215174,-33.129303],[-66.200364,-33.03194],[-66.208265,-33.020255],[-66.186607,-32.990805],[-66.216972,-32.912584],[-66.236169,-32.614411],[-66.202883,-32.572438],[-66.228469,-32.557394],[-66.197375,-32.344392]]]},"properties":{"id":"74014","nombre":"Belgrano","nombre_completo":"Departamento Belgrano","provincia":{"id":"74","nombre":"San Luis","interseccion":0},"fuente":"IGN","categoria":"Departamento","centroide":{"lon":-66.715052549,"lat":-32.735611133}}},
{"type":"Feature","geometry":{"type":"Polygon","coordinates":[[[-71.708741,-40.42252],[-71.804166,-40.406832],[-71.965046,-40.727576],[-71.861077,-41.031024],[-71.621887,-41.034912],[-71.306213,-41.100098],[-71.174881,-41.056203],[-71.088577,-40.997206],[-71.060329,-40.980819],[-71.038995,-40.889019],[-71.119334,-40.804063],[-71.029724,-40.724426],[-70.879089,-40.620422],[-70.864893,-40.597044],[-71.516596,-40.505824],[-71.605771,-40.461976],[-71.655306,-40.450462],[-71.708741,-40.42252]]]},"properties":{"id":"58070","nombre":"Los Lagos","nombre_completo":"Departamento Los Lagos","provincia":{"id":"58","nombre":"Neuquén","interseccion":0},"fuente":"IGN","categoria":"Departamento","centroide":{"lon":-71.486723251,"lat":-40.774350372}}},
{"type":"Feature","geometry":{"type":"Polygon","coordinates":[[[-60.09926,-26.122378],[-60.799787,-26.11488],[-60.804517,-26.419904],[-60.205496,-26.632496],[-60.201476,-26.301856],[-60.101138,-26.302762],[-60.09926,-26.122378]]]},"properties":{"id":"22091","nombre":"Maipú","nombre_completo":"Departamento Maipú","provincia":{"id":"22","nombre":"Chaco","interseccion":0},"fuente":"IGN","categoria":"Departamento","centroide":{"lon":-60.454643978,"lat":-26.319009989}}},
{"type":"Feature","geometry":{"type":"Polygon","coordinates":[[[-58.373872,-34.578714],[-58.400094,-34.569368],[-58.415967,-34.597873],[-58.404473,-34.598054],[-58.39869,-34.599778],[-58.386831,-34.599311],[-58.389832,-34.57822],[-58.375089,-34.580539],[-58.373872,-34.578714]]]},"properties":{"id":"02014","nombre":"Comuna 2","nombre_completo":"Comuna 2","provincia":{"id":"02","nombre":"Ciudad Autónoma de Buenos Aires","interseccion":0},"fuente":"IGN","categoria":"Comuna","centroide":{"lon":-58.394903542,"lat":-34.585788879}}},
{"type":"Feature","geometry":{"type":"Polygon","coordinates":[[[-61.33222,-26.658346],[-61.712471,-26.653567],[-61.7125,-26.755076],[-60.820737,-27.366329],[-60.819882,-27.309903],[-60.905856,-27.252031],[-60.817973,-27.198177],[-60.817034,-27.142401],[-61.215135,-26.870445],[-61.189714,-26.840672],[-61.335665,-26.839113],[-61.33222,-26.658346]]]},"properties":{"id":"22105","nombre":"9 de Julio","nombre_completo":"Departamento 9 de Julio","provincia":{"id":"22","nombre":"Chaco","interseccion":0},"fuente":"IGN","categoria":"Departamento","centroide":{"lon":-61.264612522,"lat":-26.943638302}}},
{"type":"Feature","geometry":{"type":"Polygon","coordinates":[[[-64.899436,-31.276882],[-64.971256,-31.275247],[-65.771038,-31.261412],[-65.770103,-31.743351],[-65.502229,-31.759374],[-65.469263,-31.619853],[-65.236809,-31.675482],[-65.250714,-31.567031],[-65.06651,-31.413531],[-64.90949,-31.399303],[-64.899436,-31.276882]]]},"properties":{"id":"14077","nombre":"Pocho","nombre_completo":"Departamento Pocho","provincia":{"id":"14","nombre":"Córdoba","interseccion":0},"fuente":"IGN","categoria":"Departamento","centroide":{"lon":-65.435155097,"lat":-31.462741662}}},
{"type":"Feature","geometry":{"type":"Polygon","coordinates":[[[-58.520507,-34.741056],[-58.537507,-34.756953],[-58.615506,-34.818527],[-58.650331,-34.891087],[-58.599054,-34.942952],[-58.620151,-34.960741],[-58.55317,-34.976277],[-58.510333,-34.901681],[-58.502852,-34.854959],[-58.520507,-34.741056]]]},"properties":{"id":"06270","nombre":"Ezeiza","nombre_completo":"Partido de Ezeiza","provincia":{"id":"06","nombre":"Buenos Aires","interseccion":0},"fuente":"IGN","categoria":"Partido","centroide":{"lon":-58.564701373,"lat":-34.876096844}}},
{"type":"Feature","geometry":{"type":"Polygon","coordinates":[[[-66.366967,-27.200951],[-66.450153,-27.132983],[-66.585856,-27.097294],[-66.536647,-27.254392],[-66.735243,-27.551873],[-66.738805,-27.789456],[-66.740247,-28.019106],[-66.491635,-28.020494],[-66.385114,-27.869118],[-66.18411,-27.829683],[-66.10618,-27.804475],[-66.080161,-27.772342],[-66.044158,-27.757289],[-66.033246,-27.778893],[-65.974343,-27.638689],[-65.97573,-27.493506],[-66.029273,-27.298152],[-66.194055,-27.218955],[-66.254651,-27.153514],[-66.366967,-27.200951]]]},"properties":{"id":"10021","nombre":"Andalgalá","nombre_completo":"Departamento Andalgalá","provincia":{"id":"10","nombre":"Catamarca","interseccion":0},"fuente":"IGN","categoria":"Departamento","centroide":{"lon":-66.373102494,"lat":-27.57284591}}},
{"type":"Feature","geometry":{"type":"Polygon","coordinates":[[[-65.915396,-27.66914],[-65.974343,-27.638689],[-66.033246,-27.778893],[-66.043475,-27.75718],[-66.075155,-27.7693],[-66.088892,-27.804953],[-66.096367,-27.9765],[-66.056519,-28.310871],[-65.893345,-28.329864],[-65.876028,-28.333461],[-65.810101,-28.250119],[-65.753195,-28.248407],[-65.72932,-28.232922],[-65.755947,-28.10208],[-65.791236,-28.049119],[-65.807393,-27.882348],[-65.820693,-27.820355],[-65.828908,-27.812795],[-65.915396,-27.66914]]]},"properties":{"id":"10007","nombre":"Ambato","nombre_completo":"Departamento Ambato","provincia":{"id":"10","nombre":"Catamarca","interseccion":0},"fuente":"IGN","categoria":"Departamento","centroide":{"lon":-65.922787884,"lat":-28.019974166}}},
{"type":"Feature","geometry":{"type":"Polygon","coordinates":[[[-58.443289,-34.651207],[-58.454601,-34.65084],[-58.464394,-34.660066],[-58.50262,-34.674594],[-58.42383,-34.66228],[-58.434399,-34.65313],[-58.437971,-34.655821],[-58.443289,-34.651207]]]},"properties":{"id":"02056","nombre":"Comuna 8","nombre_completo":"Comuna 8","provincia":{"id":"02","nombre":"Ciudad Autónoma de Buenos Aires","interseccion":0},"fuente":"IGN","categoria":"Comuna","centroide":{"lon":-58.46194806,"lat":-34.674566476}}},
{"type":"Feature","geometry":{"type":"Polygon","coordinates":[[[-64.713506,-27.775966],[-64.760371,-27.647449],[-64.91844,-27.694931],[-64.971281,-27.710421],[-64.990972,-27.724142],[-64.986025,-27.741646],[-65.039037,-27.879261],[-65.178132,-27.916417],[-65.109555,-28.24081],[-64.948262,-28.273075],[-64.832009,-28.152719],[-64.620992,-28.165944],[-64.54586,-27.936114],[-64.713506,-27.775966]]]},"properties":{"id":"86084","nombre":"Guasayán","nombre_completo":"Departamento Guasayán","provincia":{"id":"86","nombre":"Santiago del Estero","interseccion":0},"fuente":"IGN","categoria":"Departamento","centroide":{"lon":-64.871224122,"lat":-27.976851196}}},
{"type":"Feature","geometry":{"type":"Polygon","coordinates":[[[-65.10516,-28.322158],[-65.391153,-28.169552],[-65.507252,-28.230801],[-65.573169,-28.287608],[-65.551946,-28.370858],[-65.55914,-28.41858],[-65.600138,-28.484004],[-65.601511,-28.521085],[-65.612276,-28.595953],[-65.453916,-28.636659],[-65.357403,-28.627716],[-65.290351,-28.590091],[-65.199875,-28.620899],[-65.184617,-28.60057],[-65.125891,-28.611468],[-65.097089,-28.470938],[-65.10516,-28.322158]]]},"properties":{"id":"10056","nombre":"El Alto","nombre_completo":"Departamento El Alto","provincia":{"id":"10","nombre":"Catamarca","interseccion":0},"fuente":"IGN","categoria":"Departamento","centroide":{"lon":-65.36042892,"lat":-28.431706383}}},
{"type":"Feature","geometry":{"type":"Polygon","coordinates":[[[-63.873856,-29.630787],[-63.957798,-29.623503],[-63.980802,-29.551029],[-64.275482,-29.498674],[-64.489385,-29.528134],[-64.49218,-29.82076],[-64.173645,-30.063036],[-63.943425,-30.085579],[-63.944549,-30.027272],[-63.77921,-29.639345],[-63.756152,-29.621554],[-63.78377,-29.584167],[-63.841912,-29.580767],[-63.873856,-29.630787]]]},"properties":{"id":"14154","nombre":"Sobremonte","nombre_completo":"Departamento Sobremonte","provincia":{"id":"14","nombre":"Córdoba","interseccion":0},"fuente":"IGN","categoria":"Departamento","centroide":{"lon":-64.142518265,"lat":-29.76430926}}},
{"type":"Feature","geometry":{"type":"Polygon","coordinates":[[[-63.989981,-27.030282],[-64.085452,-27.142949],[-64.176707,-27.10862],[-64.177974,-27.198591],[-64.44518,-27.174764],[-64.487469,-27.352839],[-64.558122,-27.309456],[-64.616574,-27.444136],[-64.463919,-27.549629],[-64.406207,-27.607567],[-64.307257,-27.735965],[-64.207614,-27.811756],[-63.915772,-27.674727],[-63.879992,-27.644795],[-63.988654,-27.558675],[-63.989981,-27.030282]]]},"properties":{"id":"86035","nombre":"Banda","nombre_completo":"Departamento Banda","provincia":{"id":"86","nombre":"Santiago del Estero","interseccion":0},"fuente":"IGN","categoria":"Departamento","centroide":{"lon":-64.209865807,"lat":-27.434706768}}},
{"type":"Feature","geometry":{"type":"Polygon","coordinates":[[[-64.057381,-31.419291],[-64.057382,-31.308528],[-64.309786,-31.308532],[-64.309786,-31.524984],[-64.057384,-31.524984],[-64.057381,-31.419291]]]},"properties":{"id":"14014","nombre":"Capital","nombre_completo":"Departamento Capital","provincia":{"id":"14","nombre":"Córdoba","interseccion":0},"fuente":"IGN","categoria":"Departamento","centroide":{"lon":-64.183583773,"lat":-31.416756877}}},
{"type":"Feature","geometry":{"type":"Polygon","coordinates":[[[-58.392898,-34.599655],[-58.410261,-34.598111],[-58.411885,-34.598021],[-58.414626,-34.608208],[-58.411746,-34.630373],[-58.391137,-34.627271],[-58.392898,-34.599655]]]},"properties":{"id":"02021","nombre":"Comuna 3","nombre_completo":"Comuna 3","provincia":{"id":"02","nombre":"Ciudad Autónoma de Buenos Aires","interseccion":0},"fuente":"IGN","categoria":"Comuna","centroide":{"lon":-58.402651451,"lat":-34.613843082}}},
{"type":"Feature","geometry":{"type":"Polygon","coordinates":[[[-63.660508,-27.817632],[-63.879814,-27.655762],[-63.915772,-27.674727],[-64.207614,-27.811756],[-64.142059,-27.918502],[-64.153075,-27.932929],[-64.105026,-27.950909],[-64.109771,-27.972601],[-63.930478,-28.036204],[-63.923811,-27.966974],[-63.734567,-28.00307],[-63.729077,-27.977284],[-63.660508,-27.817632]]]},"properties":{"id":"86161","nombre":"Robles","nombre_completo":"Departamento Robles","provincia":{"id":"86","nombre":"Santiago del Estero","interseccion":0},"fuente":"IGN","categoria":"Departamento","centroide":{"lon":-63.90750926,"lat":-27.853944073}}},
{"type":"Feature","geometry":{"type":"Polygon","coordinates":[[[-63.851277,-28.391108],[-63.875878,-28.37654],[-63.927064,-28.367457],[-63.971107,-28.359054],[-64.008348,-28.328827],[-64.017115,-28.307711],[-64.178114,-28.282591],[-64.263101,-28.340789],[-64.490714,-28.371333],[-64.448644,-28.383514],[-64.600486,-28.467636],[-64.512528,-28.524291],[-64.511834,-29.024096],[-64.513644,-29.034437],[-64.266086,-29.037323],[-64.194029,-28.759608],[-64.23441,-28.682425],[-64.206275,-28.596173],[-64.043499,-28.593775],[-64.019708,-28.488065],[-63.851277,-28.391108]]]},"properties":{"id":"86105","nombre":"Loreto","nombre_completo":"Departamento Loreto","provincia":{"id":"86","nombre":"Santiago del Estero","interseccion":0},"fuente":"IGN","categoria":"Departamento","centroide":{"lon":-64.310727431,"lat":-28.624480437}}},
{"type":"Feature","geometry":{"type":"Polygon","coordinates":[[[-63.943343,-36.35557],[-63.945801,-36.806208],[-63.385171,-36.807848],[-63.385555,-36.356316],[-63.943343,-36.35557]]]},"properties":{"id":"42028","nombre":"Catriló","nombre_completo":"Departamento Catriló","provincia":{"id":"42","nombre":"La Pampa","interseccion":0},"fuente":"IGN","categoria":"Departamento","centroide":{"lon":-63.664868534,"lat":-36.581670209}}},
{"type":"Feature","geometry":{"type":"Polygon","coordinates":[[[-64.207614,-27.811756],[-64.307257,-27.735965],[-64.406207,-27.607567],[-64.43815,-27.604274],[-64.52293,-27.705855],[-64.626554,-27.666448],[-64.703405,-27.652146],[-64.713506,-27.775966],[-64.54586,-27.936114],[-64.620992,-28.165944],[-64.451506,-28.195959],[-64.414355,-28.062522],[-64.245306,-28.093531],[-64.221793,-27.990761],[-64.103027,-27.964003],[-64.118926,-27.939795],[-64.150176,-27.937282],[-64.142059,-27.918502],[-64.207614,-27.811756]]]},"properties":{"id":"86049","nombre":"Capital","nombre_completo":"Departamento Capital","provincia":{"id":"86","nombre":"Santiago del Estero","interseccion":0},"fuente":"IGN","categoria":"Departamento","centroide":{"lon":-64.43566754,"lat":-27.884765228}}},
{"type":"Feature","geometry":{"type":"Polygon","coordinates":[[[-58.400094,-34.569368],[-58.43095,-34.551138],[-58.441128,-34.562153],[-58.439904,-34.578566],[-58.415967,-34.597873],[-58.400094,-34.569368]]]},"properties":{"id":"02098","nombre":"Comuna 14","nombre_completo":"Comuna 14","provincia":{"id":"02","nombre":"Ciudad Autónoma de Buenos Aires","interseccion":0},"fuente":"IGN","categoria":"Comuna","centroide":{"lon":-58.422294081,"lat":-34.573874741}}},
{"type":"Feature","geometry":{"type":"Polygon","coordinates":[[[-58.278983,-31.698534],[-58.373415,-31.721549],[-58.607473,-31.902392],[-58.708577,-31.888191],[-58.698352,-31.860863],[-58.729327,-31.856571],[-58.723691,-31.969719],[-58.707505,-31.964822],[-58.697342,-32.028799],[-58.586271,-32.196261],[-58.528946,-32.190713],[-58.411753,-32.184262],[-58.224329,-32.366999],[-58.099083,-32.27013],[-58.20681,-31.871645],[-58.036985,-31.727222],[-58.082169,-31.720195],[-58.086878,-31.734295],[-58.278983,-31.698534]]]},"properties":{"id":"30008","nombre":"Colón","nombre_completo":"Departamento Colón","provincia":{"id":"30","nombre":"Entre Ríos","interseccion":0},"fuente":"IGN","categoria":"Departamento","centroide":{"lon":-58.369912959,"lat":-32.011482753}}},
{"type":"Feature","geometry":{"type":"Polygon","coordinates":[[[-58.68439,-31.301264],[-58.975331,-31.256894],[-59.018196,-31.325074],[-59.010572,-31.339061],[-59.074339,-31.403486],[-59.148149,-31.413759],[-59.234777,-31.267693],[-59.573124,-31.473132],[-59.582289,-31.603141],[-59.565097,-31.622782],[-59.580412,-31.784954],[-59.534421,-31.924866],[-59.401673,-31.934119],[-59.177463,-31.959365],[-59.059237,-32.052823],[-59.003156,-32.083612],[-58.773108,-32.01457],[-58.723691,-31.969719],[-58.742734,-31.921089],[-58.722738,-31.823949],[-58.518108,-31.555274],[-58.68439,-31.301264]]]},"properties":{"id":"30113","nombre":"Villaguay","nombre_completo":"Departamento Villaguay","provincia":{"id":"30","nombre":"Entre Ríos","interseccion":0},"fuente":"IGN","categoria":"Departamento","centroide":{"lon":-59.05947081,"lat":-31.647738896}}},
{"type":"Feature","geometry":{"type":"Polygon","coordinates":[[[-57.209226,-36.196221],[-57.382452,-35.966739],[-57.362053,-35.750613],[-57.409583,-35.7431],[-57.402058,-35.757487],[-57.488967,-35.826301],[-57.512525,-35.824484],[-57.588031,-35.830725],[-57.707655,-35.832283],[-57.726066,-35.91978],[-57.983311,-36.028719],[-57.966803,-36.064632],[-58.093219,-36.154813],[-57.959721,-36.252922],[-57.971748,-36.263965],[-57.883506,-36.302138],[-57.645064,-36.107086],[-57.209226,-36.196221]]]},"properties":{"id":"06168","nombre":"Castelli","nombre_completo":"Partido de Castelli","provincia":{"id":"06","nombre":"Buenos Aires","interseccion":0},"fuente":"IGN","categoria":"Partido","centroide":{"lon":-57.657425194,"lat":-36.041489744}}},
{"type":"Feature","geometry":{"type":"Polygon","coordinates":[[[-58.465268,-31.260798],[-58.583864,-31.257819],[-58.635846,-31.297283],[-58.68439,-31.301264],[-58.518108,-31.555274],[-58.722738,-31.823949],[-58.729327,-31.856571],[-58.698352,-31.860863],[-58.708577,-31.888191],[-58.607473,-31.902392],[-58.373415,-31.721549],[-58.274736,-31.662676],[-58.472097,-31.266764],[-58.465268,-31.260798]]]},"properties":{"id":"30088","nombre":"San Salvador","nombre_completo":"Departamento San Salvador","provincia":{"id":"30","nombre":"Entre Ríos","interseccion":0},"fuente":"IGN","categoria":"Departamento","centroide":{"lon":-58.486372857,"lat":-31.576883539}}},
{"type":"Feature","geometry":{"type":"Polygon","coordinates":[[[-66.780387,-26.046912],[-66.826529,-25.99569],[-66.846634,-25.970069],[-66.852352,-25.918622],[-66.919451,-25.944603],[-66.824112,-26.075679],[-66.96373,-26.13813],[-67.090476,-26.613656],[-67.182572,-26.667939],[-67.284936,-26.699685],[-67.225615,-26.739375],[-67.149203,-26.837298],[-67.27796,-27.047725],[-67.264813,-27.166176],[-67.239977,-27.467336],[-67.348013,-27.793246],[-67.354433,-27.922484],[-67.328235,-27.914301],[-67.327389,-28.057475],[-67.231096,-28.031392],[-66.740475,-28.034987],[-66.738805,-27.789456],[-66.735243,-27.551873],[-66.536647,-27.254392],[-66.596768,-27.089614],[-66.59571,-27.061371],[-66.667618,-26.746639],[-66.548048,-26.535671],[-66.459544,-26.534147],[-66.479909,-26.496398],[-66.45259,-26.441809],[-66.445314,-26.374411],[-66.539877,-26.353162],[-66.572358,-26.178718],[-66.660002,-26.106477],[-66.660868,-26.076655],[-66.72376,-26.078791],[-66.780387,-26.046912]]]},"properties":{"id":"10035","nombre":"Belén","nombre_completo":"Departamento Belén","provincia":{"id":"10","nombre":"Catamarca","interseccion":0},"fuente":"IGN","categoria":"Departamento","centroide":{"lon":-66.92248051,"lat":-27.101956004}}},
{"type":"Feature","geometry":{"type":"Polygon","coordinates":[[[-65.761009,-28.38256],[-65.812175,-28.266422],[-65.876028,-28.333461],[-65.893345,-28.329864],[-65.899096,-28.483212],[-65.791588,-28.557942],[-65.769781,-28.487297],[-65.728521,-28.38715],[-65.761009,-28.38256]]]},"properties":{"id":"10049","nombre":"Capital","nombre_completo":"Departamento Capital","provincia":{"id":"10","nombre":"Catamarca","interseccion":0},"fuente":"IGN","categoria":"Departamento","centroide":{"lon":-65.836726292,"lat":-28.411788965}}},
{"type":"Feature","geometry":{"type":"Polygon","coordinates":[[[-65.453916,-28.636659],[-65.625053,-28.603404],[-65.651573,-28.780242],[-65.604955,-29.021104],[-65.609592,-29.25316],[-65.521296,-29.605139],[-65.536222,-29.515703],[-65.505331,-29.247152],[-65.41671,-29.145643],[-65.282585,-28.640903],[-65.290351,-28.590091],[-65.357403,-28.627716],[-65.453916,-28.636659]]]},"properties":{"id":"10014","nombre":"Ancasti","nombre_completo":"Departamento Ancasti","provincia":{"id":"10","nombre":"Catamarca","interseccion":0},"fuente":"IGN","categoria":"Departamento","centroide":{"lon":-65.504299178,"lat":-28.927413067}}},
{"type":"Feature","geometry":{"type":"Polygon","coordinates":[[[-66.096367,-27.9765],[-66.050133,-27.908572],[-66.086699,-27.825913],[-66.084042,-27.782696],[-66.106875,-27.804807],[-66.18411,-27.829683],[-66.385114,-27.869118],[-66.491635,-28.020494],[-66.740247,-28.019106],[-66.740475,-28.034987],[-66.844569,-28.034646],[-67.029927,-28.258177],[-66.57081,-28.288634],[-66.514028,-28.465432],[-66.496273,-28.531339],[-66.378656,-28.713351],[-66.351513,-28.720946],[-66.388579,-28.80137],[-66.411301,-28.814768],[-66.395193,-28.826851],[-66.365858,-28.797856],[-66.085305,-28.453213],[-66.059881,-28.364466],[-66.056519,-28.310871],[-66.096367,-27.9765]]]},"properties":{"id":"10084","nombre":"Pomán","nombre_completo":"Departamento Pomán","provincia":{"id":"10","nombre":"Catamarca","interseccion":0},"fuente":"IGN","categoria":"Departamento","centroide":{"lon":-66.388804536,"lat":-28.233758906}}},
{"type":"Feature","geometry":{"type":"Polygon","coordinates":[[[-58.309779,-34.793387],[-58.447753,-34.825989],[-58.396445,-34.909881],[-58.292471,-34.854868],[-58.309779,-34.793387]]]},"properties":{"id":"06028","nombre":"Almirante Brown","nombre_completo":"Partido de Almirante Brown","provincia":{"id":"06","nombre":"Buenos Aires","interseccion":0},"fuente":"IGN","categoria":"Partido","centroide":{"lon":-58.367372933,"lat":-34.835619113}}},
{"type":"Feature","geometry":{"type":"Polygon","coordinates":[[[-58.396445,-34.909881],[-58.413042,-34.873576],[-58.49186,-34.927632],[-58.463054,-34.951454],[-58.468702,-35.011275],[-58.37762,-34.950493],[-58.274607,-34.91706],[-58.396445,-34.909881]]]},"properties":{"id":"06648","nombre":"Presidente Perón","nombre_completo":"Partido de Presidente Perón","provincia":{"id":"06","nombre":"Buenos Aires","interseccion":0},"fuente":"IGN","categoria":"Partido","centroide":{"lon":-58.398084211,"lat":-34.929847841}}},
{"type":"Feature","geometry":{"type":"Polygon","coordinates":[[[-58.177251,-35.057152],[-58.161419,-34.971845],[-58.338844,-35.148527],[-58.35271,-35.137863],[-58.446903,-35.214031],[-58.246816,-35.365325],[-58.18685,-35.382581],[-58.138618,-35.420373],[-58.044821,-35.334563],[-57.890143,-35.222141],[-57.968108,-35.159689],[-58.054086,-35.236827],[-58.018072,-35.168111],[-58.177251,-35.057152]]]},"properties":{"id":"06119","nombre":"Brandsen","nombre_completo":"Partido de Brandsen","provincia":{"id":"06","nombre":"Buenos Aires","interseccion":0},"fuente":"IGN","categoria":"Partido","centroide":{"lon":-58.175233904,"lat":-35.222519799}}},
{"type":"Feature","geometry":{"type":"Polygon","coordinates":[[[-61.288021,-35.572824],[-61.53188,-35.378576],[-61.724739,-35.537384],[-61.502767,-35.745416],[-61.636117,-35.852744],[-61.560046,-35.942756],[-61.393404,-36.071812],[-61.269755,-36.071098],[-61.035297,-35.876663],[-61.101731,-35.824756],[-61.031898,-35.765554],[-61.288021,-35.572824]]]},"properties":{"id":"06147","nombre":"Carlos Casares","nombre_completo":"Partido de Carlos Casares","provincia":{"id":"06","nombre":"Buenos Aires","interseccion":0},"fuente":"IGN","categoria":"Partido","centroide":{"lon":-61.374377787,"lat":-35.749922214}}},
{"type":"Feature","geometry":{"type":"Polygon","coordinates":[[[-60.849248,-34.763019],[-60.904151,-34.810719],[-61.048176,-34.692906],[-61.182368,-34.802214],[-61.127689,-34.847407],[-61.419742,-35.087908],[-61.300941,-35.185202],[-61.278178,-35.165851],[-61.155019,-35.264171],[-61.062511,-35.186779],[-60.984631,-35.2466],[-60.754227,-35.041402],[-60.847692,-34.968081],[-60.723956,-34.861231],[-60.849248,-34.763019]]]},"properties":{"id":"06385","nombre":"General Viamonte","nombre_completo":"Partido de General Viamonte","provincia":{"id":"06","nombre":"Buenos Aires","interseccion":0},"fuente":"IGN","categoria":"Partido","centroide":{"lon":-61.049657234,"lat":-34.997778891}}},
{"type":"Feature","geometry":{"type":"Polygon","coordinates":[[[-62.285185,-35.163819],[-62.471445,-35.010657],[-62.548554,-35.073872],[-62.610627,-35.022719],[-62.68835,-35.085097],[-62.657181,-35.110819],[-62.707517,-35.101156],[-62.864144,-35.288502],[-62.777689,-35.408695],[-62.338553,-35.784075],[-62.098286,-35.591606],[-61.906309,-35.485611],[-62.225018,-35.214139],[-62.210043,-35.201858],[-62.224186,-35.189879],[-62.270612,-35.151768],[-62.285185,-35.163819]]]},"properties":{"id":"06154","nombre":"Carlos Tejedor","nombre_completo":"Partido de Carlos Tejedor","provincia":{"id":"06","nombre":"Buenos Aires","interseccion":0},"fuente":"IGN","categoria":"Partido","centroide":{"lon":-62.429789579,"lat":-35.379744937}}},
{"type":"Feature","geometry":{"type":"Polygon","coordinates":[[[-62.431086,-35.858839],[-62.338416,-35.784199],[-62.623811,-35.550743],[-63.20373,-36.033076],[-62.625748,-36.50236],[-62.607583,-36.561423],[-62.082437,-36.152301],[-62.431086,-35.858839]]]},"properties":{"id":"06826","nombre":"Trenque Lauquen","nombre_completo":"Partido de Trenque Lauquen","provincia":{"id":"06","nombre":"Buenos Aires","interseccion":0},"fuente":"IGN","categoria":"Partido","centroide":{"lon":-62.635079783,"lat":-36.056766272}}},
{"type":"Feature","geometry":{"type":"Polygon","coordinates":[[[-58.973941,-35.58998],[-59.003031,-35.594943],[-59.034365,-35.564892],[-59.025423,-35.580258],[-59.036087,-35.611699],[-59.080043,-35.60683],[-59.142533,-35.625372],[-59.142051,-35.665715],[-58.974425,-35.816928],[-58.749021,-35.98472],[-58.571854,-36.120966],[-58.342751,-35.843587],[-58.41355,-35.814737],[-58.453639,-35.769544],[-58.438388,-35.709143],[-58.465251,-35.685385],[-58.486944,-35.707434],[-58.501696,-35.753329],[-58.52453,-35.722479],[-58.716016,-35.721729],[-58.787997,-35.700971],[-58.907598,-35.594087],[-58.973941,-35.58998]]]},"properties":{"id":"06301","nombre":"General Belgrano","nombre_completo":"Partido de General Belgrano","provincia":{"id":"06","nombre":"Buenos Aires","interseccion":0},"fuente":"IGN","categoria":"Partido","centroide":{"lon":-58.698079969,"lat":-35.834662347}}},
{"type":"Feature","geometry":{"type":"Polygon","coordinates":[[[-58.746748,-35.252702],[-58.925107,-35.341701],[-59.02541,-35.352275],[-59.105369,-35.426747],[-59.050381,-35.541627],[-58.973941,-35.58998],[-58.907598,-35.594087],[-58.787997,-35.700971],[-58.716016,-35.721729],[-58.52453,-35.722479],[-58.486524,-35.706937],[-58.568715,-35.595902],[-58.470486,-35.511942],[-58.663133,-35.354955],[-58.746748,-35.252702]]]},"properties":{"id":"06547","nombre":"Monte","nombre_completo":"Partido de Monte","provincia":{"id":"06","nombre":"Buenos Aires","interseccion":0},"fuente":"IGN","categoria":"Partido","centroide":{"lon":-58.767235838,"lat":-35.509826758}}},
{"type":"Feature","geometry":{"type":"Polygon","coordinates":[[[-59.480334,-35.287301],[-59.506062,-35.289257],[-59.755477,-35.346744],[-59.825442,-35.407354],[-59.768671,-35.451043],[-59.775005,-35.478474],[-59.524477,-35.456402],[-59.349668,-35.529441],[-59.41261,-35.586127],[-59.174878,-35.712006],[-59.131081,-35.698178],[-59.143014,-35.625621],[-59.031524,-35.605593],[-59.026825,-35.575439],[-59.050381,-35.541627],[-59.105369,-35.426747],[-59.167243,-35.405904],[-59.26286,-35.390682],[-59.322525,-35.374677],[-59.393378,-35.290948],[-59.468508,-35.307371],[-59.480334,-35.287301]]]},"properties":{"id":"06693","nombre":"Roque Pérez","nombre_completo":"Partido de Roque Pérez","provincia":{"id":"06","nombre":"Buenos Aires","interseccion":0},"fuente":"IGN","categoria":"Partido","centroide":{"lon":-59.357511816,"lat":-35.481635701}}},
{"type":"Feature","geometry":{"type":"Polygon","coordinates":[[[-60.532234,-36.412521],[-60.649975,-36.342881],[-60.87544,-36.467829],[-60.896234,-36.451336],[-61.423479,-36.864583],[-61.010956,-37.203526],[-60.814527,-37.051239],[-60.731738,-37.140234],[-60.437154,-37.376819],[-60.126382,-37.096824],[-60.001358,-36.835483],[-60.285566,-36.619947],[-60.532234,-36.412521]]]},"properties":{"id":"06595","nombre":"Olavarría","nombre_completo":"Partido de Olavarría","provincia":{"id":"06","nombre":"Buenos Aires","interseccion":0},"fuente":"IGN","categoria":"Partido","centroide":{"lon":-60.670205401,"lat":-36.857634046}}},
{"type":"Feature","geometry":{"type":"Polygon","coordinates":[[[-58.636154,-34.715029],[-58.729025,-34.634784],[-58.757549,-34.660482],[-58.860294,-34.685206],[-58.750247,-34.777588],[-58.728396,-34.759307],[-58.703884,-34.778711],[-58.657915,-34.753297],[-58.636154,-34.715029]]]},"properties":{"id":"06539","nombre":"Merlo","nombre_completo":"Partido de Merlo","provincia":{"id":"06","nombre":"Buenos Aires","interseccion":0},"fuente":"IGN","categoria":"Partido","centroide":{"lon":-58.741958414,"lat":-34.711003278}}},
{"type":"Feature","geometry":{"type":"Polygon","coordinates":[[[-54.613525,-26.933928],[-54.700954,-26.979055],[-54.756532,-26.946596],[-54.726859,-27.04088],[-54.7441,-27.050434],[-54.75838,-27.051934],[-54.786473,-27.007869],[-54.886254,-26.981522],[-54.953859,-27.082729],[-55.011556,-27.062222],[-55.099341,-27.062425],[-55.100652,-27.183763],[-55.079756,-27.187982],[-54.93809,-27.370718],[-54.925254,-27.352907],[-54.834451,-27.387084],[-54.819676,-27.385359],[-54.832774,-27.356496],[-54.835141,-27.248647],[-54.700569,-27.212352],[-54.602599,-27.178386],[-54.593044,-27.219352],[-54.605605,-27.240739],[-54.51293,-27.260639],[-54.507679,-27.247823],[-54.526352,-27.234786],[-54.488068,-27.108312],[-54.613525,-26.933928]]]},"properties":{"id":"54014","nombre":"Cainguás","nombre_completo":"Departamento Cainguás","provincia":{"id":"54","nombre":"Misiones","interseccion":0},"fuente":"IGN","categoria":"Departamento","centroide":{"lon":-54.802343785,"lat":-27.147836577}}},
{"type":"Feature","geometry":{"type":"MultiPolygon","coordinates":[[[[-61.210011,-51.693349],[-61.3331,-51.692623],[-61.295705,-51.764318],[-61.210011,-51.693349]]],[[[-60.856758,-51.788557],[-61.051832,-51.890236],[-60.974837,-51.779191],[-61.166052,-51.830786],[-60.994987,-51.989353],[-60.856758,-51.788557]]],[[[-60.044788,-51.33801],[-60.326026,-51.263502],[-60.121113,-51.36221],[-60.265241,-51.413047],[-60.044788,-51.33801]]],[[[-59.670153,-52.222148],[-59.779413,-52.139644],[-59.74713,-52.296047],[-59.670153,-52.222148]]],[[[-59.18909,-51.399373],[-59.414826,-51.337763],[-59.384665,-51.439448],[-59.520423,-51.480812],[-59.606802,-51.444996],[-59.490199,-51.395637],[-59.618947,-51.43476],[-59.626638,-51.468594],[-60.008926,-51.380573],[-60.100046,-51.438216],[-59.972423,-51.475558],[-60.130952,-51.50724],[-60.664343,-51.340204],[-60.382473,-51.48655],[-60.495032,-51.540073],[-60.32811,-51.525332],[-59.97415,-51.741896],[-60.231229,-51.656642],[-60.650209,-51.667247],[-60.539656,-51.807483],[-60.318055,-51.696461],[-60.181672,-51.745857],[-60.32384,-51.76079],[-60.368554,-51.890418],[-60.374629,-51.764951],[-60.460312,-51.787867],[-60.50575,-51.936052],[-60.648351,-51.926272],[-60.542803,-51.95426],[-60.397136,-51.92587],[-60.507356,-52.024182],[-60.846043,-51.954031],[-60.804971,-52.058204],[-61.024085,-52.007606],[-61.047626,-52.072975],[-60.799476,-52.18943],[-60.850517,-52.107622],[-60.715875,-52.103109],[-60.652747,-52.259071],[-60.503106,-52.202723],[-60.543409,-52.112474],[-60.378032,-52.177456],[-60.504394,-52.112874],[-60.327888,-52.101377],[-60.354958,-52.162119],[-60.266931,-52.090855],[-60.242347,-52.018593],[-60.282508,-52.082008],[-60.2845,-52.017622],[-60.357624,-52.007369],[-60.330528,-51.979405],[-59.858806,-51.963556],[-59.338562,-51.528512],[-59.496646,-51.520211],[-59.335076,-51.525115],[-59.18909,-51.399373]]],[[[-58.465187,-51.309801],[-58.73013,-51.348279],[-58.971765,-51.233636],[-58.868145,-51.378622],[-59.144549,-51.461494],[-58.843458,-51.515592],[-59.045273,-51.504978],[-59.01434,-51.605897],[-59.128328,-51.496216],[-59.178857,-51.584403],[-58.949416,-51.77394],[-59.049414,-51.826985],[-59.054031,-51.691672],[-59.214579,-51.717344],[-59.378583,-51.859309],[-59.497469,-51.83573],[-59.470101,-51.928372],[-59.610339,-51.918097],[-59.518355,-51.962279],[-59.648252,-51.965131],[-59.545638,-52.005155],[-59.653936,-52.005823],[-59.611748,-52.123713],[-59.731552,-52.097132],[-59.497711,-52.311887],[-59.309448,-52.350942],[-59.414656,-52.283985],[-59.329997,-52.211269],[-59.491002,-52.166267],[-59.367847,-52.110967],[-59.011366,-52.255613],[-59.023831,-52.144079],[-59.180081,-52.145132],[-59.067982,-52.102953],[-59.177805,-52.102692],[-59.138939,-52.034706],[-59.318911,-52.013056],[-59.189541,-51.972252],[-58.92821,-52.117357],[-58.897036,-52.034384],[-58.736223,-52.050115],[-58.659631,-52.141476],[-58.626246,-51.965543],[-59.115608,-51.835935],[-58.985919,-51.857],[-58.950189,-51.787287],[-58.560687,-51.90737],[-58.565934,-51.829579],[-58.400807,-51.922579],[-58.164522,-51.816001],[-58.38722,-51.824381],[-58.109111,-51.788885],[-58.297478,-51.7474],[-57.716876,-51.683079],[-57.920385,-51.686936],[-57.723844,-51.64467],[-58.164958,-51.547026],[-57.764105,-51.540428],[-57.944432,-51.360876],[-58.282315,-51.390889],[-58.377955,-51.512715],[-58.145536,-51.611873],[-58.251447,-51.584302],[-58.172922,-51.644463],[-58.278536,-51.661572],[-58.424594,-51.468439],[-58.626413,-51.467387],[-58.504512,-51.380789],[-58.320544,-51.432868],[-58.465187,-51.309801]]],[[[-58.403272,-52.005014],[-58.554204,-52.027058],[-58.429283,-52.102768],[-58.403272,-52.005014]]],[[[-35.791529,-54.766104],[-35.971135,-54.704614],[-35.893628,-54.545284],[-36.091125,-54.575039],[-36.008805,-54.504741],[-36.264174,-54.390995],[-36.250923,-54.287226],[-36.400153,-54.244003],[-36.348034,-54.374258],[-36.521878,-54.355811],[-36.488135,-54.238871],[-36.698129,-54.301712],[-36.486571,-54.197345],[-36.705223,-54.186691],[-36.642667,-54.120571],[-37.049308,-54.136261],[-36.989217,-54.055622],[-37.151845,-54.13401],[-37.134713,-54.04241],[-37.500358,-54.06206],[-37.412127,-53.985465],[-38.021158,-54.016589],[-37.613223,-54.04419],[-37.733243,-54.109959],[-37.629546,-54.191336],[-37.231415,-54.149315],[-37.415823,-54.186958],[-37.306273,-54.230312],[-37.420844,-54.276592],[-37.220938,-54.238975],[-36.853581,-54.354924],[-36.817946,-54.458414],[-36.499879,-54.507995],[-36.10721,-54.900353],[-35.93745,-54.857306],[-36.119428,-54.751614],[-35.791529,-54.766104]]]]},"properties":{"id":"94021","nombre":"Islas del Atlántico Sur","nombre_completo":"Departamento Islas del Atlántico Sur","provincia":{"id":"94","nombre":"Tierra del Fuego, Antártida e Islas del Atlántico Sur","interseccion":0},"fuente":"IGN","categoria":"Departamento","centroide":{"lon":-53.402640216,"lat":-52.50066288}}},
{"type":"Feature","geometry":{"type":"Polygon","coordinates":[[[-58.500797,-34.722992],[-58.520507,-34.741056],[-58.502852,-34.854959],[-58.510333,-34.901681],[-58.49186,-34.927632],[-58.413042,-34.873576],[-58.447753,-34.825989],[-58.430528,-34.817248],[-58.500797,-34.722992]]]},"properties":{"id":"06260","nombre":"Esteban Echeverría","nombre_completo":"Partido de Esteban Echeverría","provincia":{"id":"06","nombre":"Buenos Aires","interseccion":0},"fuente":"IGN","categoria":"Partido","centroide":{"lon":-58.476947929,"lat":-34.831213566}}},
{"type":"Feature","geometry":{"type":"Polygon","coordinates":[[[-59.67533,-34.404053],[-59.78158,-34.219316],[-59.873943,-34.264301],[-59.895237,-34.236438],[-60.06503,-34.382654],[-60.08409,-34.367516],[-60.083631,-34.469779],[-59.884567,-34.61943],[-59.768409,-34.507296],[-59.767615,-34.452814],[-59.67533,-34.404053]]]},"properties":{"id":"06161","nombre":"Carmen de Areco","nombre_completo":"Partido de Carmen de Areco","provincia":{"id":"06","nombre":"Buenos Aires","interseccion":0},"fuente":"IGN","categoria":"Partido","centroide":{"lon":-59.884413488,"lat":-34.406797788}}},
{"type":"Feature","geometry":{"type":"Polygon","coordinates":[[[-59.262446,-34.620116],[-59.338524,-34.508458],[-59.523664,-34.596894],[-59.63243,-34.615017],[-59.672959,-34.582629],[-59.71641,-34.620022],[-59.522594,-34.828793],[-59.496825,-34.849386],[-59.466512,-34.87259],[-59.408729,-34.842423],[-59.204517,-34.796227],[-59.255899,-34.685583],[-59.262446,-34.620116]]]},"properties":{"id":"06532","nombre":"Mercedes","nombre_completo":"Partido de Mercedes","provincia":{"id":"06","nombre":"Buenos Aires","interseccion":0},"fuente":"IGN","categoria":"Partido","centroide":{"lon":-59.420481139,"lat":-34.697321326}}},
{"type":"Feature","geometry":{"type":"Polygon","coordinates":[[[-58.616028,-34.588705],[-58.693934,-34.593742],[-58.653486,-34.631612],[-58.616028,-34.588705]]]},"properties":{"id":"06408","nombre":"Hurlingham","nombre_completo":"Partido de Hurlingham","provincia":{"id":"06","nombre":"Buenos Aires","interseccion":0},"fuente":"IGN","categoria":"Partido","centroide":{"lon":-58.649525387,"lat":-34.599283055}}},
{"type":"Feature","geometry":{"type":"Polygon","coordinates":[[[-58.616028,-34.588705],[-58.653486,-34.631612],[-58.667381,-34.685988],[-58.581876,-34.64317],[-58.616028,-34.588705]]]},"properties":{"id":"06568","nombre":"Morón","nombre_completo":"Partido de Morón","provincia":{"id":"06","nombre":"Buenos Aires","interseccion":0},"fuente":"IGN","categoria":"Partido","centroide":{"lon":-58.619831711,"lat":-34.649386163}}},
{"type":"Feature","geometry":{"type":"Polygon","coordinates":[[[-68.490287,-33.123024],[-68.576882,-33.072175],[-68.566376,-33.029716],[-68.58027,-33.0363],[-68.599052,-33.091674],[-68.640887,-33.10268],[-68.685705,-33.248949],[-68.639262,-33.203863],[-68.480975,-33.149489],[-68.289218,-33.232429],[-68.287805,-33.188638],[-68.447926,-33.1],[-68.490287,-33.123024]]]},"properties":{"id":"50035","nombre":"Junín","nombre_completo":"Departamento Junín","provincia":{"id":"50","nombre":"Mendoza","interseccion":0},"fuente":"IGN","categoria":"Departamento","centroide":{"lon":-68.497360654,"lat":-33.150394088}}},
{"type":"Feature","geometry":{"type":"Polygon","coordinates":[[[-58.646591,-34.501384],[-58.705563,-34.439311],[-58.784541,-34.476066],[-58.701269,-34.532748],[-58.646591,-34.501384]]]},"properties":{"id":"06515","nombre":"Malvinas Argentinas","nombre_completo":"Partido de Malvinas Argentinas","provincia":{"id":"06","nombre":"Buenos Aires","interseccion":0},"fuente":"IGN","categoria":"Partido","centroide":{"lon":-58.712137242,"lat":-34.487311344}}},
{"type":"Feature","geometry":{"type":"Polygon","coordinates":[[[-62.625748,-36.50236],[-62.978901,-36.280138],[-63.048637,-36.415414],[-63.127556,-36.479504],[-62.816036,-36.731947],[-62.607583,-36.561423],[-62.625748,-36.50236]]]},"properties":{"id":"06847","nombre":"Tres Lomas","nombre_completo":"Partido de Tres Lomas","provincia":{"id":"06","nombre":"Buenos Aires","interseccion":0},"fuente":"IGN","categoria":"Partido","centroide":{"lon":-62.863907773,"lat":-36.497100216}}},
{"type":"Feature","geometry":{"type":"Polygon","coordinates":[[[-58.553764,-34.530205],[-58.600303,-34.490354],[-58.562314,-34.591405],[-58.522972,-34.597563],[-58.50996,-34.569205],[-58.553764,-34.530205]]]},"properties":{"id":"06371","nombre":"General San Martín","nombre_completo":"Partido General San Martín","provincia":{"id":"06","nombre":"Buenos Aires","interseccion":0},"fuente":"IGN","categoria":"Partido","centroide":{"lon":-58.564282176,"lat":-34.552771918}}},
{"type":"Feature","geometry":{"type":"Polygon","coordinates":[[[-61.204736,-34.702486],[-61.246724,-34.668183],[-61.338484,-34.592169],[-61.436411,-34.671162],[-61.516405,-34.603201],[-61.644585,-34.683654],[-61.772899,-34.676405],[-61.673472,-34.760952],[-61.902716,-34.952754],[-61.9832,-34.886031],[-62.185372,-35.0507],[-62.166223,-35.067128],[-62.270612,-35.151768],[-62.210043,-35.201858],[-62.225018,-35.214139],[-61.783275,-35.585449],[-61.300941,-35.185202],[-61.419742,-35.087908],[-61.127689,-34.847407],[-61.182368,-34.802214],[-61.151165,-34.777206],[-61.222551,-34.717368],[-61.204736,-34.702486]]]},"properties":{"id":"06469","nombre":"Lincoln","nombre_completo":"Partido de Lincoln","provincia":{"id":"06","nombre":"Buenos Aires","interseccion":0},"fuente":"IGN","categoria":"Partido","centroide":{"lon":-61.682458385,"lat":-35.07044797}}},
{"type":"Feature","geometry":{"type":"Polygon","coordinates":[[[-60.471735,-37.349229],[-60.731738,-37.140234],[-60.814527,-37.051239],[-61.010956,-37.203526],[-60.891327,-37.302355],[-60.975452,-37.36813],[-60.878539,-37.451456],[-61.178034,-37.680843],[-60.851948,-37.940792],[-60.556671,-37.720854],[-60.58083,-37.700807],[-60.452736,-37.601036],[-60.46588,-37.590272],[-60.349195,-37.496044],[-60.471735,-37.349229]]]},"properties":{"id":"06448","nombre":"Laprida","nombre_completo":"Partido de Laprida","provincia":{"id":"06","nombre":"Buenos Aires","interseccion":0},"fuente":"IGN","categoria":"Partido","centroide":{"lon":-60.768148181,"lat":-37.516505585}}},
{"type":"Feature","geometry":{"type":"Polygon","coordinates":[[[-58.553764,-34.530205],[-58.514155,-34.443526],[-58.600303,-34.490354],[-58.553764,-34.530205]]]},"properties":{"id":"06756","nombre":"San Isidro","nombre_completo":"Partido de San Isidro","provincia":{"id":"06","nombre":"Buenos Aires","interseccion":0},"fuente":"IGN","categoria":"Partido","centroide":{"lon":-58.537209077,"lat":-34.486892954}}},
{"type":"Feature","geometry":{"type":"Polygon","coordinates":[[[-59.986742,-37.339941],[-60.200584,-37.178043],[-60.437154,-37.376819],[-60.471735,-37.349229],[-60.349195,-37.496044],[-60.46588,-37.590272],[-60.378022,-37.662685],[-60.424207,-37.697668],[-60.323435,-37.776369],[-60.261959,-37.728752],[-60.018164,-37.860745],[-59.936614,-37.794446],[-59.673675,-37.979546],[-59.383349,-37.758604],[-59.225977,-37.650843],[-59.779743,-37.238388],[-59.811552,-37.256322],[-59.826494,-37.31093],[-59.953258,-37.447512],[-59.986742,-37.339941]]]},"properties":{"id":"06084","nombre":"Benito Juárez","nombre_completo":"Partido de Benito Juárez","provincia":{"id":"06","nombre":"Buenos Aires","interseccion":0},"fuente":"IGN","categoria":"Partido","centroide":{"lon":-59.888397841,"lat":-37.586110706}}},
{"type":"Feature","geometry":{"type":"Polygon","coordinates":[[[-61.062694,-34.039381],[-60.942796,-33.85686],[-60.810809,-33.674801],[-60.910431,-33.580894],[-60.934033,-33.654727],[-61.331409,-34.025678],[-61.209891,-34.125642],[-61.175017,-34.095284],[-61.062694,-34.039381]]]},"properties":{"id":"06175","nombre":"Colón","nombre_completo":"Partido de Colón","provincia":{"id":"06","nombre":"Buenos Aires","interseccion":0},"fuente":"IGN","categoria":"Partido","centroide":{"lon":-61.062483729,"lat":-33.885864544}}},
{"type":"Feature","geometry":{"type":"Polygon","coordinates":[[[-58.653486,-34.631612],[-58.693934,-34.593742],[-58.729025,-34.634784],[-58.667381,-34.685988],[-58.653486,-34.631612]]]},"properties":{"id":"06410","nombre":"Ituzaingó","nombre_completo":"Partido de Ituzaingó","provincia":{"id":"06","nombre":"Buenos Aires","interseccion":0},"fuente":"IGN","categoria":"Partido","centroide":{"lon":-58.688759516,"lat":-34.636071612}}},
{"type":"Feature","geometry":{"type":"Polygon","coordinates":[[[-58.267461,-34.773646],[-58.298454,-34.783439],[-58.304114,-34.801165],[-58.309779,-34.793387],[-58.292471,-34.854868],[-58.274607,-34.91706],[-58.316317,-34.926331],[-58.288205,-34.965044],[-58.300786,-34.971682],[-58.277172,-35.009418],[-58.211085,-34.951783],[-58.247414,-34.923592],[-58.179871,-34.866004],[-58.267461,-34.773646]]]},"properties":{"id":"06274","nombre":"Florencio Varela","nombre_completo":"Partido de Florencio Varela","provincia":{"id":"06","nombre":"Buenos Aires","interseccion":0},"fuente":"IGN","categoria":"Partido","centroide":{"lon":-58.258554886,"lat":-34.877744824}}},
{"type":"Feature","geometry":{"type":"Polygon","coordinates":[[[-61.712556,-26.809114],[-62.504024,-26.83267],[-62.928476,-26.820257],[-63.233593,-26.794241],[-63.223496,-27.728033],[-62.884297,-27.819759],[-62.674182,-27.820274],[-62.674439,-27.798176],[-62.231979,-27.819882],[-62.231422,-27.790473],[-61.711901,-27.797181],[-61.712556,-26.809114]]]},"properties":{"id":"86119","nombre":"Moreno","nombre_completo":"Departamento Moreno","provincia":{"id":"86","nombre":"Santiago del Estero","interseccion":0},"fuente":"IGN","categoria":"Departamento","centroide":{"lon":-62.463902654,"lat":-27.298200656}}},
{"type":"Feature","geometry":{"type":"Polygon","coordinates":[[[-60.820796,-27.370182],[-61.7125,-26.755076],[-61.712679,-26.928197],[-60.997214,-27.417701],[-60.997165,-27.400119],[-60.909425,-27.399847],[-60.820796,-27.370182]]]},"properties":{"id":"22028","nombre":"Chacabuco","nombre_completo":"Departamento Chacabuco","provincia":{"id":"22","nombre":"Chaco","interseccion":0},"fuente":"IGN","categoria":"Departamento","centroide":{"lon":-61.308834951,"lat":-27.115350264}}},
{"type":"Feature","geometry":{"type":"Polygon","coordinates":[[[-58.316317,-34.926331],[-58.394616,-34.958878],[-58.408331,-34.97787],[-58.430381,-34.978061],[-58.468702,-35.011275],[-58.463054,-34.951454],[-58.55317,-34.976277],[-58.600439,-35.052424],[-58.577919,-35.151662],[-58.46797,-35.238425],[-58.414816,-35.185434],[-58.35271,-35.137863],[-58.338844,-35.148527],[-58.288398,-35.017265],[-58.277172,-35.009418],[-58.300786,-34.971682],[-58.288205,-34.965044],[-58.316317,-34.926331]]]},"properties":{"id":"06778","nombre":"San Vicente","nombre_completo":"Partido de San Vicente","provincia":{"id":"06","nombre":"Buenos Aires","interseccion":0},"fuente":"IGN","categoria":"Partido","centroide":{"lon":-58.43181206,"lat":-35.071508717}}},
{"type":"Feature","geometry":{"type":"Polygon","coordinates":[[[-66.734711,-28.852306],[-66.836624,-28.627951],[-67.011925,-28.603785],[-67.06469,-28.652649],[-67.068665,-28.71863],[-67.142181,-28.848173],[-66.86219,-29.174427],[-66.832169,-29.151594],[-66.734711,-28.852306]]]},"properties":{"id":"46021","nombre":"Castro Barros","nombre_completo":"Departamento Castro Barros","provincia":{"id":"46","nombre":"La Rioja","interseccion":0},"fuente":"IGN","categoria":"Departamento","centroide":{"lon":-66.918584756,"lat":-28.859982948}}},
{"type":"Feature","geometry":{"type":"Polygon","coordinates":[[[-58.354633,-37.439849],[-58.427186,-37.500668],[-58.577112,-37.383977],[-58.809127,-37.578725],[-58.507343,-37.805742],[-58.591233,-37.877994],[-58.255909,-38.130861],[-57.733569,-37.697775],[-58.16358,-37.38824],[-58.282658,-37.492092],[-58.354633,-37.439849]]]},"properties":{"id":"06063","nombre":"Balcarce","nombre_completo":"Partido de Balcarce","provincia":{"id":"06","nombre":"Buenos Aires","interseccion":0},"fuente":"IGN","categoria":"Partido","centroide":{"lon":-58.271747562,"lat":-37.714619808}}},
{"type":"Feature","geometry":{"type":"Polygon","coordinates":[[[-61.436136,-36.039237],[-61.491487,-36.019098],[-61.921176,-36.288428],[-61.974442,-36.333632],[-62.014961,-36.300641],[-62.048248,-36.325905],[-61.763409,-36.524946],[-61.406099,-36.240961],[-61.439692,-36.214419],[-61.269755,-36.071098],[-61.393404,-36.071812],[-61.436136,-36.039237]]]},"properties":{"id":"06406","nombre":"Hipólito Yrigoyen","nombre_completo":"Partido de Hipólito Yrigoyen","provincia":{"id":"06","nombre":"Buenos Aires","interseccion":0},"fuente":"IGN","categoria":"Partido","centroide":{"lon":-61.660187626,"lat":-36.259189021}}},
{"type":"Feature","geometry":{"type":"Polygon","coordinates":[[[-68.837605,-32.904557],[-68.958219,-32.863462],[-68.9582,-32.904577],[-68.837605,-32.904557]]]},"properties":{"id":"50007","nombre":"Capital","nombre_completo":"Departamento Capital","provincia":{"id":"50","nombre":"Mendoza","interseccion":0},"fuente":"IGN","categoria":"Departamento","centroide":{"lon":-68.893648802,"lat":-32.882896044}}},
{"type":"Feature","geometry":{"type":"Polygon","coordinates":[[[-57.417854,-36.157623],[-57.645064,-36.107086],[-57.883506,-36.302138],[-57.971748,-36.263965],[-57.775461,-36.437637],[-57.848529,-36.555173],[-57.776365,-36.634535],[-57.653985,-36.728099],[-57.49374,-36.581361],[-57.464357,-36.570926],[-57.342985,-36.366172],[-57.473263,-36.340341],[-57.417854,-36.157623]]]},"properties":{"id":"06238","nombre":"Dolores","nombre_completo":"Partido de Dolores","provincia":{"id":"06","nombre":"Buenos Aires","interseccion":0},"fuente":"IGN","categoria":"Partido","centroide":{"lon":-57.631926124,"lat":-36.398937673}}},
{"type":"Feature","geometry":{"type":"Polygon","coordinates":[[[-63.233593,-26.794241],[-63.378395,-26.764093],[-63.37839,-26.887997],[-63.548504,-26.925532],[-63.823954,-26.924318],[-63.989021,-26.904399],[-63.989981,-27.030282],[-63.988654,-27.558675],[-63.879992,-27.644795],[-63.879814,-27.655762],[-63.660508,-27.817632],[-63.580909,-27.867016],[-63.495502,-27.824068],[-63.223496,-27.728033],[-63.233593,-26.794241]]]},"properties":{"id":"86070","nombre":"Figueroa","nombre_completo":"Departamento Figueroa","provincia":{"id":"86","nombre":"Santiago del Estero","interseccion":0},"fuente":"IGN","categoria":"Departamento","centroide":{"lon":-63.579632022,"lat":-27.32185675}}},
{"type":"Feature","geometry":{"type":"Polygon","coordinates":[[[-61.129842,-27.635325],[-61.019432,-27.634928],[-61.02235,-27.478218],[-61.571168,-27.480193],[-61.568326,-27.794833],[-61.240145,-27.794178],[-61.129842,-27.635325]]]},"properties":{"id":"22039","nombre":"2 de Abril","nombre_completo":"Departamento 2 de Abril","provincia":{"id":"22","nombre":"Chaco","interseccion":0},"fuente":"IGN","categoria":"Departamento","centroide":{"lon":-61.328951956,"lat":-27.619855156}}},
{"type":"Feature","geometry":{"type":"Polygon","coordinates":[[[-66.480667,-31.095749],[-67.066866,-31.084046],[-67.101229,-31.382986],[-66.951966,-31.633298],[-66.868184,-31.633298],[-66.825261,-31.761347],[-66.505257,-31.767111],[-66.311188,-31.826946],[-66.260788,-31.685463],[-66.356789,-31.431215],[-66.265259,-31.203176],[-66.308075,-31.18865],[-66.480667,-31.095749]]]},"properties":{"id":"46112","nombre":"Rosario Vera Peñaloza","nombre_completo":"Departamento Rosario Vera Peñaloza","provincia":{"id":"46","nombre":"La Rioja","interseccion":0},"fuente":"IGN","categoria":"Departamento","centroide":{"lon":-66.67416413,"lat":-31.422983453}}},
{"type":"Feature","geometry":{"type":"Polygon","coordinates":[[[-57.096832,-27.665062],[-56.944241,-27.572044],[-56.974307,-27.495234],[-57.254562,-27.473549],[-57.593285,-27.766373],[-57.777597,-27.971318],[-57.627571,-28.136196],[-57.658833,-28.410524],[-57.644291,-28.419729],[-57.442059,-28.269846],[-57.354622,-27.934608],[-57.096832,-27.665062]]]},"properties":{"id":"18154","nombre":"San Miguel","nombre_completo":"Departamento San Miguel","provincia":{"id":"18","nombre":"Corrientes","interseccion":0},"fuente":"IGN","categoria":"Departamento","centroide":{"lon":-57.410042173,"lat":-27.875859657}}},
{"type":"Feature","geometry":{"type":"Polygon","coordinates":[[[-58.596397,-27.647038],[-58.727235,-27.627213],[-58.804003,-27.654654],[-58.809708,-27.783407],[-58.829262,-27.961873],[-58.857739,-28.011612],[-58.859734,-28.050318],[-58.952965,-28.137106],[-59.087635,-28.171772],[-59.087678,-28.20177],[-59.061775,-28.192995],[-59.030342,-28.190832],[-59.0116,-28.187397],[-58.992298,-28.17289],[-58.817584,-28.122003],[-58.638569,-28.039007],[-58.630909,-28.022553],[-58.580823,-27.995351],[-58.465427,-27.97023],[-58.438828,-27.994385],[-58.303917,-27.953382],[-58.328262,-27.85288],[-58.396679,-27.858402],[-58.385864,-27.784874],[-58.601025,-27.718502],[-58.596397,-27.647038]]]},"properties":{"id":"18042","nombre":"Empedrado","nombre_completo":"Departamento Empedrado","provincia":{"id":"18","nombre":"Corrientes","interseccion":0},"fuente":"IGN","categoria":"Departamento","centroide":{"lon":-58.6658403,"lat":-27.896112665}}},
{"type":"Feature","geometry":{"type":"Polygon","coordinates":[[[-68.637709,-32.833743],[-68.826347,-32.876739],[-68.839026,-32.929283],[-68.825678,-32.92201],[-68.721265,-32.944761],[-68.66137,-32.915592],[-68.651205,-32.841694],[-68.637709,-32.833743]]]},"properties":{"id":"50028","nombre":"Guaymallén","nombre_completo":"Departamento Guaymallén","provincia":{"id":"50","nombre":"Mendoza","interseccion":0},"fuente":"IGN","categoria":"Departamento","centroide":{"lon":-68.733303493,"lat":-32.892974815}}},
{"type":"Feature","geometry":{"type":"Polygon","coordinates":[[[-64.109771,-27.972601],[-64.221793,-27.990761],[-64.245306,-28.093531],[-64.414355,-28.062522],[-64.451506,-28.195959],[-64.484102,-28.189785],[-64.512373,-28.316551],[-64.551091,-28.318785],[-64.481627,-28.331162],[-64.490714,-28.371333],[-64.263101,-28.340789],[-64.178114,-28.282591],[-64.062539,-28.196029],[-64.109771,-27.972601]]]},"properties":{"id":"86189","nombre":"Silípica","nombre_completo":"Departamento Silípica","provincia":{"id":"86","nombre":"Santiago del Estero","interseccion":0},"fuente":"IGN","categoria":"Departamento","centroide":{"lon":-64.273268381,"lat":-28.188848659}}},
{"type":"Feature","geometry":{"type":"Polygon","coordinates":[[[-64.480943,-35.011517],[-64.581785,-35.011527],[-65.106759,-35.01533],[-65.107583,-35.801212],[-64.4932,-35.810673],[-64.480943,-35.011517]]]},"properties":{"id":"42126","nombre":"Rancul","nombre_completo":"Departamento Rancul","provincia":{"id":"42","nombre":"La Pampa","interseccion":0},"fuente":"IGN","categoria":"Departamento","centroide":{"lon":-64.79620577,"lat":-35.408324405}}},
{"type":"Feature","geometry":{"type":"Polygon","coordinates":[[[-68.456153,-32.869302],[-68.60439,-32.838917],[-68.65114,-32.858402],[-68.66137,-32.915592],[-68.721265,-32.944761],[-68.803681,-32.927213],[-68.843224,-32.978389],[-68.865152,-33.048912],[-68.701096,-33.115999],[-68.604659,-33.095339],[-68.579034,-33.034002],[-68.470197,-32.921438],[-68.456153,-32.869302]]]},"properties":{"id":"50070","nombre":"Maipú","nombre_completo":"Departamento Maipú","provincia":{"id":"50","nombre":"Mendoza","interseccion":0},"fuente":"IGN","categoria":"Departamento","centroide":{"lon":-68.656313363,"lat":-32.979749564}}},
{"type":"Feature","geometry":{"type":"Polygon","coordinates":[[[-63.385171,-36.807848],[-63.952545,-36.806188],[-64.169899,-36.805552],[-64.174235,-37.25687],[-63.38534,-37.258935],[-63.385171,-36.807848]]]},"properties":{"id":"42007","nombre":"Atreucó","nombre_completo":"Departamento Atreucó","provincia":{"id":"42","nombre":"La Pampa","interseccion":0},"fuente":"IGN","categoria":"Departamento","centroide":{"lon":-63.778884953,"lat":-37.032494404}}},
{"type":"Feature","geometry":{"type":"Polygon","coordinates":[[[-67.958553,-32.738206],[-68.3662,-32.767372],[-68.444515,-32.802454],[-68.46287,-32.825933],[-68.46639,-32.85624],[-68.455331,-32.866179],[-68.466533,-32.914737],[-68.494439,-32.957678],[-68.561139,-33.011795],[-68.580615,-33.068545],[-68.490287,-33.123024],[-68.447926,-33.1],[-68.287805,-33.188638],[-68.284953,-33.058801],[-68.125546,-33.000081],[-68.123112,-32.838598],[-67.957764,-32.84504],[-67.958553,-32.738206]]]},"properties":{"id":"50098","nombre":"San Martín","nombre_completo":"Departamento San Martín","provincia":{"id":"50","nombre":"Mendoza","interseccion":0},"fuente":"IGN","categoria":"Departamento","centroide":{"lon":-68.288845865,"lat":-32.914038166}}},
{"type":"Feature","geometry":{"type":"Polygon","coordinates":[[[-64.180216,-37.707772],[-63.385486,-37.707647],[-63.38534,-37.258935],[-64.174235,-37.25687],[-64.180216,-37.707772]]]},"properties":{"id":"42070","nombre":"Guatraché","nombre_completo":"Departamento Guatraché","provincia":{"id":"42","nombre":"La Pampa","interseccion":0},"fuente":"IGN","categoria":"Departamento","centroide":{"lon":-63.78130813,"lat":-37.483647147}}},
{"type":"Feature","geometry":{"type":"Polygon","coordinates":[[[-66.86219,-29.174427],[-67.142181,-28.848173],[-67.199104,-29.113386],[-67.218681,-29.136675],[-67.180923,-29.274517],[-67.150635,-29.295511],[-67.029678,-29.427347],[-66.948204,-29.361061],[-66.898094,-29.254398],[-66.86219,-29.174427]]]},"properties":{"id":"46126","nombre":"Sanagasta","nombre_completo":"Departamento Sanagasta","provincia":{"id":"46","nombre":"La Rioja","interseccion":0},"fuente":"IGN","categoria":"Departamento","centroide":{"lon":-67.065883634,"lat":-29.15852697}}},
{"type":"Feature","geometry":{"type":"Polygon","coordinates":[[[-64.4932,-35.810673],[-65.107583,-35.801212],[-65.107769,-35.979113],[-65.050417,-35.980454],[-65.056547,-36.254714],[-63.942909,-36.265613],[-63.939771,-35.814017],[-64.4932,-35.810673]]]},"properties":{"id":"42035","nombre":"Conhelo","nombre_completo":"Departamento Conhelo","provincia":{"id":"42","nombre":"La Pampa","interseccion":0},"fuente":"IGN","categoria":"Departamento","centroide":{"lon":-64.50864922,"lat":-36.032004391}}},
{"type":"Feature","geometry":{"type":"Polygon","coordinates":[[[-54.700954,-26.979055],[-54.801548,-26.649533],[-54.942158,-26.68238],[-55.206881,-26.999223],[-55.179983,-27.026716],[-55.011556,-27.062222],[-54.953859,-27.082729],[-54.886254,-26.981522],[-54.786473,-27.007869],[-54.757942,-27.052281],[-54.73049,-27.044876],[-54.756532,-26.946596],[-54.700954,-26.979055]]]},"properties":{"id":"54077","nombre":"Libertador General San Martín","nombre_completo":"Departamento Libertador General San Martín","provincia":{"id":"54","nombre":"Misiones","interseccion":0},"fuente":"IGN","categoria":"Departamento","centroide":{"lon":-54.923362961,"lat":-26.89314489}}},
{"type":"Feature","geometry":{"type":"Polygon","coordinates":[[[-59.853503,-26.304214],[-60.001517,-26.303593],[-60.005749,-26.702958],[-60.088585,-26.673782],[-60.272489,-27.09494],[-60.21229,-27.116055],[-60.212945,-27.285073],[-60.011302,-27.286396],[-60.011123,-27.196274],[-59.98301,-27.196502],[-60.03718,-27.177625],[-59.854078,-26.755302],[-59.852453,-26.530181],[-59.803646,-26.530884],[-59.803496,-26.319286],[-59.853503,-26.304214]]]},"properties":{"id":"22168","nombre":"25 de Mayo","nombre_completo":"Departamento 25 de Mayo","provincia":{"id":"22","nombre":"Chaco","interseccion":0},"fuente":"IGN","categoria":"Departamento","centroide":{"lon":-60.018459486,"lat":-26.817040614}}},
{"type":"Feature","geometry":{"type":"Polygon","coordinates":[[[-66.582443,-30.739527],[-66.778694,-30.573494],[-66.781296,-30.534712],[-67.507849,-30.515677],[-67.419492,-30.61997],[-67.282792,-30.69528],[-67.08207,-30.916096],[-67.116441,-31.016001],[-67.066866,-31.084046],[-66.480667,-31.095749],[-66.325699,-30.7929],[-66.384712,-30.676701],[-66.582443,-30.739527]]]},"properties":{"id":"46070","nombre":"General Juan Facundo Quiroga","nombre_completo":"Departamento General Juan Facundo Quiroga","provincia":{"id":"46","nombre":"La Rioja","interseccion":0},"fuente":"IGN","categoria":"Departamento","centroide":{"lon":-66.867857195,"lat":-30.800638253}}},
{"type":"Feature","geometry":{"type":"Polygon","coordinates":[[[-66.482239,-30.186424],[-66.632248,-30.110188],[-66.609161,-29.849079],[-66.847237,-29.829662],[-66.861015,-30.403578],[-66.900223,-30.466921],[-66.917076,-30.531256],[-66.781296,-30.534712],[-66.778694,-30.573494],[-66.582443,-30.739527],[-66.384712,-30.676701],[-66.371567,-30.530653],[-66.371796,-30.509699],[-66.501007,-30.26815],[-66.482239,-30.186424]]]},"properties":{"id":"46056","nombre":"Ángel Vicente Peñaloza","nombre_completo":"Departamento Ángel Vicente Peñaloza","provincia":{"id":"46","nombre":"La Rioja","interseccion":0},"fuente":"IGN","categoria":"Departamento","centroide":{"lon":-66.663052119,"lat":-30.312897539}}},
{"type":"Feature","geometry":{"type":"Polygon","coordinates":[[[-67.090042,-29.405514],[-67.150635,-29.295511],[-67.180923,-29.274517],[-67.218681,-29.136675],[-67.199104,-29.113386],[-67.215881,-29.013229],[-67.839699,-29.018673],[-67.858154,-29.14085],[-67.833725,-29.265781],[-67.767906,-29.354204],[-67.722733,-29.441338],[-67.536797,-29.786135],[-66.976273,-29.818956],[-67.10141,-29.430021],[-67.090042,-29.405514]]]},"properties":{"id":"46042","nombre":"Chilecito","nombre_completo":"Departamento Chilecito","provincia":{"id":"46","nombre":"La Rioja","interseccion":0},"fuente":"IGN","categoria":"Departamento","centroide":{"lon":-67.427886789,"lat":-29.395937475}}},
{"type":"Feature","geometry":{"type":"Polygon","coordinates":[[[-64.499617,-36.260164],[-65.056547,-36.254714],[-65.071335,-36.977222],[-64.172098,-36.986759],[-64.170455,-36.716355],[-64.505383,-36.622327],[-64.499617,-36.260164]]]},"properties":{"id":"42140","nombre":"Toay","nombre_completo":"Departamento Toay","provincia":{"id":"42","nombre":"La Pampa","interseccion":0},"fuente":"IGN","categoria":"Departamento","centroide":{"lon":-64.692211015,"lat":-36.662162153}}},
{"type":"Feature","geometry":{"type":"Polygon","coordinates":[[[-61.470455,-33.380616],[-61.607372,-33.286881],[-61.910255,-33.511215],[-61.927967,-33.411744],[-62.131135,-33.397569],[-62.883909,-34.38655],[-61.719753,-34.385555],[-61.125074,-33.833905],[-61.416516,-33.45054],[-61.347199,-33.413215],[-61.382702,-33.366514],[-61.452371,-33.404411],[-61.470455,-33.380616]]]},"properties":{"id":"82042","nombre":"General López","nombre_completo":"Departamento General López","provincia":{"id":"82","nombre":"Santa Fe","interseccion":0},"fuente":"IGN","categoria":"Departamento","centroide":{"lon":-61.939680212,"lat":-33.922189821}}},
{"type":"Feature","geometry":{"type":"Polygon","coordinates":[[[-61.471675,-34.307407],[-61.549084,-34.303386],[-61.648388,-34.319473],[-61.719753,-34.385555],[-61.81615,-34.385601],[-61.983941,-34.518249],[-61.84537,-34.637413],[-61.769608,-34.576422],[-61.644585,-34.683654],[-61.516405,-34.603201],[-61.436411,-34.671162],[-61.275199,-34.541214],[-61.355509,-34.473947],[-61.329167,-34.453145],[-61.395408,-34.373502],[-61.471675,-34.307407]]]},"properties":{"id":"06462","nombre":"Leandro N. Alem","nombre_completo":"Partido de Leandro N. Alem","provincia":{"id":"06","nombre":"Buenos Aires","interseccion":0},"fuente":"IGN","categoria":"Partido","centroide":{"lon":-61.612587474,"lat":-34.49856528}}},
{"type":"Feature","geometry":{"type":"Polygon","coordinates":[[[-58.611001,-26.681494],[-58.688445,-26.603981],[-58.898378,-26.791815],[-58.953739,-26.785787],[-58.95922,-27.091385],[-58.870335,-27.137748],[-58.777981,-27.217149],[-58.759196,-27.244611],[-58.76782,-27.323376],[-58.77281,-27.378201],[-58.756281,-27.383495],[-58.668787,-27.359092],[-58.616488,-27.318632],[-58.652207,-27.130556],[-58.378236,-26.879842],[-58.611001,-26.681494]]]},"properties":{"id":"22014","nombre":"Bermejo","nombre_completo":"Departamento Bermejo","provincia":{"id":"22","nombre":"Chaco","interseccion":0},"fuente":"IGN","categoria":"Departamento","centroide":{"lon":-58.709116096,"lat":-26.958042152}}},
{"type":"Feature","geometry":{"type":"Polygon","coordinates":[[[-64.315097,-31.802406],[-64.378596,-31.845669],[-64.426511,-31.857202],[-64.527435,-31.852062],[-64.547318,-31.88088],[-64.928818,-31.909292],[-64.961366,-32.281971],[-64.9528,-32.308596],[-64.941407,-32.298344],[-64.929844,-32.42325],[-64.889945,-32.579575],[-64.550088,-32.63082],[-64.426096,-32.379883],[-64.24569,-32.39011],[-64.245641,-32.326942],[-64.293479,-32.31822],[-64.277539,-32.141073],[-64.223441,-31.912441],[-64.288253,-31.949969],[-64.315097,-31.802406]]]},"properties":{"id":"14007","nombre":"Calamuchita","nombre_completo":"Departamento Calamuchita","provincia":{"id":"14","nombre":"Córdoba","interseccion":0},"fuente":"IGN","categoria":"Departamento","centroide":{"lon":-64.615172561,"lat":-32.202059131}}},
{"type":"Feature","geometry":{"type":"Polygon","coordinates":[[[-65.099867,-26.755742],[-65.159546,-26.814934],[-65.246031,-26.997526],[-65.121313,-27.025949],[-65.046546,-27.015125],[-64.781173,-27.076613],[-64.766864,-27.014813],[-64.742586,-27.00441],[-64.719839,-26.834564],[-65.099867,-26.755742]]]},"properties":{"id":"90014","nombre":"Cruz Alta","nombre_completo":"Departamento Cruz Alta","provincia":{"id":"90","nombre":"Tucumán","interseccion":0},"fuente":"IGN","categoria":"Departamento","centroide":{"lon":-64.973864227,"lat":-26.918003685}}},
{"type":"Feature","geometry":{"type":"Polygon","coordinates":[[[-65.770831,-31.368347],[-66.265259,-31.203176],[-66.356789,-31.431215],[-66.260788,-31.685463],[-66.311188,-31.826946],[-66.505257,-31.767111],[-66.825261,-31.761347],[-66.777513,-31.83992],[-66.661788,-31.920536],[-66.604538,-31.923379],[-66.34944,-31.998398],[-65.979026,-31.889163],[-65.770397,-31.889004],[-65.770831,-31.368347]]]},"properties":{"id":"46091","nombre":"General San Martín","nombre_completo":"Departamento General San Martín","provincia":{"id":"46","nombre":"La Rioja","interseccion":0},"fuente":"IGN","categoria":"Departamento","centroide":{"lon":-66.14581623,"lat":-31.641465143}}},
{"type":"Feature","geometry":{"type":"Polygon","coordinates":[[[-65.515817,-26.748104],[-65.651388,-26.756759],[-65.710847,-26.738778],[-65.633837,-26.811309],[-65.466172,-26.882512],[-65.364846,-27.00096],[-65.314751,-27.010012],[-65.300534,-27.02012],[-65.314031,-26.986476],[-65.294798,-26.921271],[-65.251082,-26.973261],[-65.256503,-27.022298],[-65.230027,-26.868452],[-65.270578,-26.836108],[-65.432373,-26.815303],[-65.515817,-26.748104]]]},"properties":{"id":"90063","nombre":"Lules","nombre_completo":"Departamento Lules","provincia":{"id":"90","nombre":"Tucumán","interseccion":0},"fuente":"IGN","categoria":"Departamento","centroide":{"lon":-65.431024594,"lat":-26.862235346}}},
{"type":"Feature","geometry":{"type":"Polygon","coordinates":[[[-65.396307,-26.786624],[-65.427432,-26.710289],[-65.427162,-26.767596],[-65.444312,-26.799842],[-65.432373,-26.815303],[-65.270578,-26.836108],[-65.258597,-26.751374],[-65.359718,-26.725498],[-65.396307,-26.786624]]]},"properties":{"id":"90119","nombre":"Yerba Buena","nombre_completo":"Departamento Yerba Buena","provincia":{"id":"90","nombre":"Tucumán","interseccion":0},"fuente":"IGN","categoria":"Departamento","centroide":{"lon":-65.341173927,"lat":-26.783924472}}},
{"type":"Feature","geometry":{"type":"Polygon","coordinates":[[[-66.942561,-28.266171],[-67.07466,-28.270193],[-67.155443,-28.384407],[-67.375305,-28.384526],[-67.446399,-28.368021],[-67.437355,-28.417009],[-67.300072,-28.49814],[-67.26223,-28.537127],[-67.258049,-28.73811],[-67.225487,-28.850174],[-67.174805,-28.905529],[-67.068665,-28.71863],[-67.06469,-28.652649],[-66.987709,-28.479774],[-66.942561,-28.266171]]]},"properties":{"id":"46119","nombre":"San Blas de Los Sauces","nombre_completo":"Departamento San Blas de Los Sauces","provincia":{"id":"46","nombre":"La Rioja","interseccion":0},"fuente":"IGN","categoria":"Departamento","centroide":{"lon":-67.158135297,"lat":-28.543293844}}},
{"type":"Feature","geometry":{"type":"Polygon","coordinates":[[[-65.722338,-26.521405],[-65.721542,-26.542421],[-65.755589,-26.601056],[-65.694986,-26.717768],[-65.651388,-26.756759],[-65.515817,-26.748104],[-65.444312,-26.799842],[-65.427162,-26.767596],[-65.429553,-26.705564],[-65.396307,-26.786624],[-65.359718,-26.725498],[-65.258597,-26.751374],[-65.160966,-26.790937],[-65.191804,-26.640974],[-65.171896,-26.578423],[-65.191423,-26.580735],[-65.183405,-26.533293],[-65.221235,-26.571436],[-65.234039,-26.580618],[-65.330495,-26.610282],[-65.392534,-26.619881],[-65.55989,-26.534774],[-65.650987,-26.524504],[-65.722338,-26.521405]]]},"properties":{"id":"90105","nombre":"Tafí Viejo","nombre_completo":"Departamento Tafí Viejo","provincia":{"id":"90","nombre":"Tucumán","interseccion":0},"fuente":"IGN","categoria":"Departamento","centroide":{"lon":-65.46407393,"lat":-26.660149145}}},
{"type":"Feature","geometry":{"type":"Polygon","coordinates":[[[-60.992731,-26.841964],[-60.989993,-26.661331],[-61.33222,-26.658346],[-61.335665,-26.839113],[-61.189714,-26.840672],[-61.215135,-26.870445],[-60.817034,-27.142401],[-60.816236,-26.90229],[-60.992731,-26.841964]]]},"properties":{"id":"22049","nombre":"General Belgrano","nombre_completo":"Departamento General Belgrano","provincia":{"id":"22","nombre":"Chaco","interseccion":0},"fuente":"IGN","categoria":"Departamento","centroide":{"lon":-61.071333832,"lat":-26.847815755}}},
{"type":"Feature","geometry":{"type":"Polygon","coordinates":[[[-57.82723,-25.759365],[-58.152691,-25.562923],[-58.220619,-25.560408],[-58.22121,-25.587954],[-58.604973,-25.583075],[-58.604748,-25.777243],[-58.925861,-25.778561],[-58.926033,-26.185305],[-58.757656,-26.183554],[-58.505394,-26.173637],[-58.504131,-26.343353],[-58.267353,-26.344185],[-58.215852,-26.384135],[-58.10472,-26.23274],[-58.15786,-26.179928],[-57.852243,-26.0052],[-57.82723,-25.759365]]]},"properties":{"id":"34014","nombre":"Formosa","nombre_completo":"Departamento Formosa","provincia":{"id":"34","nombre":"Formosa","interseccion":0},"fuente":"IGN","categoria":"Departamento","centroide":{"lon":-58.377317449,"lat":-25.939635232}}},
{"type":"Feature","geometry":{"type":"Polygon","coordinates":[[[-57.82723,-25.759365],[-57.610795,-25.610647],[-57.574304,-25.427221],[-57.861132,-25.08159],[-58.224653,-24.927106],[-58.380844,-24.956244],[-58.378353,-25.392969],[-58.605171,-25.394346],[-58.604973,-25.583075],[-58.22121,-25.587954],[-58.220619,-25.560408],[-58.152691,-25.562923],[-57.82723,-25.759365]]]},"properties":{"id":"34049","nombre":"Pilcomayo","nombre_completo":"Departamento Pilcomayo","provincia":{"id":"34","nombre":"Formosa","interseccion":0},"fuente":"IGN","categoria":"Departamento","centroide":{"lon":-58.062606265,"lat":-25.370037717}}},
{"type":"Feature","geometry":{"type":"Polygon","coordinates":[[[-69.53138,-43.784729],[-70.99231,-43.760891],[-71.118416,-43.93985],[-71.383881,-43.878906],[-71.649627,-43.934869],[-71.847744,-44.111023],[-71.815067,-44.416117],[-71.17111,-44.439102],[-71.097233,-44.587058],[-71.232634,-44.653839],[-69.918686,-44.678032],[-69.509117,-44.144913],[-69.53138,-43.784729]]]},"properties":{"id":"26098","nombre":"Tehuelches","nombre_completo":"Departamento Tehuelches","provincia":{"id":"26","nombre":"Chubut","interseccion":0},"fuente":"IGN","categoria":"Departamento","centroide":{"lon":-70.576949373,"lat":-44.200144503}}},
{"type":"Feature","geometry":{"type":"Polygon","coordinates":[[[-67.07991,-45.046268],[-67.081383,-45.035164],[-67.094162,-44.678928],[-68.371193,-44.68718],[-68.363119,-45.999898],[-67.595705,-45.999872],[-67.036012,-45.32217],[-66.518652,-45.222898],[-66.599702,-45.139409],[-66.473174,-45.165881],[-66.518652,-45.097977],[-66.363273,-45.061601],[-67.07991,-45.046268]]]},"properties":{"id":"26021","nombre":"Escalante","nombre_completo":"Departamento Escalante","provincia":{"id":"26","nombre":"Chubut","interseccion":0},"fuente":"IGN","categoria":"Departamento","centroide":{"lon":-67.70886492,"lat":-45.282891546}}},
{"type":"Feature","geometry":{"type":"Polygon","coordinates":[[[-64.28324,-30.201891],[-64.269874,-30.116013],[-64.989395,-30.01506],[-65.001871,-30.418516],[-65.033472,-30.475059],[-64.87529,-30.634227],[-64.714851,-30.634132],[-64.714701,-30.689944],[-64.5447,-30.690607],[-64.544228,-30.703803],[-64.514821,-30.703033],[-64.514024,-30.771493],[-64.415741,-30.771534],[-64.262014,-30.812758],[-64.10155,-30.79989],[-64.229003,-30.546101],[-64.29836,-30.465791],[-64.283718,-30.388761],[-64.374801,-30.37859],[-64.356526,-30.197403],[-64.28324,-30.201891]]]},"properties":{"id":"14049","nombre":"Ischilín","nombre_completo":"Departamento Ischilín","provincia":{"id":"14","nombre":"Córdoba","interseccion":0},"fuente":"IGN","categoria":"Departamento","centroide":{"lon":-64.60992802,"lat":-30.398515786}}},
{"type":"Feature","geometry":{"type":"Polygon","coordinates":[[[-63.847102,-30.416595],[-63.963569,-30.414911],[-64.005592,-30.483223],[-64.083312,-30.465693],[-64.298264,-30.463715],[-64.229003,-30.546101],[-64.10155,-30.79989],[-64.262014,-30.812758],[-64.428111,-30.772935],[-64.447189,-30.833415],[-64.438753,-30.913773],[-64.37709,-30.908977],[-64.344229,-30.938237],[-63.991177,-30.918199],[-63.8957,-31.018725],[-63.820109,-30.971573],[-63.728235,-30.93437],[-63.662385,-30.667025],[-63.59851,-30.672191],[-63.565038,-30.534026],[-63.60433,-30.526146],[-63.795702,-30.569191],[-63.847102,-30.416595]]]},"properties":{"id":"14168","nombre":"Totoral","nombre_completo":"Departamento Totoral","provincia":{"id":"14","nombre":"Córdoba","interseccion":0},"fuente":"IGN","categoria":"Departamento","centroide":{"lon":-63.984403989,"lat":-30.726344271}}},
{"type":"Feature","geometry":{"type":"Polygon","coordinates":[[[-63.097012,-32.005467],[-63.18592,-32.095959],[-63.447724,-32.103726],[-63.371241,-32.191024],[-63.542777,-32.261906],[-63.55025,-32.822659],[-63.420808,-32.909828],[-63.345376,-32.861307],[-63.481338,-33.118902],[-63.316603,-33.143264],[-63.30033,-33.081448],[-63.180192,-33.102497],[-63.131754,-32.919097],[-63.0588,-32.632842],[-63.163394,-32.472298],[-62.927381,-32.391462],[-62.878124,-32.157171],[-62.851179,-32.06053],[-62.954107,-32.048133],[-62.951164,-32.03643],[-63.006235,-32.036614],[-63.006308,-32.0215],[-63.097012,-32.005467]]]},"properties":{"id":"14042","nombre":"General San Martín","nombre_completo":"Departamento General San Martín","provincia":{"id":"14","nombre":"Córdoba","interseccion":0},"fuente":"IGN","categoria":"Departamento","centroide":{"lon":-63.256205606,"lat":-32.514322787}}},
{"type":"Feature","geometry":{"type":"Polygon","coordinates":[[[-64.928818,-31.909292],[-65.018725,-31.878588],[-65.044973,-31.872023],[-65.251988,-31.9484],[-65.606366,-31.908465],[-65.245829,-32.089015],[-65.2249,-32.167799],[-65.212045,-32.326736],[-64.97718,-32.321351],[-64.9528,-32.308596],[-64.961366,-32.281971],[-64.928818,-31.909292]]]},"properties":{"id":"14133","nombre":"San Javier","nombre_completo":"Departamento San Javier","provincia":{"id":"14","nombre":"Córdoba","interseccion":0},"fuente":"IGN","categoria":"Departamento","centroide":{"lon":-65.142223607,"lat":-32.076087129}}},
{"type":"Feature","geometry":{"type":"Polygon","coordinates":[[[-63.35698,-30.575861],[-63.565038,-30.534026],[-63.59851,-30.672191],[-63.662385,-30.667025],[-63.728235,-30.93437],[-63.820109,-30.971573],[-63.823204,-31.073393],[-63.953326,-31.346072],[-63.898267,-31.542972],[-63.618982,-31.494092],[-63.365609,-31.315061],[-63.260256,-31.334387],[-63.245916,-31.264816],[-62.83405,-30.932506],[-62.843774,-30.82079],[-62.905775,-30.78579],[-63.030021,-30.695348],[-63.213639,-30.662078],[-63.35698,-30.575861]]]},"properties":{"id":"14105","nombre":"Río Primero","nombre_completo":"Departamento Río Primero","provincia":{"id":"14","nombre":"Córdoba","interseccion":0},"fuente":"IGN","categoria":"Departamento","centroide":{"lon":-63.436114778,"lat":-31.031524076}}},
{"type":"Feature","geometry":{"type":"Polygon","coordinates":[[[-62.182143,-32.063679],[-62.282458,-32.046516],[-62.375949,-32.287481],[-62.245026,-32.32905],[-62.266009,-32.429051],[-62.390519,-32.438148],[-62.486305,-32.679132],[-62.451134,-32.848266],[-62.625234,-33.107962],[-62.520812,-33.127526],[-62.688415,-33.285673],[-62.603344,-33.301353],[-62.645663,-33.358522],[-62.75337,-33.783466],[-62.776693,-33.779326],[-62.805151,-33.895996],[-62.544274,-33.943225],[-61.923249,-33.119581],[-61.771552,-32.901465],[-61.77769,-32.830402],[-61.828402,-32.754511],[-61.946168,-32.651026],[-61.902477,-32.568619],[-61.914512,-32.494664],[-62.011635,-32.347328],[-62.037889,-32.262914],[-62.178877,-32.159422],[-62.19678,-32.11477],[-62.182143,-32.063679]]]},"properties":{"id":"14063","nombre":"Marcos Juárez","nombre_completo":"Departamento Marcos Juárez","provincia":{"id":"14","nombre":"Córdoba","interseccion":0},"fuente":"IGN","categoria":"Departamento","centroide":{"lon":-62.277594705,"lat":-33.030843151}}},
{"type":"Feature","geometry":{"type":"Polygon","coordinates":[[[-59.02824,-27.027387],[-59.170034,-26.899698],[-59.301754,-27.015867],[-59.301067,-26.982091],[-59.351126,-27.027335],[-59.402655,-27.028098],[-59.402909,-27.012435],[-59.553776,-27.012864],[-59.554348,-27.239884],[-59.45973,-27.409983],[-59.26898,-27.247977],[-59.02824,-27.027387]]]},"properties":{"id":"22056","nombre":"General Donovan","nombre_completo":"Departamento General Donovan","provincia":{"id":"22","nombre":"Chaco","interseccion":0},"fuente":"IGN","categoria":"Departamento","centroide":{"lon":-59.346782935,"lat":-27.138889991}}},
{"type":"Feature","geometry":{"type":"Polygon","coordinates":[[[-62.964607,-35.311894],[-63.115413,-35.188868],[-63.139051,-35.128403],[-63.235514,-35.208572],[-63.211173,-35.22897],[-63.347169,-35.300041],[-63.329475,-35.323156],[-63.385707,-35.369724],[-63.385471,-35.883677],[-63.20373,-36.033076],[-62.623811,-35.550743],[-62.777689,-35.408695],[-62.864144,-35.288502],[-62.964607,-35.311894]]]},"properties":{"id":"06679","nombre":"Rivadavia","nombre_completo":"Partido de Rivadavia","provincia":{"id":"06","nombre":"Buenos Aires","interseccion":0},"fuente":"IGN","categoria":"Partido","centroide":{"lon":-63.094761685,"lat":-35.581056986}}},
{"type":"Feature","geometry":{"type":"Polygon","coordinates":[[[-62.789667,-41.024164],[-62.310693,-40.869816],[-62.17454,-40.637533],[-62.489403,-40.317686],[-62.33889,-40.186875],[-62.316131,-39.864953],[-62.166528,-39.830179],[-62.370786,-39.775662],[-62.375086,-39.764014],[-62.616835,-39.548087],[-62.69157,-39.53479],[-63.013383,-39.503276],[-63.383269,-39.328492],[-63.379348,-40.710371],[-62.957589,-40.81811],[-62.789667,-41.024164]]]},"properties":{"id":"06602","nombre":"Patagones","nombre_completo":"Partido de Patagones","provincia":{"id":"06","nombre":"Buenos Aires","interseccion":0},"fuente":"IGN","categoria":"Partido","centroide":{"lon":-62.850802363,"lat":-40.196383308}}},
{"type":"Feature","geometry":{"type":"Polygon","coordinates":[[[-67.014413,-33.10459],[-67.01398,-33.085722],[-67.183481,-33.087025],[-67.18433,-33.128921],[-67.167223,-33.166178],[-67.095979,-33.503497],[-67.065912,-33.549979],[-66.949449,-33.731333],[-66.873256,-33.832946],[-66.666594,-33.957368],[-66.72946,-34.207391],[-66.747999,-34.222447],[-66.78426,-34.232558],[-66.801194,-34.258365],[-66.776119,-34.298614],[-66.802799,-34.305715],[-66.799531,-34.335739],[-66.786874,-34.377675],[-66.795312,-34.411367],[-66.754372,-34.443125],[-66.765167,-34.550917],[-66.712036,-34.628376],[-66.647346,-34.743403],[-66.530084,-34.812145],[-66.447017,-34.8239],[-66.099437,-34.772371],[-65.976425,-34.778612],[-66.009651,-34.712349],[-66.005321,-34.044008],[-66.142375,-34.007197],[-66.11949,-33.860574],[-66.220158,-33.837065],[-66.13569,-33.389875],[-66.110121,-33.383434],[-66.102543,-33.277293],[-66.228309,-33.168576],[-66.215174,-33.129303],[-66.361068,-33.128685],[-66.363213,-33.101792],[-66.515381,-33.108541],[-66.579494,-33.206578],[-66.80995,-33.170396],[-66.973349,-33.140801],[-67.014413,-33.10459]]]},"properties":{"id":"74056","nombre":"Juan Martín de Pueyrredón","nombre_completo":"Departamento Juan Martín de Pueyrredón","provincia":{"id":"74","nombre":"San Luis","interseccion":0},"fuente":"IGN","categoria":"Departamento","centroide":{"lon":-66.502440226,"lat":-33.900714617}}},
{"type":"Feature","geometry":{"type":"Polygon","coordinates":[[[-65.17005,-32.926011],[-65.283225,-32.906557],[-65.479039,-32.95984],[-65.559996,-33.006407],[-65.616629,-33.075557],[-65.607786,-33.285603],[-65.563708,-33.411776],[-65.557004,-33.469822],[-65.786638,-33.438461],[-65.792911,-33.507467],[-66.13569,-33.389875],[-66.220158,-33.837065],[-66.11949,-33.860574],[-66.142375,-34.007197],[-66.005321,-34.044008],[-66.009651,-34.712349],[-65.669827,-34.712299],[-65.567979,-34.668866],[-65.252487,-34.667778],[-65.251982,-34.652965],[-65.105896,-34.65324],[-65.109226,-33.950569],[-65.142999,-33.194775],[-64.999704,-33.002665],[-65.013894,-32.961802],[-65.17005,-32.926011]]]},"properties":{"id":"74035","nombre":"General Pedernera","nombre_completo":"Departamento General Pedernera","provincia":{"id":"74","nombre":"San Luis","interseccion":0},"fuente":"IGN","categoria":"Departamento","centroide":{"lon":-65.559774563,"lat":-33.892224445}}},
{"type":"Feature","geometry":{"type":"Polygon","coordinates":[[[-65.297906,-26.081736],[-65.465396,-26.091277],[-65.548146,-26.087535],[-65.613633,-26.123473],[-65.64006,-26.111039],[-65.688515,-26.117262],[-65.695193,-26.185867],[-65.711897,-26.208357],[-65.722753,-26.2798],[-65.72303,-26.312712],[-65.710922,-26.356503],[-65.725319,-26.386975],[-65.650987,-26.524504],[-65.55989,-26.534774],[-65.392534,-26.619881],[-65.330495,-26.610282],[-65.234039,-26.580618],[-65.221235,-26.571436],[-65.183405,-26.533293],[-65.191156,-26.553675],[-65.167333,-26.553633],[-65.114446,-26.508748],[-65.103048,-26.400048],[-65.044007,-26.318791],[-65.032244,-26.272182],[-65.047239,-26.25575],[-65.036267,-26.232749],[-65.272068,-26.17315],[-65.297906,-26.081736]]]},"properties":{"id":"90112","nombre":"Trancas","nombre_completo":"Departamento Trancas","provincia":{"id":"90","nombre":"Tucumán","interseccion":0},"fuente":"IGN","categoria":"Departamento","centroide":{"lon":-65.40582079,"lat":-26.343412336}}},
{"type":"Feature","geometry":{"type":"Polygon","coordinates":[[[-65.710922,-26.356503],[-66.099757,-26.220486],[-66.094091,-26.248591],[-66.11913,-26.376967],[-66.154844,-26.443666],[-66.163891,-26.501811],[-66.172311,-26.628952],[-66.04219,-26.600372],[-65.83266,-26.737917],[-65.881452,-26.806165],[-65.900475,-26.86379],[-65.85779,-26.929196],[-65.874895,-26.932913],[-65.88983,-26.969776],[-65.854179,-27.016446],[-65.770541,-27.092378],[-65.71242,-26.972181],[-65.663151,-26.910211],[-65.628707,-26.87629],[-65.633837,-26.811309],[-65.710847,-26.738778],[-65.694986,-26.717768],[-65.755589,-26.601056],[-65.721542,-26.542421],[-65.722338,-26.521405],[-65.725319,-26.386975],[-65.710922,-26.356503]]]},"properties":{"id":"90098","nombre":"Tafí del Valle","nombre_completo":"Departamento Tafí del Valle","provincia":{"id":"90","nombre":"Tucumán","interseccion":0},"fuente":"IGN","categoria":"Departamento","centroide":{"lon":-65.889350483,"lat":-26.591468602}}},
{"type":"Feature","geometry":{"type":"Polygon","coordinates":[[[-65.406417,-32.617787],[-65.435956,-32.52393],[-65.405097,-32.268551],[-65.698277,-32.203686],[-65.780288,-32.239871],[-65.996765,-32.612739],[-66.100552,-32.632055],[-66.085096,-32.797213],[-65.838245,-32.794572],[-65.717763,-32.925727],[-65.619973,-32.919511],[-65.611691,-32.872226],[-65.512734,-32.85707],[-65.406417,-32.617787]]]},"properties":{"id":"74063","nombre":"Libertador General San Martín","nombre_completo":"Departamento Libertador General San Martín","provincia":{"id":"74","nombre":"San Luis","interseccion":0},"fuente":"IGN","categoria":"Departamento","centroide":{"lon":-65.709588772,"lat":-32.578419238}}},
{"type":"Feature","geometry":{"type":"Polygon","coordinates":[[[-66.185493,-32.651066],[-66.183484,-32.60197],[-66.201614,-32.58215],[-66.202883,-32.572438],[-66.222972,-32.584692],[-66.236169,-32.614411],[-66.216972,-32.912584],[-66.186607,-32.990805],[-66.2048,-33.002429],[-66.204144,-33.077017],[-66.215246,-33.084328],[-66.228309,-33.168576],[-66.102543,-33.277293],[-66.110121,-33.383434],[-65.792911,-33.507467],[-65.786638,-33.438461],[-65.557004,-33.469822],[-65.563708,-33.411776],[-65.607786,-33.285603],[-65.616629,-33.075557],[-65.559996,-33.006407],[-65.578013,-33.012176],[-65.565871,-32.942925],[-65.509809,-32.899139],[-65.611691,-32.872226],[-65.619973,-32.919511],[-65.717763,-32.925727],[-65.838245,-32.794572],[-66.085096,-32.797213],[-66.166681,-32.740281],[-66.153821,-32.649479],[-66.185493,-32.651066]]]},"properties":{"id":"74021","nombre":"Coronel Pringles","nombre_completo":"Departamento Coronel Pringles","provincia":{"id":"74","nombre":"San Luis","interseccion":0},"fuente":"IGN","categoria":"Departamento","centroide":{"lon":-65.900790206,"lat":-33.106882057}}},
{"type":"Feature","geometry":{"type":"Polygon","coordinates":[[[-64.919446,-32.479363],[-65.238861,-32.493277],[-65.300141,-32.527542],[-65.348567,-32.552602],[-65.406417,-32.617787],[-65.512734,-32.85707],[-65.508902,-32.901444],[-65.565871,-32.942925],[-65.578013,-33.012176],[-65.479039,-32.95984],[-65.283225,-32.906557],[-65.17005,-32.926011],[-65.013894,-32.961802],[-64.99278,-32.945166],[-64.944619,-32.767336],[-64.909919,-32.642167],[-64.919446,-32.479363]]]},"properties":{"id":"74028","nombre":"Chacabuco","nombre_completo":"Departamento Chacabuco","provincia":{"id":"74","nombre":"San Luis","interseccion":0},"fuente":"IGN","categoria":"Departamento","centroide":{"lon":-65.198209788,"lat":-32.727076866}}},
{"type":"Feature","geometry":{"type":"Polygon","coordinates":[[[-58.506782,-34.63583],[-58.519216,-34.633028],[-58.530367,-34.634814],[-58.529205,-34.654751],[-58.50262,-34.674594],[-58.464394,-34.660066],[-58.460366,-34.656824],[-58.466998,-34.651486],[-58.462963,-34.646188],[-58.469206,-34.641414],[-58.471267,-34.636673],[-58.476036,-34.638952],[-58.478509,-34.637012],[-58.502262,-34.645836],[-58.506782,-34.63583]]]},"properties":{"id":"02063","nombre":"Comuna 9","nombre_completo":"Comuna 9","provincia":{"id":"02","nombre":"Ciudad Autónoma de Buenos Aires","interseccion":0},"fuente":"IGN","categoria":"Comuna","centroide":{"lon":-58.499175174,"lat":-34.651788797}}},
{"type":"Feature","geometry":{"type":"Polygon","coordinates":[[[-65.245829,-32.089015],[-65.775465,-31.889097],[-65.811214,-32.059263],[-65.683868,-32.062648],[-65.717326,-32.211909],[-65.698277,-32.203686],[-65.405097,-32.268551],[-65.435956,-32.52393],[-65.348567,-32.552602],[-65.300141,-32.527542],[-65.238861,-32.493277],[-64.919446,-32.479363],[-64.929844,-32.42325],[-64.941407,-32.298344],[-64.97718,-32.321351],[-65.212045,-32.326736],[-65.2249,-32.167799],[-65.245829,-32.089015]]]},"properties":{"id":"74049","nombre":"Junín","nombre_completo":"Departamento Junín","provincia":{"id":"74","nombre":"San Luis","interseccion":0},"fuente":"IGN","categoria":"Departamento","centroide":{"lon":-65.394843119,"lat":-32.216301666}}},
{"type":"Feature","geometry":{"type":"Polygon","coordinates":[[[-62.558011,-29.482397],[-62.497828,-29.442757],[-62.891456,-29.283612],[-62.891542,-29.202104],[-62.995894,-29.202019],[-62.994243,-29.21857],[-63.157838,-29.312376],[-63.133464,-29.317827],[-63.128039,-29.405347],[-62.883792,-29.636459],[-62.848975,-29.748771],[-62.805775,-29.781894],[-62.829228,-29.841586],[-62.820277,-29.903936],[-62.785849,-29.940024],[-62.753622,-29.966419],[-62.723878,-29.990808],[-62.654993,-30.007345],[-62.674742,-30.035185],[-62.608507,-30.056461],[-62.436146,-29.949579],[-62.437844,-29.596778],[-62.533618,-29.596851],[-62.558011,-29.482397]]]},"properties":{"id":"86112","nombre":"Mitre","nombre_completo":"Departamento Mitre","provincia":{"id":"86","nombre":"Santiago del Estero","interseccion":0},"fuente":"IGN","categoria":"Departamento","centroide":{"lon":-62.738675756,"lat":-29.615049032}}},
{"type":"Feature","geometry":{"type":"Polygon","coordinates":[[[-63.78646,-28.435725],[-63.838894,-28.40506],[-63.851277,-28.391108],[-64.019708,-28.488065],[-64.043499,-28.593775],[-64.206275,-28.596173],[-64.23441,-28.682425],[-64.138749,-28.794371],[-64.109868,-28.833573],[-63.95628,-28.87133],[-63.739373,-28.930951],[-63.592891,-28.876249],[-63.658616,-28.793683],[-63.552603,-28.728759],[-63.581536,-28.648223],[-63.699556,-28.545765],[-63.68985,-28.518852],[-63.78646,-28.435725]]]},"properties":{"id":"86021","nombre":"Atamisqui","nombre_completo":"Departamento Atamisqui","provincia":{"id":"86","nombre":"Santiago del Estero","interseccion":0},"fuente":"IGN","categoria":"Departamento","centroide":{"lon":-63.881563998,"lat":-28.69181817}}},
{"type":"Feature","geometry":{"type":"Polygon","coordinates":[[[-57.387708,-27.421561],[-57.793517,-27.341484],[-57.742363,-27.355633],[-57.875954,-27.43956],[-57.836723,-27.482002],[-57.790596,-27.505714],[-57.684235,-27.49383],[-57.689507,-27.572962],[-57.548527,-27.651056],[-57.387708,-27.421561]]]},"properties":{"id":"18014","nombre":"Berón de Astrada","nombre_completo":"Departamento Berón de Astrada","provincia":{"id":"18","nombre":"Corrientes","interseccion":0},"fuente":"IGN","categoria":"Departamento","centroide":{"lon":-57.611380771,"lat":-27.47797044}}},
{"type":"Feature","geometry":{"type":"Polygon","coordinates":[[[-65.977242,-54.59842],[-66.468948,-54.47716],[-66.949002,-54.188489],[-68.607937,-54.188546],[-68.608954,-54.424099],[-68.531285,-54.440567],[-68.368232,-54.457498],[-68.369767,-54.619811],[-67.392451,-54.619811],[-67.38777,-54.744201],[-67.006266,-54.747967],[-67.002579,-54.598425],[-65.977242,-54.59842]]]},"properties":{"id":"94011","nombre":"Tolhuin","nombre_completo":"Departamento Tolhuin","provincia":{"id":"94","nombre":"Tierra del Fuego, Antártida e Islas del Atlántico Sur","interseccion":0},"fuente":"IGN","categoria":"Departamento","centroide":{"lon":-67.503484945,"lat":-54.424560895}}},
{"type":"Feature","geometry":{"type":"Polygon","coordinates":[[[-55.816538,-27.476184],[-55.896346,-27.342718],[-56.028888,-27.382855],[-56.055421,-27.420687],[-56.026635,-27.507277],[-55.9789,-27.5402],[-55.850848,-27.758415],[-55.777877,-27.73242],[-55.772897,-27.690905],[-55.752531,-27.716966],[-55.619567,-27.715007],[-55.609842,-27.644511],[-55.655829,-27.6386],[-55.674819,-27.593408],[-55.723014,-27.589028],[-55.778566,-27.498841],[-55.816538,-27.476184]]]},"properties":{"id":"54028","nombre":"Capital","nombre_completo":"Departamento Capital","provincia":{"id":"54","nombre":"Misiones","interseccion":0},"fuente":"IGN","categoria":"Departamento","centroide":{"lon":-55.856583337,"lat":-27.550525929}}},
{"type":"Feature","geometry":{"type":"Polygon","coordinates":[[[-55.281854,-27.414587],[-55.305154,-27.40614],[-55.324216,-27.403266],[-55.346921,-27.3951],[-55.386375,-27.390248],[-55.379938,-27.378666],[-55.416214,-27.382307],[-55.408433,-27.389668],[-55.462183,-27.372977],[-55.485203,-27.321766],[-55.503948,-27.298575],[-55.587623,-27.31334],[-55.816538,-27.476184],[-55.778566,-27.498841],[-55.723014,-27.589028],[-55.674819,-27.593408],[-55.63898,-27.626127],[-55.499666,-27.537438],[-55.281854,-27.414587]]]},"properties":{"id":"54021","nombre":"Candelaria","nombre_completo":"Departamento Candelaria","provincia":{"id":"54","nombre":"Misiones","interseccion":0},"fuente":"IGN","categoria":"Departamento","centroide":{"lon":-55.582690038,"lat":-27.460850055}}},
{"type":"Feature","geometry":{"type":"Polygon","coordinates":[[[-63.692344,-26.478669],[-63.877283,-26.721246],[-64.162415,-26.697073],[-64.282071,-26.568611],[-64.508357,-26.553957],[-64.498582,-26.67359],[-64.58702,-26.657929],[-64.617889,-26.802693],[-64.707391,-26.82004],[-64.742586,-27.00441],[-64.766864,-27.014813],[-64.798546,-27.150766],[-64.764361,-27.185531],[-64.680976,-27.233682],[-64.570414,-27.338507],[-64.558122,-27.309456],[-64.487469,-27.352839],[-64.44518,-27.174764],[-64.177974,-27.198591],[-64.176707,-27.10862],[-64.085452,-27.142949],[-63.989981,-27.030282],[-63.989021,-26.904399],[-63.823954,-26.924318],[-63.657187,-26.925117],[-63.68207,-26.907029],[-63.689121,-26.865263],[-63.65456,-26.665873],[-63.652537,-26.59698],[-63.646715,-26.528104],[-63.692344,-26.478669]]]},"properties":{"id":"86091","nombre":"Jiménez","nombre_completo":"Departamento Jiménez","provincia":{"id":"86","nombre":"Santiago del Estero","interseccion":0},"fuente":"IGN","categoria":"Departamento","centroide":{"lon":-64.272473667,"lat":-26.899608103}}},
{"type":"Feature","geometry":{"type":"Polygon","coordinates":[[[-61.728495,-38.657088],[-61.742365,-38.627211],[-61.818412,-38.687872],[-61.847934,-38.665363],[-61.925669,-38.731246],[-62.061985,-38.712333],[-62.181919,-38.817287],[-62.073409,-38.925111],[-61.45573,-38.995401],[-61.698761,-38.781423],[-61.715451,-38.714322],[-61.728495,-38.657088]]]},"properties":{"id":"06182","nombre":"Coronel de Marina Leonardo Rosales","nombre_completo":"Partido de Coronel de Marina Leonardo Rosales","provincia":{"id":"06","nombre":"Buenos Aires","interseccion":0},"fuente":"IGN","categoria":"Partido","centroide":{"lon":-61.83558442,"lat":-38.849077328}}},
{"type":"Feature","geometry":{"type":"Polygon","coordinates":[[[-59.240136,-33.896258],[-59.302739,-33.852853],[-59.289171,-33.82628],[-59.22272,-33.813425],[-59.254822,-33.793884],[-59.239807,-33.730103],[-59.393678,-33.736573],[-59.456482,-33.719177],[-59.475708,-33.658386],[-59.496304,-33.646053],[-59.562577,-33.759372],[-59.510109,-33.778837],[-59.653019,-33.917206],[-59.754392,-34.013563],[-59.707232,-34.09359],[-59.722274,-34.13107],[-59.562088,-34.167967],[-59.406464,-34.06095],[-59.341038,-34.042568],[-59.319635,-34.023797],[-59.345587,-33.952398],[-59.340883,-33.92538],[-59.260541,-33.941577],[-59.240136,-33.896258]]]},"properties":{"id":"06070","nombre":"Baradero","nombre_completo":"Partido de Baradero","provincia":{"id":"06","nombre":"Buenos Aires","interseccion":0},"fuente":"IGN","categoria":"Partido","centroide":{"lon":-59.492787138,"lat":-33.931961377}}},
{"type":"Feature","geometry":{"type":"Polygon","coordinates":[[[-59.562577,-33.759372],[-59.489098,-33.643329],[-59.529764,-33.633392],[-59.612778,-33.695168],[-59.65891,-33.620037],[-59.726635,-33.603886],[-59.778388,-33.606682],[-59.827921,-33.581359],[-60.041144,-33.768819],[-60.072709,-33.778856],[-59.779343,-34.013386],[-59.653019,-33.917206],[-59.510109,-33.778837],[-59.562577,-33.759372]]]},"properties":{"id":"06770","nombre":"San Pedro","nombre_completo":"Partido de San Pedro","provincia":{"id":"06","nombre":"Buenos Aires","interseccion":0},"fuente":"IGN","categoria":"Partido","centroide":{"lon":-59.782626011,"lat":-33.78098602}}},
{"type":"Feature","geometry":{"type":"Polygon","coordinates":[[[-64.503468,-22.521971],[-64.617104,-22.205164],[-65.186567,-22.08535],[-65.22678,-22.320674],[-65.281721,-22.413425],[-65.347295,-22.526002],[-65.284689,-22.541436],[-65.15069,-22.60435],[-65.057623,-22.54435],[-64.84379,-22.599392],[-64.848544,-22.515669],[-64.794633,-22.512343],[-64.753304,-22.733214],[-64.795665,-22.80117],[-64.759176,-22.802991],[-64.672512,-22.754193],[-64.610031,-22.668431],[-64.503304,-22.606767],[-64.503468,-22.521971]]]},"properties":{"id":"66161","nombre":"Santa Victoria","nombre_completo":"Departamento Santa Victoria","provincia":{"id":"66","nombre":"Salta","interseccion":0},"fuente":"IGN","categoria":"Departamento","centroide":{"lon":-64.895564796,"lat":-22.395891732}}},
{"type":"Feature","geometry":{"type":"Polygon","coordinates":[[[-63.132185,-21.999333],[-63.931457,-21.999377],[-64.241691,-22.557726],[-64.325086,-22.916284],[-64.32722,-22.953351],[-64.281585,-23.028942],[-64.2388,-23.096327],[-64.203406,-23.122796],[-64.20368,-23.182071],[-64.214077,-23.182128],[-64.177626,-23.234533],[-64.162403,-23.273137],[-63.844335,-23.323429],[-63.662444,-23.390945],[-63.499552,-23.451129],[-63.412514,-23.509559],[-63.395419,-23.549468],[-63.361864,-23.563194],[-63.331236,-23.625633],[-63.203688,-22.943087],[-63.123079,-22.944284],[-63.132185,-21.999333]]]},"properties":{"id":"66056","nombre":"General José de San Martín","nombre_completo":"Departamento General José de San Martín","provincia":{"id":"66","nombre":"Salta","interseccion":0},"fuente":"IGN","categoria":"Departamento","centroide":{"lon":-63.658286429,"lat":-22.714462381}}},
{"type":"Feature","geometry":{"type":"Polygon","coordinates":[[[-62.342352,-24.392113],[-62.342341,-22.456975],[-62.789596,-22.163918],[-62.811176,-21.998768],[-63.132185,-21.999333],[-63.123079,-22.944284],[-63.203688,-22.943087],[-63.331236,-23.625633],[-63.361864,-23.563194],[-63.437018,-23.710302],[-63.45781,-23.706357],[-63.508635,-23.958497],[-63.498624,-23.960204],[-63.530426,-24.127875],[-63.426997,-24.144923],[-63.344785,-24.156739],[-63.376989,-24.304161],[-63.232061,-24.322049],[-63.160991,-24.221712],[-63.05305,-24.392224],[-63.026267,-24.234043],[-62.946539,-24.27423],[-62.936936,-24.715993],[-63.234117,-24.718762],[-63.233513,-24.856568],[-63.074614,-24.855589],[-63.070694,-25.243804],[-62.342352,-24.392113]]]},"properties":{"id":"66133","nombre":"Rivadavia","nombre_completo":"Departamento Rivadavia","provincia":{"id":"66","nombre":"Salta","interseccion":0},"fuente":"IGN","categoria":"Departamento","centroide":{"lon":-62.828594022,"lat":-23.519471828}}},
{"type":"Feature","geometry":{"type":"Polygon","coordinates":[[[-65.786631,-24.055384],[-66.007818,-24.002153],[-66.193557,-24.433225],[-66.137313,-24.527457],[-66.121632,-24.597347],[-66.128239,-24.675222],[-66.115883,-24.741516],[-66.004563,-24.765538],[-65.887355,-24.939189],[-65.88454,-25.039325],[-65.851766,-25.072139],[-65.778085,-25.07103],[-65.667062,-25.054702],[-65.514914,-24.988229],[-65.54187,-24.879181],[-65.514989,-24.857543],[-65.599435,-24.806455],[-65.582332,-24.573743],[-65.660772,-24.528912],[-65.682687,-24.307724],[-65.725017,-24.186],[-65.73077,-24.144211],[-65.720861,-24.109339],[-65.786631,-24.055384]]]},"properties":{"id":"66147","nombre":"Rosario de Lerma","nombre_completo":"Departamento Rosario de Lerma","provincia":{"id":"66","nombre":"Salta","interseccion":0},"fuente":"IGN","categoria":"Departamento","centroide":{"lon":-65.853007841,"lat":-24.545751906}}},
{"type":"Feature","geometry":{"type":"Polygon","coordinates":[[[-64.657688,-23.483167],[-64.738427,-23.467616],[-64.787476,-23.496161],[-64.859555,-23.583328],[-64.920149,-23.706415],[-65.087896,-23.73797],[-65.096747,-23.856643],[-65.23274,-23.790473],[-65.295915,-23.819497],[-65.291449,-23.861422],[-65.181792,-23.925106],[-65.18209,-23.951091],[-65.223007,-23.998252],[-65.136601,-23.974286],[-65.109873,-24.032541],[-65.073254,-24.015447],[-65.001268,-24.02221],[-64.919369,-24.010652],[-64.852566,-24.050174],[-64.844108,-24.078915],[-64.783564,-24.09452],[-64.696119,-24.041602],[-64.67956,-24.016043],[-64.693555,-24.013995],[-64.664027,-23.992413],[-64.572274,-23.788499],[-64.484765,-23.700613],[-64.462014,-23.652982],[-64.448334,-23.639416],[-64.49587,-23.567137],[-64.657688,-23.483167]]]},"properties":{"id":"38035","nombre":"Ledesma","nombre_completo":"Departamento Ledesma","provincia":{"id":"38","nombre":"Jujuy","interseccion":0},"fuente":"IGN","categoria":"Departamento","centroide":{"lon":-64.828874633,"lat":-23.785485919}}},
{"type":"Feature","geometry":{"type":"Polygon","coordinates":[[[-65.306061,-22.7304],[-65.272519,-22.661924],[-65.27765,-22.646379],[-65.344713,-22.606383],[-65.410521,-22.744693],[-65.672724,-22.955179],[-65.736331,-23.229009],[-65.721125,-23.273565],[-65.743954,-23.314307],[-65.730888,-23.354565],[-65.742715,-23.412583],[-65.710449,-23.38533],[-65.534279,-23.311579],[-65.436049,-23.332132],[-65.338717,-23.39106],[-65.084494,-23.197085],[-65.04502,-23.155738],[-65.06221,-23.11878],[-65.133765,-23.001884],[-65.218238,-22.95895],[-65.274232,-22.790107],[-65.306061,-22.7304]]]},"properties":{"id":"38028","nombre":"Humahuaca","nombre_completo":"Departamento Humahuaca","provincia":{"id":"38","nombre":"Jujuy","interseccion":0},"fuente":"IGN","categoria":"Departamento","centroide":{"lon":-65.409522749,"lat":-23.082009918}}},
{"type":"Feature","geometry":{"type":"Polygon","coordinates":[[[-65.50771,-22.525873],[-65.828482,-22.438667],[-65.92132,-22.620704],[-66.431645,-22.72857],[-66.59148,-22.852128],[-66.584886,-22.999308],[-66.281764,-22.999309],[-66.105877,-23.223333],[-66.198332,-23.391699],[-66.011199,-23.508777],[-65.987219,-23.509654],[-66.00193,-23.681883],[-65.843559,-23.481606],[-65.839277,-23.419077],[-65.833369,-23.383472],[-65.820028,-23.372941],[-65.760181,-23.415745],[-65.742715,-23.412583],[-65.730888,-23.354565],[-65.743954,-23.314307],[-65.721125,-23.273565],[-65.736331,-23.229009],[-65.672724,-22.955179],[-65.410521,-22.744693],[-65.348637,-22.551182],[-65.50771,-22.525873]]]},"properties":{"id":"38007","nombre":"Cochinoca","nombre_completo":"Departamento Cochinoca","provincia":{"id":"38","nombre":"Jujuy","interseccion":0},"fuente":"IGN","categoria":"Departamento","centroide":{"lon":-65.934726094,"lat":-22.939213078}}},
{"type":"Feature","geometry":{"type":"Polygon","coordinates":[[[-65.689892,-23.375792],[-65.755271,-23.416314],[-65.814085,-23.376359],[-65.833369,-23.383472],[-65.839277,-23.419077],[-65.843559,-23.481606],[-66.00193,-23.681883],[-66.021926,-23.861713],[-65.992573,-23.979955],[-65.94201,-23.967463],[-65.947545,-24.007161],[-65.786631,-24.055384],[-65.705044,-23.983854],[-65.688173,-23.863836],[-65.594587,-23.886364],[-65.547059,-24.021267],[-65.433091,-24.026794],[-65.353235,-23.856679],[-65.305531,-23.864253],[-65.289482,-23.862408],[-65.295915,-23.819497],[-65.377531,-23.778937],[-65.351938,-23.711975],[-65.488136,-23.684273],[-65.559881,-23.520134],[-65.63494,-23.383065],[-65.689892,-23.375792]]]},"properties":{"id":"38098","nombre":"Tumbaya","nombre_completo":"Departamento Tumbaya","provincia":{"id":"38","nombre":"Jujuy","interseccion":0},"fuente":"IGN","categoria":"Departamento","centroide":{"lon":-65.696190197,"lat":-23.743474948}}},
{"type":"Feature","geometry":{"type":"Polygon","coordinates":[[[-62.188183,-34.682722],[-62.36867,-34.650056],[-62.584849,-34.61069],[-62.642162,-34.996989],[-62.548554,-35.073872],[-62.471445,-35.010657],[-62.285185,-35.163819],[-62.166223,-35.067128],[-62.185372,-35.0507],[-62.104559,-34.984689],[-62.305054,-34.812823],[-62.188183,-34.682722]]]},"properties":{"id":"06277","nombre":"Florentino Ameghino","nombre_completo":"Partido de Florentino Ameghino","provincia":{"id":"06","nombre":"Buenos Aires","interseccion":0},"fuente":"IGN","categoria":"Partido","centroide":{"lon":-62.401716265,"lat":-34.874105806}}},
{"type":"Feature","geometry":{"type":"Polygon","coordinates":[[[-67.07991,-45.046268],[-66.359198,-45.039739],[-66.276234,-45.065339],[-66.192685,-44.981951],[-65.611322,-45.033813],[-65.519898,-44.928896],[-65.724536,-44.856523],[-65.688636,-44.716551],[-65.366338,-44.587347],[-65.216735,-44.366741],[-65.311773,-44.204271],[-65.187944,-44.035456],[-65.353212,-43.758739],[-66.459299,-43.782024],[-66.485252,-43.965725],[-66.675919,-44.07436],[-66.974312,-44.592419],[-67.015818,-44.651926],[-67.048195,-44.668427],[-67.092657,-44.721024],[-67.07991,-45.046268]]]},"properties":{"id":"26028","nombre":"Florentino Ameghino","nombre_completo":"Departamento Florentino Ameghino","provincia":{"id":"26","nombre":"Chubut","interseccion":0},"fuente":"IGN","categoria":"Departamento","centroide":{"lon":-66.130264108,"lat":-44.423136927}}},
{"type":"Feature","geometry":{"type":"Polygon","coordinates":[[[-65.511271,-27.614121],[-65.532296,-27.622768],[-65.547585,-27.6092],[-65.672107,-27.636182],[-65.710238,-27.60972],[-65.752689,-27.65699],[-65.770008,-27.741272],[-65.719306,-27.816268],[-65.666266,-27.973235],[-65.612599,-27.991293],[-65.576328,-28.014123],[-65.500113,-27.92414],[-65.436201,-27.886491],[-65.511271,-27.614121]]]},"properties":{"id":"90049","nombre":"La Cocha","nombre_completo":"Departamento La Cocha","provincia":{"id":"90","nombre":"Tucumán","interseccion":0},"fuente":"IGN","categoria":"Departamento","centroide":{"lon":-65.597787708,"lat":-27.794060481}}},
{"type":"Feature","geometry":{"type":"Polygon","coordinates":[[[-65.341667,-27.537119],[-65.518329,-27.549329],[-65.535178,-27.621513],[-65.511271,-27.614121],[-65.436201,-27.886491],[-65.364667,-27.845792],[-65.170798,-27.946465],[-65.178132,-27.916417],[-65.039037,-27.879261],[-64.986025,-27.741646],[-65.027115,-27.587145],[-65.024248,-27.559542],[-65.115061,-27.568189],[-65.168706,-27.565586],[-65.341667,-27.537119]]]},"properties":{"id":"90035","nombre":"Graneros","nombre_completo":"Departamento Graneros","provincia":{"id":"90","nombre":"Tucumán","interseccion":0},"fuente":"IGN","categoria":"Departamento","centroide":{"lon":-65.255036028,"lat":-27.713277596}}},
{"type":"Feature","geometry":{"type":"Polygon","coordinates":[[[-65.758568,-27.526786],[-65.878695,-27.514593],[-65.931572,-27.438435],[-65.97573,-27.493506],[-65.915396,-27.66914],[-65.828908,-27.812795],[-65.820693,-27.820355],[-65.753235,-27.76997],[-65.770008,-27.741272],[-65.752689,-27.65699],[-65.710238,-27.60972],[-65.672107,-27.636182],[-65.549641,-27.608981],[-65.535172,-27.621489],[-65.516747,-27.550285],[-65.601425,-27.515847],[-65.758568,-27.526786]]]},"properties":{"id":"90042","nombre":"Juan Bautista Alberdi","nombre_completo":"Departamento Juan Bautista Alberdi","provincia":{"id":"90","nombre":"Tucumán","interseccion":0},"fuente":"IGN","categoria":"Departamento","centroide":{"lon":-65.783191259,"lat":-27.606075702}}},
{"type":"Feature","geometry":{"type":"Polygon","coordinates":[[[-65.612311,-27.409176],[-65.930335,-27.383345],[-65.96753,-27.399075],[-65.931572,-27.438435],[-65.878695,-27.514593],[-65.758568,-27.526786],[-65.545089,-27.541513],[-65.532191,-27.484938],[-65.558428,-27.47997],[-65.604662,-27.409998],[-65.612311,-27.409176]]]},"properties":{"id":"90077","nombre":"Río Chico","nombre_completo":"Departamento Río Chico","provincia":{"id":"90","nombre":"Tucumán","interseccion":0},"fuente":"IGN","categoria":"Departamento","centroide":{"lon":-65.751826639,"lat":-27.450120354}}},
{"type":"Feature","geometry":{"type":"Polygon","coordinates":[[[-65.335006,-27.216514],[-65.446047,-27.216926],[-65.470072,-27.299977],[-65.460919,-27.327029],[-65.487186,-27.404635],[-65.558428,-27.47997],[-65.532191,-27.484938],[-65.545089,-27.541513],[-65.407263,-27.540375],[-65.348071,-27.524316],[-65.341667,-27.537119],[-65.168706,-27.565586],[-65.115061,-27.568189],[-65.024248,-27.559542],[-64.991676,-27.571277],[-65.063131,-27.44233],[-65.063288,-27.46163],[-65.088642,-27.438572],[-65.111454,-27.426428],[-65.157239,-27.371957],[-65.300805,-27.267266],[-65.335006,-27.216514]]]},"properties":{"id":"90091","nombre":"Simoca","nombre_completo":"Departamento Simoca","provincia":{"id":"90","nombre":"Tucumán","interseccion":0},"fuente":"IGN","categoria":"Departamento","centroide":{"lon":-65.292484779,"lat":-27.423837061}}},
{"type":"Feature","geometry":{"type":"Polygon","coordinates":[[[-65.922897,-27.095654],[-66.005688,-27.103609],[-66.078763,-27.209464],[-66.109951,-27.215521],[-66.029273,-27.298152],[-65.96753,-27.399075],[-65.930335,-27.383345],[-65.612311,-27.409176],[-65.604662,-27.409998],[-65.487186,-27.404635],[-65.460919,-27.327029],[-65.517313,-27.292433],[-65.922897,-27.095654]]]},"properties":{"id":"90021","nombre":"Chicligasta","nombre_completo":"Departamento Chicligasta","provincia":{"id":"90","nombre":"Tucumán","interseccion":0},"fuente":"IGN","categoria":"Departamento","centroide":{"lon":-65.811063721,"lat":-27.269601868}}},
{"type":"Feature","geometry":{"type":"Polygon","coordinates":[[[-65.592359,-26.933541],[-65.656217,-26.927838],[-65.71242,-26.972181],[-65.770541,-27.092378],[-65.854179,-27.016446],[-65.88983,-26.969776],[-65.913799,-26.982644],[-65.964306,-27.033103],[-65.922897,-27.095654],[-65.517313,-27.292433],[-65.470072,-27.299977],[-65.446047,-27.216926],[-65.400063,-27.174589],[-65.362212,-27.175736],[-65.485043,-27.09576],[-65.490398,-27.019647],[-65.592359,-26.933541]]]},"properties":{"id":"90070","nombre":"Monteros","nombre_completo":"Departamento Monteros","provincia":{"id":"90","nombre":"Tucumán","interseccion":0},"fuente":"IGN","categoria":"Departamento","centroide":{"lon":-65.643076881,"lat":-27.110620171}}},
{"type":"Feature","geometry":{"type":"Polygon","coordinates":[[[-65.251082,-26.973261],[-65.294593,-26.922572],[-65.314031,-26.986476],[-65.300534,-27.02012],[-65.314751,-27.010012],[-65.351351,-27.087395],[-65.389996,-27.088708],[-65.421944,-27.112146],[-65.426517,-27.127741],[-65.409378,-27.137503],[-65.414286,-27.14579],[-65.368866,-27.162067],[-65.335006,-27.216514],[-65.300805,-27.267266],[-65.157239,-27.371957],[-65.111454,-27.426428],[-65.088642,-27.438572],[-65.063288,-27.46163],[-65.063131,-27.44233],[-65.008868,-27.483713],[-64.974365,-27.350918],[-64.854259,-27.318301],[-64.781173,-27.076613],[-65.046546,-27.015125],[-65.121313,-27.025949],[-65.256503,-27.022298],[-65.251082,-26.973261]]]},"properties":{"id":"90056","nombre":"Leales","nombre_completo":"Departamento Leales","provincia":{"id":"90","nombre":"Tucumán","interseccion":0},"fuente":"IGN","categoria":"Departamento","centroide":{"lon":-65.084864735,"lat":-27.191883176}}},
{"type":"Feature","geometry":{"type":"Polygon","coordinates":[[[-61.558839,-31.850133],[-61.539067,-31.76801],[-61.613253,-31.754531],[-61.613747,-31.767674],[-61.712692,-31.749632],[-62.030284,-31.673633],[-62.022062,-31.639974],[-62.139716,-31.618346],[-62.241683,-31.699677],[-62.167797,-31.98601],[-62.19678,-32.11477],[-62.178877,-32.159422],[-62.037889,-32.262914],[-62.012276,-32.345524],[-61.903751,-32.32745],[-61.912431,-32.307208],[-61.495218,-32.38325],[-61.391942,-32.210239],[-61.355358,-32.082715],[-61.34776,-31.866572],[-61.392776,-31.857951],[-61.397582,-31.878353],[-61.558839,-31.850133]]]},"properties":{"id":"82126","nombre":"San Martín","nombre_completo":"Departamento San Martín","provincia":{"id":"82","nombre":"Santa Fe","interseccion":0},"fuente":"IGN","categoria":"Departamento","centroide":{"lon":-61.809074201,"lat":-32.012270646}}},
{"type":"Feature","geometry":{"type":"Polygon","coordinates":[[[-54.602599,-27.178386],[-54.700569,-27.212352],[-54.835141,-27.248647],[-54.832774,-27.356496],[-54.820414,-27.386008],[-54.926562,-27.354554],[-54.90904,-27.388185],[-54.924203,-27.409103],[-54.913935,-27.43413],[-54.910378,-27.491033],[-54.87915,-27.520399],[-54.860063,-27.60221],[-54.846471,-27.619708],[-54.809366,-27.53094],[-54.678955,-27.573926],[-54.581656,-27.453407],[-54.526907,-27.506314],[-54.295075,-27.398922],[-54.316326,-27.392265],[-54.321302,-27.373742],[-54.364459,-27.252345],[-54.348242,-27.254153],[-54.352342,-27.232606],[-54.584215,-27.274966],[-54.605605,-27.240739],[-54.593044,-27.219352],[-54.602599,-27.178386]]]},"properties":{"id":"54119","nombre":"25 de Mayo","nombre_completo":"Departamento 25 de Mayo","provincia":{"id":"54","nombre":"Misiones","interseccion":0},"fuente":"IGN","categoria":"Departamento","centroide":{"lon":-54.634090486,"lat":-27.378614362}}},
{"type":"Feature","geometry":{"type":"Polygon","coordinates":[[[-55.079756,-27.187982],[-55.135969,-27.183564],[-55.147824,-27.276205],[-55.190107,-27.296037],[-55.213713,-27.315145],[-55.21701,-27.329845],[-55.281906,-27.392726],[-55.281854,-27.414587],[-55.365252,-27.461439],[-55.330346,-27.465451],[-55.329654,-27.479208],[-55.180987,-27.62192],[-55.075547,-27.619],[-55.036179,-27.661345],[-54.94217,-27.775643],[-54.846471,-27.619708],[-54.860063,-27.60221],[-54.87915,-27.520399],[-54.910378,-27.491033],[-54.913935,-27.43413],[-54.92425,-27.410569],[-54.909078,-27.388643],[-54.916851,-27.364367],[-54.93809,-27.370718],[-55.079756,-27.187982]]]},"properties":{"id":"54091","nombre":"Oberá","nombre_completo":"Departamento Oberá","provincia":{"id":"54","nombre":"Misiones","interseccion":0},"fuente":"IGN","categoria":"Departamento","centroide":{"lon":-55.071222111,"lat":-27.476363601}}},
{"type":"Feature","geometry":{"type":"Polygon","coordinates":[[[-61.209783,-30.747944],[-61.42313,-30.711694],[-61.438066,-30.77608],[-61.844051,-30.750383],[-62.123495,-31.605408],[-62.139716,-31.618346],[-62.022062,-31.639974],[-62.030284,-31.673633],[-61.712692,-31.749632],[-61.541434,-31.767575],[-61.499352,-31.588328],[-61.391599,-31.539274],[-61.209783,-30.747944]]]},"properties":{"id":"82021","nombre":"Castellanos","nombre_completo":"Departamento Castellanos","provincia":{"id":"82","nombre":"Santa Fe","interseccion":0},"fuente":"IGN","categoria":"Departamento","centroide":{"lon":-61.657258446,"lat":-31.23146155}}},
{"type":"Feature","geometry":{"type":"Polygon","coordinates":[[[-63.385445,-35.905471],[-63.940406,-35.90445],[-63.943343,-36.35557],[-63.385555,-36.356316],[-63.385445,-35.905471]]]},"properties":{"id":"42119","nombre":"Quemú Quemú","nombre_completo":"Departamento Quemú Quemú","provincia":{"id":"42","nombre":"La Pampa","interseccion":0},"fuente":"IGN","categoria":"Departamento","centroide":{"lon":-63.663730013,"lat":-36.130640566}}},
{"type":"Feature","geometry":{"type":"Polygon","coordinates":[[[-64.180216,-37.707772],[-64.179601,-37.661367],[-64.172098,-36.986759],[-65.634782,-36.965811],[-65.999749,-36.961395],[-65.977724,-37.683216],[-65.654886,-37.675961],[-65.654651,-37.690144],[-64.180216,-37.707772]]]},"properties":{"id":"42154","nombre":"Utracán","nombre_completo":"Departamento Utracán","provincia":{"id":"42","nombre":"La Pampa","interseccion":0},"fuente":"IGN","categoria":"Departamento","centroide":{"lon":-65.082831668,"lat":-37.333879481}}},
{"type":"Feature","geometry":{"type":"Polygon","coordinates":[[[-56.640598,-28.262726],[-56.880928,-28.235033],[-57.215617,-28.499369],[-57.164395,-28.631326],[-57.271001,-28.957141],[-57.45814,-29.120584],[-57.476669,-29.182554],[-57.100868,-29.257418],[-56.866684,-29.201643],[-56.838651,-29.498216],[-56.578546,-29.116609],[-56.704205,-28.821909],[-56.624283,-28.537325],[-56.592945,-28.537596],[-56.596931,-28.492958],[-56.52924,-28.359777],[-56.640598,-28.262726]]]},"properties":{"id":"18147","nombre":"San Martín","nombre_completo":"Departamento San Martín","provincia":{"id":"18","nombre":"Corrientes","interseccion":0},"fuente":"IGN","categoria":"Departamento","centroide":{"lon":-56.931583511,"lat":-28.828980149}}},
{"type":"Feature","geometry":{"type":"Polygon","coordinates":[[[-57.476669,-29.182554],[-57.546752,-29.2126],[-57.538678,-29.259416],[-57.578899,-29.334051],[-57.503208,-29.449249],[-57.587873,-29.689348],[-57.678173,-29.819057],[-57.639626,-29.986542],[-57.609131,-30.020803],[-57.566921,-30.042349],[-57.628218,-30.174459],[-56.838651,-29.498216],[-56.866684,-29.201643],[-57.100868,-29.257418],[-57.476669,-29.182554]]]},"properties":{"id":"18119","nombre":"Paso de los Libres","nombre_completo":"Departamento Paso de los Libres","provincia":{"id":"18","nombre":"Corrientes","interseccion":0},"fuente":"IGN","categoria":"Departamento","centroide":{"lon":-57.299633836,"lat":-29.59363634}}},
{"type":"Feature","geometry":{"type":"Polygon","coordinates":[[[-58.813267,-29.238363],[-58.787984,-29.112331],[-59.183426,-29.059797],[-59.211496,-29.094438],[-59.234397,-29.071425],[-59.346766,-29.11435],[-59.519788,-29.343189],[-59.604283,-29.394743],[-59.579953,-29.459848],[-59.590185,-29.569779],[-59.613979,-29.668765],[-59.617549,-29.77584],[-59.6047,-29.902666],[-59.56948,-30.01901],[-59.545568,-30.016549],[-59.382051,-29.824443],[-59.307452,-29.800356],[-59.261703,-29.78327],[-59.056438,-29.580484],[-58.886032,-29.41404],[-58.87458,-29.389759],[-58.863468,-29.345491],[-58.792229,-29.269186],[-58.813267,-29.238363]]]},"properties":{"id":"18070","nombre":"Goya","nombre_completo":"Departamento Goya","provincia":{"id":"18","nombre":"Corrientes","interseccion":0},"fuente":"IGN","categoria":"Departamento","centroide":{"lon":-59.255912152,"lat":-29.451453509}}},
{"type":"Feature","geometry":{"type":"Polygon","coordinates":[[[-59.038349,-28.793287],[-59.160454,-28.794789],[-59.158075,-28.877356],[-59.199715,-29.031545],[-59.234397,-29.071425],[-59.211496,-29.094438],[-59.183426,-29.059797],[-58.787984,-29.112331],[-58.813267,-29.238363],[-58.76226,-29.217735],[-58.730232,-29.178719],[-58.687344,-29.118032],[-58.673637,-29.103195],[-58.618732,-29.067238],[-58.70874,-28.951208],[-59.041962,-28.811935],[-59.038349,-28.793287]]]},"properties":{"id":"18091","nombre":"Lavalle","nombre_completo":"Departamento Lavalle","provincia":{"id":"18","nombre":"Corrientes","interseccion":0},"fuente":"IGN","categoria":"Departamento","centroide":{"lon":-58.933723256,"lat":-28.987990488}}},
{"type":"Feature","geometry":{"type":"Polygon","coordinates":[[[-58.307365,-28.832933],[-58.422886,-28.740574],[-58.508568,-28.783726],[-58.490421,-28.646807],[-58.311817,-28.451077],[-58.460434,-28.336666],[-58.600182,-28.45735],[-58.73615,-28.58844],[-58.952117,-28.773113],[-58.98975,-28.825428],[-58.70874,-28.951208],[-58.582127,-29.022694],[-58.451664,-28.93054],[-58.377728,-28.892904],[-58.340234,-28.882304],[-58.307365,-28.832933]]]},"properties":{"id":"18161","nombre":"San Roque","nombre_completo":"Departamento San Roque","provincia":{"id":"18","nombre":"Corrientes","interseccion":0},"fuente":"IGN","categoria":"Departamento","centroide":{"lon":-58.613035902,"lat":-28.705807189}}},
{"type":"Feature","geometry":{"type":"Polygon","coordinates":[[[-56.43005,-28.440952],[-56.596931,-28.492958],[-56.592945,-28.537596],[-56.624283,-28.537325],[-56.704205,-28.821909],[-56.578546,-29.116609],[-56.419525,-29.078981],[-56.30629,-28.79283],[-56.450665,-28.693317],[-56.365456,-28.619799],[-56.43005,-28.440952]]]},"properties":{"id":"18056","nombre":"General Alvear","nombre_completo":"Departamento General Alvear","provincia":{"id":"18","nombre":"Corrientes","interseccion":0},"fuente":"IGN","categoria":"Departamento","centroide":{"lon":-56.511530434,"lat":-28.775163187}}},
{"type":"Feature","geometry":{"type":"Polygon","coordinates":[[[-57.627571,-28.136196],[-57.777597,-27.971318],[-58.133297,-28.120834],[-58.306973,-28.205576],[-58.430818,-28.301777],[-58.311817,-28.451077],[-58.490421,-28.646807],[-58.508568,-28.783726],[-58.422886,-28.740574],[-58.307365,-28.832933],[-58.305588,-28.795643],[-57.612274,-28.595654],[-57.690651,-28.501316],[-57.658833,-28.410524],[-57.627571,-28.136196]]]},"properties":{"id":"18028","nombre":"Concepción","nombre_completo":"Departamento Concepción","provincia":{"id":"18","nombre":"Corrientes","interseccion":0},"fuente":"IGN","categoria":"Departamento","centroide":{"lon":-58.031392843,"lat":-28.408399531}}},
{"type":"Feature","geometry":{"type":"Polygon","coordinates":[[[-58.992298,-28.17289],[-59.0116,-28.187397],[-59.030342,-28.190832],[-59.061775,-28.192995],[-59.087678,-28.20177],[-59.103458,-28.328816],[-59.048857,-28.493311],[-59.105013,-28.633937],[-59.078601,-28.667487],[-59.142661,-28.774474],[-59.038349,-28.793287],[-59.041962,-28.811935],[-58.952117,-28.773113],[-58.73615,-28.58844],[-58.713394,-28.44128],[-58.813704,-28.240982],[-59.032555,-28.266871],[-58.992298,-28.17289]]]},"properties":{"id":"18007","nombre":"Bella Vista","nombre_completo":"Departamento Bella Vista","provincia":{"id":"18","nombre":"Corrientes","interseccion":0},"fuente":"IGN","categoria":"Departamento","centroide":{"lon":-58.930435432,"lat":-28.497387009}}},
{"type":"Feature","geometry":{"type":"Polygon","coordinates":[[[-56.152083,-27.798644],[-56.22932,-27.769571],[-56.239689,-27.81897],[-56.321867,-27.878542],[-56.467884,-27.939465],[-56.624626,-27.850466],[-56.663376,-27.952679],[-56.779537,-28.080662],[-56.831875,-28.176758],[-56.880928,-28.235033],[-56.640598,-28.262726],[-56.52924,-28.359777],[-56.544956,-28.432724],[-56.43005,-28.440952],[-56.365456,-28.619799],[-56.450665,-28.693317],[-56.30629,-28.79283],[-56.007602,-28.604952],[-55.878303,-28.361162],[-55.696331,-28.42316],[-55.669942,-28.330763],[-55.782542,-28.253937],[-55.620259,-28.14575],[-55.716718,-28.061268],[-55.749427,-28.0271],[-55.820744,-27.949938],[-55.888371,-28.022078],[-55.874653,-27.958235],[-56.152083,-27.798644]]]},"properties":{"id":"18168","nombre":"Santo Tomé","nombre_completo":"Departamento Santo Tomé","provincia":{"id":"18","nombre":"Corrientes","interseccion":0},"fuente":"IGN","categoria":"Departamento","centroide":{"lon":-56.222176625,"lat":-28.231104129}}},
{"type":"Feature","geometry":{"type":"Polygon","coordinates":[[[-58.334587,-28.118395],[-58.457966,-27.976162],[-58.514908,-27.977043],[-58.592981,-28.001386],[-58.638569,-28.039007],[-58.817584,-28.122003],[-59.032555,-28.266871],[-58.813704,-28.240982],[-58.713394,-28.44128],[-58.653103,-28.508533],[-58.600182,-28.45735],[-58.460434,-28.336666],[-58.448031,-28.312782],[-58.316254,-28.2134],[-58.368477,-28.143345],[-58.334587,-28.118395]]]},"properties":{"id":"18126","nombre":"Saladas","nombre_completo":"Departamento Saladas","provincia":{"id":"18","nombre":"Corrientes","interseccion":0},"fuente":"IGN","categoria":"Departamento","centroide":{"lon":-58.619912888,"lat":-28.212468685}}},
{"type":"Feature","geometry":{"type":"Polygon","coordinates":[[[-57.254562,-27.473549],[-57.387708,-27.421561],[-57.548527,-27.651056],[-57.689507,-27.572962],[-57.677635,-27.502224],[-57.686867,-27.492233],[-57.776161,-27.509283],[-57.831104,-27.485617],[-58.304054,-27.795339],[-58.226856,-27.841124],[-58.104816,-27.811577],[-58.030186,-27.823702],[-58.089752,-27.871513],[-57.919472,-28.009323],[-57.593285,-27.766373],[-57.254562,-27.473549]]]},"properties":{"id":"18063","nombre":"General Paz","nombre_completo":"Departamento General Paz","provincia":{"id":"18","nombre":"Corrientes","interseccion":0},"fuente":"IGN","categoria":"Departamento","centroide":{"lon":-57.787633185,"lat":-27.719931961}}},
{"type":"Feature","geometry":{"type":"Polygon","coordinates":[[[-55.329654,-27.479208],[-55.329709,-27.465934],[-55.345956,-27.463868],[-55.365252,-27.461439],[-55.499666,-27.537438],[-55.63898,-27.626127],[-55.655829,-27.6386],[-55.609842,-27.644511],[-55.617144,-27.696994],[-55.493939,-27.708837],[-55.50141,-27.763525],[-55.331195,-27.785757],[-55.165253,-27.698335],[-55.180987,-27.62192],[-55.329654,-27.479208]]]},"properties":{"id":"54070","nombre":"Leandro N. Alem","nombre_completo":"Departamento Leandro N. Alem","provincia":{"id":"54","nombre":"Misiones","interseccion":0},"fuente":"IGN","categoria":"Departamento","centroide":{"lon":-55.388067732,"lat":-27.630665258}}},
{"type":"Feature","geometry":{"type":"Polygon","coordinates":[[[-55.036179,-27.661345],[-55.075547,-27.619],[-55.165253,-27.698335],[-55.331195,-27.785757],[-55.313111,-27.921786],[-55.029164,-27.853941],[-55.036179,-27.661345]]]},"properties":{"id":"54105","nombre":"San Javier","nombre_completo":"Departamento San Javier","provincia":{"id":"54","nombre":"Misiones","interseccion":0},"fuente":"IGN","categoria":"Departamento","centroide":{"lon":-55.167459594,"lat":-27.777103145}}},
{"type":"Feature","geometry":{"type":"Polygon","coordinates":[[[-58.089752,-27.871513],[-58.0243,-27.826029],[-58.091198,-27.815393],[-58.16853,-27.829624],[-58.147911,-27.857052],[-58.194675,-27.901176],[-58.267742,-27.945772],[-58.438828,-27.994385],[-58.334587,-28.118395],[-58.368477,-28.143345],[-58.316254,-28.2134],[-58.133297,-28.120834],[-57.919472,-28.009323],[-58.089752,-27.871513]]]},"properties":{"id":"18098","nombre":"Mburucuyá","nombre_completo":"Departamento Mburucuyá","provincia":{"id":"18","nombre":"Corrientes","interseccion":0},"fuente":"IGN","categoria":"Departamento","centroide":{"lon":-58.185563999,"lat":-28.016383899}}},
{"type":"Feature","geometry":{"type":"Polygon","coordinates":[[[-55.553211,-28.038175],[-55.553169,-28.161653],[-55.313111,-27.921786],[-55.357501,-27.77834],[-55.5234,-27.761248],[-55.577152,-27.945135],[-55.553211,-28.038175]]]},"properties":{"id":"54035","nombre":"Concepción","nombre_completo":"Departamento Concepción","provincia":{"id":"54","nombre":"Misiones","interseccion":0},"fuente":"IGN","categoria":"Departamento","centroide":{"lon":-55.467036491,"lat":-27.931167394}}},
{"type":"Feature","geometry":{"type":"Polygon","coordinates":[[[-58.879949,-27.46235],[-58.868872,-27.426537],[-58.971233,-27.334239],[-59.115187,-27.461289],[-59.404093,-27.452051],[-59.401201,-28.000064],[-58.884005,-28.000001],[-58.880822,-28.066825],[-58.857739,-28.011612],[-58.829262,-27.961873],[-58.809708,-27.783407],[-58.882746,-27.608523],[-58.871379,-27.579871],[-58.874906,-27.488555],[-58.879949,-27.46235]]]},"properties":{"id":"22140","nombre":"San Fernando","nombre_completo":"Departamento San Fernando","provincia":{"id":"22","nombre":"Chaco","interseccion":0},"fuente":"IGN","categoria":"Departamento","centroide":{"lon":-59.115443991,"lat":-27.715698289}}},
{"type":"Feature","geometry":{"type":"Polygon","coordinates":[[[-60.215359,-27.738101],[-60.21229,-27.116055],[-60.513374,-27.009848],[-60.518392,-27.464764],[-60.521903,-27.737226],[-60.215359,-27.738101]]]},"properties":{"id":"22147","nombre":"San Lorenzo","nombre_completo":"Departamento San Lorenzo","provincia":{"id":"22","nombre":"Chaco","interseccion":0},"fuente":"IGN","categoria":"Departamento","centroide":{"lon":-60.363730212,"lat":-27.393373477}}},
{"type":"Feature","geometry":{"type":"Polygon","coordinates":[[[-58.333505,-34.726984],[-58.408451,-34.660135],[-58.446915,-34.688777],[-58.333505,-34.726984]]]},"properties":{"id":"06434","nombre":"Lanús","nombre_completo":"Partido de Lanús","provincia":{"id":"06","nombre":"Buenos Aires","interseccion":0},"fuente":"IGN","categoria":"Partido","centroide":{"lon":-58.394696505,"lat":-34.705654244}}},
{"type":"Feature","geometry":{"type":"Polygon","coordinates":[[[-58.346962,-34.739344],[-58.446915,-34.688777],[-58.483902,-34.732136],[-58.500797,-34.722992],[-58.430528,-34.817248],[-58.346962,-34.739344]]]},"properties":{"id":"06490","nombre":"Lomas de Zamora","nombre_completo":"Partido de Lomas de Zamora","provincia":{"id":"06","nombre":"Buenos Aires","interseccion":0},"fuente":"IGN","categoria":"Partido","centroide":{"lon":-58.42409543,"lat":-34.754967955}}},
{"type":"Feature","geometry":{"type":"Polygon","coordinates":[[[-58.279639,-34.678642],[-58.338381,-34.633576],[-58.406505,-34.663512],[-58.333505,-34.726984],[-58.279639,-34.678642]]]},"properties":{"id":"06035","nombre":"Avellaneda","nombre_completo":"Partido de Avellaneda","provincia":{"id":"06","nombre":"Buenos Aires","interseccion":0},"fuente":"IGN","categoria":"Partido","centroide":{"lon":-58.341144545,"lat":-34.678199308}}},
{"type":"Feature","geometry":{"type":"Polygon","coordinates":[[[-59.108371,-27.226864],[-59.09989,-27.218842],[-59.171954,-27.154485],[-59.26898,-27.247977],[-59.45973,-27.409983],[-59.58098,-27.298472],[-59.582229,-27.468114],[-59.404093,-27.452051],[-59.115187,-27.461289],[-58.971233,-27.334239],[-59.028609,-27.283384],[-59.058679,-27.293954],[-59.108371,-27.226864]]]},"properties":{"id":"22077","nombre":"Libertad","nombre_completo":"Departamento Libertad","provincia":{"id":"22","nombre":"Chaco","interseccion":0},"fuente":"IGN","categoria":"Departamento","centroide":{"lon":-59.259787769,"lat":-27.349325097}}},
{"type":"Feature","geometry":{"type":"Polygon","coordinates":[[[-60.228711,-26.624283],[-60.508358,-26.525247],[-60.694459,-26.946048],[-60.412988,-27.045414],[-60.228711,-26.624283]]]},"properties":{"id":"22021","nombre":"Comandante Fernández","nombre_completo":"Departamento Comandante Fernández","provincia":{"id":"22","nombre":"Chaco","interseccion":0},"fuente":"IGN","categoria":"Departamento","centroide":{"lon":-60.461286907,"lat":-26.785390036}}},
{"type":"Feature","geometry":{"type":"Polygon","coordinates":[[[-58.46019,-34.578314],[-58.503507,-34.594469],[-58.476356,-34.600218],[-58.468877,-34.601879],[-58.446213,-34.607634],[-58.46019,-34.578314]]]},"properties":{"id":"02105","nombre":"Comuna 15","nombre_completo":"Comuna 15","provincia":{"id":"02","nombre":"Ciudad Autónoma de Buenos Aires","interseccion":0},"fuente":"IGN","categoria":"Comuna","centroide":{"lon":-58.462774022,"lat":-34.59188367}}},
{"type":"Feature","geometry":{"type":"Polygon","coordinates":[[[-68.43066,-31.5082],[-68.518741,-31.457704],[-68.642091,-31.502473],[-68.471723,-31.497277],[-68.43066,-31.5082]]]},"properties":{"id":"70042","nombre":"Chimbas","nombre_completo":"Departamento Chimbas","provincia":{"id":"70","nombre":"San Juan","interseccion":0},"fuente":"IGN","categoria":"Departamento","centroide":{"lon":-68.523928966,"lat":-31.487419695}}},
{"type":"Feature","geometry":{"type":"Polygon","coordinates":[[[-68.558915,-31.510888],[-68.566172,-31.54587],[-68.502184,-31.554445],[-68.508818,-31.506463],[-68.558915,-31.510888]]]},"properties":{"id":"70028","nombre":"Capital","nombre_completo":"Departamento Capital","provincia":{"id":"70","nombre":"San Juan","interseccion":0},"fuente":"IGN","categoria":"Departamento","centroide":{"lon":-68.534285628,"lat":-31.533074848}}},
{"type":"Feature","geometry":{"type":"Polygon","coordinates":[[[-68.642091,-31.502473],[-68.651705,-31.472364],[-68.707756,-31.563755],[-68.686499,-31.5645],[-68.694881,-31.621206],[-68.601521,-31.570886],[-68.608511,-31.543611],[-68.558915,-31.510888],[-68.642091,-31.502473]]]},"properties":{"id":"70084","nombre":"Rivadavia","nombre_completo":"Departamento Rivadavia","provincia":{"id":"70","nombre":"San Juan","interseccion":0},"fuente":"IGN","categoria":"Departamento","centroide":{"lon":-68.641623254,"lat":-31.554232539}}},
{"type":"Feature","geometry":{"type":"Polygon","coordinates":[[[-68.43066,-31.5082],[-68.471723,-31.497277],[-68.431537,-31.551176],[-68.412715,-31.531453],[-68.43066,-31.5082]]]},"properties":{"id":"70098","nombre":"Santa Lucía","nombre_completo":"Departamento Santa Lucía","provincia":{"id":"70","nombre":"San Juan","interseccion":0},"fuente":"IGN","categoria":"Departamento","centroide":{"lon":-68.463410047,"lat":-31.532719759}}},
{"type":"Feature","geometry":{"type":"Polygon","coordinates":[[[-68.019307,-31.461987],[-68.460751,-31.463119],[-68.375692,-31.568336],[-67.983931,-31.630501],[-68.030531,-31.56699],[-68.019307,-31.461987]]]},"properties":{"id":"70091","nombre":"San Martín","nombre_completo":"Departamento San Martín","provincia":{"id":"70","nombre":"San Juan","interseccion":0},"fuente":"IGN","categoria":"Departamento","centroide":{"lon":-68.207266974,"lat":-31.528545756}}},
{"type":"Feature","geometry":{"type":"Polygon","coordinates":[[[-68.601521,-31.570886],[-68.694881,-31.621206],[-68.663814,-31.736642],[-68.688909,-31.907167],[-68.433229,-31.887994],[-68.454126,-31.817666],[-68.49089,-31.790024],[-68.516219,-31.596179],[-68.601521,-31.570886]]]},"properties":{"id":"70070","nombre":"Pocito","nombre_completo":"Departamento Pocito","provincia":{"id":"70","nombre":"San Juan","interseccion":0},"fuente":"IGN","categoria":"Departamento","centroide":{"lon":-68.584679819,"lat":-31.747253905}}},
{"type":"Feature","geometry":{"type":"Polygon","coordinates":[[[-57.974604,-34.872367],[-57.996665,-34.875349],[-58.083632,-34.835145],[-58.288398,-35.017265],[-58.161419,-34.971845],[-58.177251,-35.057152],[-58.018072,-35.168111],[-58.054086,-35.236827],[-57.752355,-34.970663],[-57.895903,-34.930436],[-57.974604,-34.872367]]]},"properties":{"id":"06441","nombre":"La Plata","nombre_completo":"Partido de La Plata","provincia":{"id":"06","nombre":"Buenos Aires","interseccion":0},"fuente":"IGN","categoria":"Partido","centroide":{"lon":-58.017777789,"lat":-35.003847016}}},
{"type":"Feature","geometry":{"type":"Polygon","coordinates":[[[-57.215617,-28.499369],[-57.329388,-28.573658],[-57.612274,-28.595654],[-58.305588,-28.795643],[-58.304347,-28.837901],[-58.340234,-28.882304],[-58.377728,-28.892904],[-58.451664,-28.93054],[-58.582127,-29.022694],[-58.533657,-29.065612],[-58.372089,-29.228919],[-58.193204,-29.40306],[-58.114979,-29.440615],[-57.897861,-29.549323],[-57.80455,-29.71036],[-57.646957,-29.717011],[-57.587873,-29.689348],[-57.503208,-29.449249],[-57.578899,-29.334051],[-57.538678,-29.259416],[-57.546752,-29.2126],[-57.45814,-29.120584],[-57.271001,-28.957141],[-57.164395,-28.631326],[-57.215617,-28.499369]]]},"properties":{"id":"18105","nombre":"Mercedes","nombre_completo":"Departamento Mercedes","provincia":{"id":"18","nombre":"Corrientes","interseccion":0},"fuente":"IGN","categoria":"Departamento","centroide":{"lon":-57.818385933,"lat":-29.064506764}}}
]}